Duplication,ORF_P1,Gene_P1,ORF_P2,Gene_P2,Couple,bm_P1,bm_P2,Delta_bm,LogFold_bm,bp_P1,bp_P2,Delta_bp,LogFold_bp,Crick distance,bp/bm_P1,bp/bm_P2,cv_P1,cv_P2,pEst_P1,pEst_P2,Delta_pEst,LogFold_pEst
WGD,YAL015C,NTG1,YOL043C,Problem,YAL015C-YOL043C,0.913284089,0.7269064270000001,,,2.7476656580000003,2.43659957,,,,,,,,2.827755051,2.3303113019999997,,
WGD,YAL017W,PSK1,YOL045W,Problem,YAL017W-YOL045W,1.254301174,1.175960404,,,2.055663359,2.1723110180000003,,,,,,,,2.476769838,2.515076727,,
WGD,YAL028W,FRT2,YOR324C,Problem,YAL028W-YOR324C,0.459257349,1.026198084,,,2.366491683,2.3206156190000002,,,,,,,,1.992554336,2.513619008,,
WGD,YAL029C,MYO4,YOR326W,Problem,YAL029C-YOR326W,1.448906838,1.853410945,,,1.826800215,2.014683453,,,,,,-0.6519873620000001,-0.8021683070000001,2.442512358,3.0348997019999997,,
WGD,YAL030W,SNC1,YOR327C,Problem,YAL030W-YOR327C,1.655576335,1.826077435,,,3.5381042710000004,3.796563253,,,,,,,-0.66594856,4.36048591,4.789445993,,
SSD,YAL036C,RBG1,YGR173W,Problem,YAL036C-YGR173W,1.7186750469999998,1.643553096,,,3.092909171,3.09757803,,,,,,-0.85216915,-0.8717623290000001,3.978389522,3.9079364310000004,,
WGD,YAL038W,CDC19,YOR347C,Problem,YAL038W-YOR347C,3.594388823,1.2221495070000001,,,3.045343211,2.87713339,,,,,,-0.788612447,-0.581532979,5.806537339,3.2660882019999997,,
SSD,YAL039C,CYC3,YKL087C,Problem,YAL039C-YKL087C,0.891671019,1.082353611,,,3.449658845,3.456404744,,,,,,,,3.5081351689999996,3.70556366,,
SSD,YAL042W,ERV46,YML067C,Problem,YAL042W-YML067C,1.9708357769999998,1.617976698,,,2.78226111,2.991756253,,,,,,,-0.666149855,3.9199021910000003,3.776538255,,
WGD,YAL051W,OAF1,YOR363C,Problem,YAL051W-YOR363C,1.058766214,0.804058933,,,2.268164996,2.029507237,,,,,,,,2.493736515,2.000371475,,
WGD,YAL056W,GPB2,YOR371C,Problem,YAL056W-YOR371C,1.142968261,1.148698695,,,1.97789033,2.2231393969999997,,,,,,,,2.2876638959999998,2.538643397,,
SSD,YAL060W,BDH1,YAL061W,Problem,YAL060W-YAL061W,1.823723904,0.8870963159999999,,,2.972863264,3.073858744,,,,,,-0.5808706920000001,,3.9633924730000003,3.127760364,,
WGD,YAR042W,SWH1,YDL019C,Problem,YDL019C-YAR042W,1.344445611,1.3768942869999998,,,2.132251885,2.190274188,,,,,,,-0.647817482,2.643502801,2.733973779,,
SSD,YBL002W,HTB2,YDR224C,Problem,YBL002W-YDR224C,2.552704945,2.50743659,,,3.724892005,3.833680919,,,,,,-0.951169913,,5.444402254,5.5079228129999995,,
WGD,YBL009W,ALK2,YGL021W,Problem,YBL009W-YGL021W,1.07424294,1.254129448,,,2.637272754,2.499252524,,,,,,,,2.8783209989999996,2.9201872769999997,,
SSD,YBL011W,SCT1,YKR067W,Problem,YBL011W-YKR067W,1.4859452430000002,1.29091492,,,2.267456659,2.498850638,,,,,,-0.7022394890000001,-0.656492938,2.920207206,2.956570862,,
SSD,YBL032W,HEK2,YBR233W,Problem,YBL032W-YBR233W,1.819165317,0.8912751259999999,,,3.022276466,3.0827789930000002,,,,,,-0.8357959009999999,,4.008247088,3.140859424,,
WGD,YBL039C,URA7,YJR103W,Problem,YBL039C-YJR103W,2.037996866,1.326719751,,,2.8355393419999997,2.78330138,,,,,,-0.862171336,,4.040341513,3.2768264360000003,,
WGD,YBL054W,TOD6,YER088C,Problem,YBL054W-YER088C,1.062520558,1.3517774009999999,,,2.821483937,2.632633272,,,,,,,-0.669890745,3.0508097989999996,3.151215978,,
WGD,YBL056W,PTC3,YER089C,Problem,YBL056W-YER089C,1.88741612,1.762477384,,,2.6768930380000002,2.708140665,,,,,,-0.796967113,-0.7081873129999999,3.731114463,3.637423353,,
WGD,YBL061C,SKT5,YER096W,Problem,YBL061C-YER096W,1.390530826,-0.004159302,,,2.505393997,2.43426825,,,,,,-0.676954265,,3.062730128,1.5969142530000002,,
SSD,YBL066C,SEF1,YLR451W,Problem,YBL066C-YLR451W,0.801387838,0.941348108,,,1.981767249,2.284457962,,,,,,,,1.949960392,2.392611375,,
WGD,YBL067C,UBP13,YER098W,Problem,YBL067C-YER098W,1.405634491,0.680891844,,,2.193228671,2.197202199,,,,,,,,2.765668467,2.044899348,,
WGD,YBL068W,PRS4,YER099C,Problem,YBL068W-YER099C,1.558410679,1.369319571,,,3.0251263610000003,3.177507973,,,,,,-0.771214799,-0.671722356,3.750342345,3.713632848,,
WGD,YBL075C,SSA3,YER103W,Problem,YBL075C-YER103W,0.891077045,0.934410634,,,1.0653829940000001,2.808256681,,,,,,,-0.300205619,1.123265343,2.9094726189999998,,
WGD,YBL079W,NUP170,YER105C,Problem,YBL079W-YER105C,1.562018325,1.5573438780000002,,,1.93095374,2.046963571,,,,,,,-0.725726662,2.65977737,2.771112754,,
WGD,YBL085W,BOI1,YER114C,Problem,YBL085W-YER114C,1.26690747,1.346185994,,,2.317922724,2.409457639,,,,,,-0.622693749,-0.686343653,2.751635499,2.922448937,,
SSD,YBL091C,MAP2,YLR244C,Problem,YBL091C-YLR244C,1.788006369,1.99307672,,,2.98251431,3.1309019460000003,,,,,,-0.652962866,-0.819014419,3.9373259839999997,4.29078397,,
SSD,YBL097W,BRN1,YGR116W,Problem,YBL097W-YGR116W,0.9840063290000001,1.8394239630000002,,,2.537350991,2.191304909,,,,,,,-0.7443657340000001,2.688162624,3.1975341760000004,,
WGD,YBL106C,SRO77,YPR032W,Problem,YBL106C-YPR032W,0.915537243,1.062654043,,,2.109378303,2.404691899,,,,,,,-0.656197667,2.191720851,2.6341512469999997,,
WGD,YBR001C,NTH2,YDR001C,Problem,YBR001C-YDR001C,1.255501357,1.5040444919999998,,,2.403393529,2.576959577,,,,,,,-0.6481071079999999,2.82570019,3.2478093739999996,,
SSD,YBR002C,RER2,YMR101C,Problem,YBR002C-YMR101C,1.275903155,-0.177921899,,,3.007424934,2.646500116,,,,,,-0.791827473,,3.450133394,1.6353835209999998,,
WGD,YBR005W,RCR1,YDR003W,Problem,YBR005W-YDR003W,0.926813452,1.246418082,,,3.085233759,3.239146401,,,,,,,-0.682668065,3.178852515,3.652369788,,
SSD,YBR011C,IPP1,YMR267W,Problem,YBR011C-YMR267W,2.7856614060000005,1.2862343790000001,,,3.31663625,2.989266218,,,,,,-0.661244783,,5.269102961000001,3.4423059019999998,,
WGD,YBR014C,GRX7,YDL010W,Problem,YBR014C-YDL010W,1.4875035669999999,1.177602351,,,3.433521758,3.3362459689999997,,,,,,,,4.087830629,3.680653625,,
SSD,YBR015C,MNN2,YJL186W,Problem,YBR015C-YJL186W,1.7699781559999999,1.690084109,,,2.657448579,2.755639547,,,,,,-0.6414940889999999,-0.708076424,3.59423204,3.612528961,,
WGD,YBR024W,SCO2,YBR037C,Problem,YBR024W-YBR037C,0.912907425,1.159937597,,,3.150381477,3.129679233,,,,,,,,3.2300942060000004,3.456422134,,
WGD,YBR033W,EDS1,YKL038W,Problem,YBR033W-YKL038W,-0.46749227200000004,1.103026345,,,2.037549393,1.899324851,,,,,,,,0.736862426,2.169156501,,
WGD,YBR049C,REB1,YDR026C,Problem,YBR049C-YDR026C,1.530558081,1.143522562,,,2.637340249,2.31384042,,,,,,-0.784230292,,3.334703634,2.6241682859999997,,
WGD,YBR052C,RFS1,YDR032C,Problem,YBR052C-YDR032C,1.824278825,2.065911683,,,3.350428903,3.573585496,,,,,,-0.705203219,-0.6853955270000001,4.341513032,4.8063024830000005,,
WGD,YBR054W,YRO2,YDR033W,Problem,YBR054W-YDR033W,1.221687049,2.6048840159999997,,,3.084649684,3.133172229,,,,,,-0.40505526299999994,-0.74860515,3.473142038,4.90486155,,
WGD,YBR066C,NRG2,YDR043C,Problem,YBR066C-YDR043C,1.232381571,0.736061854,,,3.3239794519999997,3.307124687,,,,,,,,3.723166328,3.2099918460000003,,
WGD,YBR068C,BAP2,YDR046C,Problem,YBR068C-YDR046C,1.9940156340000001,1.6468337030000002,,,2.633136153,2.622768464,,,,,,-0.80924822,-0.8268137320000001,3.7939570910000002,3.4364074710000003,,
SSD,YBR072W,HSP26,YDR171W,Problem,YBR072W-YDR171W,1.318430456,1.229391736,,,3.4898730839999996,3.12210296,,,,,,,-0.54515514,3.975108845,3.518300001,,
SSD,YBR073W,RDH54,YGL163C,Problem,YBR073W-YGL163C,1.452402624,0.9363786040000001,,,2.214101257,2.292261809,,,,,,,,2.833309186,2.395445717,,
WGD,YBR078W,ECM33,YDR055W,Problem,YBR078W-YDR055W,2.634072233,1.595833267,,,3.139015143,3.121905041,,,,,,,-0.583525921,4.93989268,3.884543612,,
WGD,YBR082C,UBC4,YDR059C,Problem,YBR082C-YDR059C,2.258742376,1.001562303,,,3.795291455,3.4362461719999997,,,,,,-0.8679004779999999,,5.220839136,3.6046137789999997,,
WGD,YBR085W,AAC3,YBL030C,Problem,YBL030C-YBR085W,0.922596077,2.215573537,,,3.104063664,3.3029468339999997,,,,,,,,3.193465046,4.685325675,,
SSD,YBR095C,RXT2,YPR140W,Problem,YPR140W-YBR095C,1.081587659,1.073071808,,,2.810068373,2.690820618,,,,,,-0.54090921,,3.058461337,2.9306977310000004,,
WGD,YBR104W,YMC2,YPR058W,Problem,YBR104W-YPR058W,1.2037384420000001,1.425413555,,,3.056512611,3.023001199,,,,,,,,3.4270563569999997,3.6152200580000002,,
WGD,YBR117C,TKL2,YPR074C,Problem,YBR117C-YPR074C,-0.35985839399999997,2.563907775,,,2.315191473,2.749692538,,,,,,,-0.859963589,1.122138383,4.480405618,,
WGD,YBR140C,IRA1,YOL081W,Problem,YBR140C-YOL081W,1.354580413,1.392720919,,,1.3902798840000001,1.244527868,,,,,,,-0.5684754160000001,1.9116656019999998,1.8040540919999999,,
WGD,YBR145W,ADH5,YOL086C,Problem,YBR145W-YOL086C,0.9300856740000001,3.602644531,,,2.9533016969999997,3.20131908,,,,,,,,3.050192675,5.970768916,,
SSD,YBR151W,APD1,YML050W,Problem,YBR151W-YML050W,1.6148067869999998,0.534763808,,,2.9398489110000003,3.0333289839999997,,,,,,-0.594056319,,3.721461002,2.734898097,,
WGD,YBR161W,CSH1,YPL057C,Problem,YBR161W-YPL057C,1.045503239,1.332350642,,,2.8710417510000004,2.7838366089999997,,,,,,,-0.7267671659999999,3.083350295,3.2829925560000004,,
WGD,YBR169C,SSE2,YPL106C,Problem,YBR169C-YPL106C,1.277208078,2.7455160739999998,,,2.633917921,2.8535005339999997,,,,,,-0.56193255,,3.077931304,4.765821913,,
WGD,YBR172C,SMY2,YPL105C,Problem,YBR172C-YPL105C,1.330697828,1.363417027,,,2.616539654,2.402736265,,,,,,-0.724458312,-0.6721304309999999,3.114042786,2.932958597,,
WGD,YBR177C,EHT1,YPL095C,Problem,YBR177C-YPL095C,1.504623745,0.7535414109999999,,,2.905868138,2.5406732219999997,,,,,,-0.6829818990000001,,3.577297188,2.461019938,,
WGD,YBR183W,YPC1,YPL087W,Problem,YBR183W-YPL087W,1.039350864,1.326719751,,,2.7651692469999998,2.961415824,,,,,,,,2.9713254160000004,3.4549408789999996,,
SSD,YBR207W,FTH1,YER145C,Problem,YBR207W-YER145C,1.378316085,2.0351055280000003,,,2.823522619,2.945606293,,,,,,-0.6937894920000001,-0.7193078359999999,3.368644008,4.147517125,,
WGD,YBR210W,ERV15,YGL054C,Problem,YBR210W-YGL054C,1.3733192909999998,2.060540163,,,3.410091724,3.590170432,,,,,,,-0.904656268,3.95021632,4.817515900000001,,
WGD,YBR214W,SDS24,YGL056C,Problem,YBR214W-YGL056C,1.0062987190000001,1.247204136,,,2.93857893,2.907060813,,,,,,-0.635073966,-0.7471469690000001,3.111682954,3.3210702530000002,,
WGD,YBR216C,YBP1,YGL060W,Problem,YBR216C-YGL060W,1.119493328,1.080948333,,,2.584874095,2.533653433,,,,,,-0.6556077260000001,,2.8711727280000003,2.78140707,,
SSD,YBR249C,ARO4,YDR035W,Problem,YBR249C-YDR035W,2.210684546,1.79862668,,,3.1330847569999998,3.063185491,,,,,,-0.761702932,-0.7819899570000001,4.510574608,4.028617476,,
SSD,YBR251W,MRPS5,YGL123W,Problem,YBR251W-YGL123W,1.2451924970000001,3.2264489139999997,,,3.153825673,3.311446174,,,,,,-0.575363335,,3.5658234739999997,5.7047003929999995,,
SSD,YBR263W,SHM1,YLR058C,Problem,YBR263W-YLR058C,2.100526012,2.473050152,,,2.8518969710000004,3.104436285,,,,,,-0.64320954,-0.85062691,4.119228288,4.7442917410000005,,
WGD,YBR273C,UBX7,YJL048C,Problem,YBR273C-YJL048C,1.2823084359999999,0.832178428,,,2.992783694,2.7994071330000003,,,,,,,,3.441897435,2.798390866,,
SSD,YBR281C,DUG2,YFR044C,Problem,YBR281C-YFR044C,1.208438748,2.200961595,,,2.480406965,2.920831733,,,,,,,-0.658466559,2.855651017,4.288598633,,
SSD,YBR283C,SSH1,YLR378C,Problem,YBR283C-YLR378C,2.0606608509999997,2.103172261,,,2.827550768,2.765878204,,,,,,-0.847711656,,4.055016923999999,4.035855768999999,,
WGD,YCL011C,GBP2,YNL004W,Problem,YCL011C-YNL004W,1.798283364,1.343398024,,,2.7844533289999998,2.9824381580000003,,,,,,-0.622967091,-0.698535927,3.7495419969999997,3.4926414869999998,,
WGD,YCL024W,KCC4,YDR507C,Problem,YCL024W-YDR507C,0.970852265,1.4511495630000002,,,2.078274247,2.360948751,,,,,,,-0.652572401,2.215931817,2.978903618,,
WGD,YCL037C,SRO9,YDR515W,Problem,YCL037C-YDR515W,2.012229961,1.048409155,,,3.151956343,2.922789921,,,,,,-0.895171596,-0.640828794,4.330991609,3.1380043810000005,,
WGD,YCL043C,PDI1,YDR518W,Problem,YCL043C-YDR518W,2.5221753430000002,1.411950082,,,2.903163357,2.8763848810000003,,,,,,-0.750068243,,4.592144004,3.455140268,,
WGD,YCL050C,APA1,YDR530C,Problem,YCL050C-YDR530C,1.9016655830000002,1.004623962,,,3.358425519,2.870916409,,,,,,-0.815308569,,4.426896406,3.042345675,,
WGD,YCL051W,LRE1,YDR528W,Problem,YCL051W-YDR528W,0.991145577,1.126577845,,,2.4942896930000003,2.5360807640000003,,,,,,,,2.652240574,2.829463913,,
SSD,YCL057W,PRD1,YKL134C,Problem,YCL057W-YKL134C,1.710614976,0.98208254,,,2.562938762,2.4127005759999998,,,,,,-0.7768936190000001,,3.440359043,2.5615884209999997,,
WGD,YCR005C,CIT2,YNR001C,Problem,YCR005C-YNR001C,1.589015564,1.768824511,,,2.84036458,2.8797425939999997,,,,,,,-0.629301907,3.5961854489999996,3.8153724089999996,,
SSD,YCR009C,RVS161,YDR388W,Problem,YCR009C-YDR388W,1.832767979,1.911075951,,,3.2249993789999998,2.858360172,,,,,,-0.8157345570000001,-0.793984123,4.224572662,3.9362414269999997,,
WGD,YCR026C,NPP1,YEL016C,Problem,YCR026C-YEL016C,1.131617184,1.057282367,,,2.483934551,2.305540625,,,,,,,,2.782357039,2.529628297,,
SSD,YCR036W,RBK1,YJR105W,Problem,YCR036W-YJR105W,1.428298476,2.360186562,,,3.021322168,3.207760859,,,,,,-0.678919635,-0.881404635,3.616425949,4.734752726,,
WGD,YCR048W,ARE1,YNR019W,Problem,YCR048W-YNR019W,1.47858113,1.35335205,,,2.552342843,2.796509997,,,,,,,-0.56193255,3.197729278,3.3166673510000004,,
WGD,YCR052W,RSC6,YNR023W,Problem,YCR052W-YNR023W,1.50923016,0.9144121279999999,,,2.7957708639999996,2.745060367,,,,,,,,3.4718063289999996,2.8262777989999996,,
WGD,YCR067C,SED4,YNR026C,Problem,YCR067C-YNR026C,1.3579744169999999,1.256868946,,,2.393922004,2.95629609,,,,,,-0.598599459,-0.634699251,2.918701725,3.37997034,,
WGD,YCR069W,CPR4,YNR028W,Problem,YCR069W-YNR028W,1.5378580769999999,1.347088244,,,2.988683018,3.019926518,,,,,,,-0.6733569640000001,3.6933463989999997,3.5338200669999997,,
WGD,YCR073C,SSK22,YNR031C,Problem,YCR073C-YNR031C,0.630140962,1.219739329,,,1.6972300980000001,1.769046914,,,,,,,,1.494176365,2.1555915480000003,,
WGD,YCR091W,KIN82,YNR047W,Problem,YCR091W-YNR047W,0.5054430320000001,1.292804529,,,2.443699485,2.231611675,,,,,,,-0.657084083,2.115947822,2.6912215089999996,,
SSD,YCR105W,ADH7,YMR318C,Problem,YCR105W-YMR318C,-0.060597421,2.060231587,,,2.940989848,3.148909207,,,,,,,-0.652962866,2.047197731,4.375946099,,
SSD,YDL007W,RPT2,YDR394W,Problem,YDL007W-YDR394W,1.83358296,1.813375266,,,3.088382663,2.993765109,,,,,,,-0.6493643920000001,4.088770928,3.973945679,,
WGD,YDL021W,GPM2,YOL056W,Problem,YDL021W-YOL056W,0.916846205,1.1482605670000001,,,3.057342601,3.165256805,,,,,,,-0.7000571,3.14099411,3.480322676,,
WGD,YDL022W,GPD1,YOL059W,Problem,YDL022W-YOL059W,1.921766127,1.819515885,,,3.212696157,2.977323334,,,,,,-0.66274046,-0.8106500759999999,4.301267589,3.963644523,,
WGD,YDL036C,PUS9,YOL066C,Problem,YDL036C-YOL066C,1.07189751,1.056200013,,,2.629130753,2.615734169,,,,,,,,2.867833567,2.838739486,,
WGD,YDL048C,STP4,YLR375W,Problem,YDL048C-YLR375W,0.082990874,1.304737724,,,2.706224848,2.67155053,,,,,,,,1.956021026,3.143093559,,
SSD,YDL049C,KNH1,YJL174W,Problem,YDL049C-YJL174W,0.319613821,1.800997943,,,2.9102853060000005,3.2420737969999998,,,,,,,,2.396704431,4.209877045,,
SSD,YDL055C,PSA1,YDR211W,Problem,YDL055C-YDR211W,2.812606888,1.7387431290000002,,,3.1389051489999997,2.523301874,,,,,,,-0.807571945,5.118317342,3.428850307,,
SSD,YDL059C,RAD59,YML032C,Problem,YDL059C-YML032C,0.7521795579999999,1.296870694,,,3.1196047769999997,2.562684681,,,,,,,,3.03858964,3.02636068,,
WGD,YDL070W,BDF2,YLR399C,Problem,YDL070W-YLR399C,1.679313819,1.774303159,,,2.450981947,2.5453377219999997,,,,,,-0.6779875609999999,-0.780546463,3.297101071,3.4864461860000002,,
WGD,YDL075W,RPL31A,YLR406C,Problem,YDL075W-YLR406C,3.164039218,2.642261993,,,3.7308247339999996,3.735038677,,,,,,,-0.887562583,6.061669256,5.544105975,,
WGD,YDL079C,MRK1,YMR139W,Problem,YDL079C-YMR139W,0.18572024199999998,1.1751370970000001,,,2.0053558369999998,2.906605238,,,,,,,,1.357881383,3.248547639,,
SSD,YDL081C,RPP1A,YDL130W,Problem,YDL081C-YDL130W,3.128766831,3.100117273,,,3.690081559,3.6513641060000004,,,,,,-0.916676582,-0.943476276,5.985653694,5.918286684,,
WGD,YDL085W,NDE2,YMR145C,Problem,YDL085W-YMR145C,-0.34939296,1.760126663,,,2.511533251,2.7430577730000003,,,,,,,-0.600153287,1.328945595,3.669989741,,
WGD,YDL088C,ASM4,YMR153W,Problem,YDL088C-YMR153W,1.291309267,1.276637657,,,2.643844993,2.976566437,,,,,,-0.64694976,-0.660151217,3.101959565,3.420009398,,
SSD,YDL104C,QRI7,YKR038C,Problem,YDL104C-YKR038C,0.49619719799999995,1.4914496819999998,,,2.8615564910000004,2.765250173,,,,,,,-0.7283906990000001,2.524558994,3.42350516,,
SSD,YDL113C,ATG20,YDR425W,Problem,YDL113C-YDR425W,1.062520558,0.774769557,,,2.48663444,2.68513498,,,,,,,,2.715960303,2.626709842,,
SSD,YDL123W,SNA4,YDR276C,Problem,YDR276C-YDL123W,0.988303945,2.3764473980000003,,,3.5240744060000004,4.09470763,,,,,,-0.730837435,,3.679183656,5.637960333,,
SSD,YDL125C,HNT1,YDR305C,Problem,YDL125C-YDR305C,2.1752915859999997,1.1822886609999999,,,3.554658257,3.182539092,,,,,,-0.833717933,,4.8967551480000004,3.531633058,,
WGD,YDL127W,PCL2,YDL179W,Problem,YDL179W-YDL127W,1.111695666,1.103876831,,,2.945365213,3.060546028,,,,,,,,3.223866183,3.3312281639999997,,
SSD,YDL128W,VCX1,YNL321W,Problem,YDL128W-YNL321W,1.61345723,1.223257402,,,2.889142611,2.319009688,,,,,,-0.661543506,,3.669405145,2.709072395,,
WGD,YDL138W,RGT2,YDL194W,Problem,YDL194W-YDL138W,0.7895359740000001,0.590443122,,,1.933097623,2.025029808,,,,,,,,1.889438902,1.782278235,,
WGD,YDL155W,CLB3,YLR210W,Problem,YDL155W-YLR210W,1.318652583,0.987828527,,,2.6488052000000004,2.768806221,,,,,,,,3.134263087,2.923440053,,
WGD,YDL161W,ENT1,YLR206W,Problem,YDL161W-YLR206W,1.306263708,1.5437168140000002,,,3.081132377,2.669715815,,,,,,-0.716133652,-0.701256057,3.5542013889999997,3.380237933,,
SSD,YDL164C,CDC9,YOR005C,Problem,YDL164C-YOR005C,1.151100531,0.5618069379999999,,,2.6022430080000003,2.23914763,,,,,,,,2.920148844,1.967759873,,
SSD,YDL171C,GLT1,YDR376W,Problem,YDL171C-YDR376W,1.952222594,1.186924943,,,1.96719698,2.6882223389999997,,,,,,-0.723883011,,3.0862248780000003,3.0419525860000003,,
WGD,YDL175C,AIR2,YIL079C,Problem,YIL079C-YDL175C,1.013233107,1.243523652,,,3.0509786080000003,2.919092198,,,,,,,,3.23101702,3.329421155,,
SSD,YDL185W,VMA1,YDL227C,Problem,YDL185W-YDL227C,2.583072751,1.540397688,,,2.554110502,2.789664521,,,,,,-0.920456993,,4.303988558,3.496867513,,
WGD,YDL204W,RTN2,YDR233C,Problem,YDL204W-YDR233C,0.727195475,2.219971659,,,2.274111085,3.19272101,,,,,,,-0.83164986,2.168111865,4.5794979730000005,,
WGD,YDL224C,WHI4,YNL197C,Problem,YDL224C-YNL197C,1.25618569,1.282469375,,,2.605630882,2.70152231,,,,,,-0.6471424379999999,-0.797784224,3.028621877,3.150796989,,
SSD,YDR023W,SES1,YHR011W,Problem,YDR023W-YHR011W,2.432299741,0.845803595,,,3.011295262,2.733915418,,,,,,-0.85870704,,4.610400308,2.746524317,,
SSD,YDR045C,RPC11,YGL070C,Problem,YDR045C-YGL070C,1.4184105359999999,1.54692325,,,3.7420244460000003,3.744441166,,,,,,,-0.834458923,4.3272402869999995,4.458169721,,
WGD,YDR066C,RTR2,YER139C,Problem,YDR066C-YER139C,0.640141606,0.937448295,,,3.3061255110000003,3.323873416,,,,,,,,3.1130724219999997,3.4281270160000004,,
WGD,YDR069C,DOA4,YER144C,Problem,YDR069C-YER144C,0.902032802,1.0141294840000001,,,2.2088004569999997,2.2004175409999998,,,,,,,,2.277638563,2.3813523290000003,,
SSD,YDR072C,IPT1,YKL004W,Problem,YDR072C-YKL004W,1.354307744,1.7198227680000002,,,2.647347042,2.612985306,,,,,,,-0.758578048,3.16846009,3.499613379,,
WGD,YDR093W,DNF2,YER166W,Problem,YDR093W-YER166W,1.4827609919999998,1.515955465,,,1.914447386,1.943587261,,,,,,-0.695401774,-0.689944262,2.564013683,2.626348031,,
WGD,YDR096W,GIS1,YER169W,Problem,YDR096W-YER169W,0.896393797,0.9402879909999999,,,2.369395378,2.378377314,,,,,,,,2.432594479,2.48547061,,
WGD,YDR107C,TMN2,YLR083C,Problem,YDR107C-YLR083C,1.038222826,1.7734727680000002,,,2.528064854,2.6133486280000002,,,,,,,-0.852014679,2.733092984,3.5536267,,
WGD,YDR122W,KIN1,YLR096W,Problem,YDR122W-YLR096W,1.333997191,1.2335537570000001,,,2.209127046,2.185620885,,,,,,-0.569199575,,2.709929541,2.585979946,,
WGD,YDR125C,ECM18,YLR099C,Problem,YDR125C-YLR099C,0.43729087299999997,1.315234094,,,2.508425834,2.679679863,,,,,,,,2.112522012,3.1617192610000004,,
WGD,YDR144C,MKC7,YLR120C,Problem,YDR144C-YLR120C,1.64144606,1.3842755130000002,,,2.62292959,2.785335283,,,,,,,,3.431180954,3.336416101,,
WGD,YDR146C,SWI5,YLR131C,Problem,YDR146C-YLR131C,1.269650654,1.02138146,,,2.678979391,2.484427254,,,,,,,,3.11543535,2.672614019,,
WGD,YDR147W,EKI1,YLR133W,Problem,YDR147W-YLR133W,1.111337878,1.137273613,,,2.635863437,2.87394083,,,,,,,-0.637046541,2.91400662,3.178019747,,
WGD,YDR151C,CTH1,YLR136C,Problem,YDR151C-YLR136C,1.240964039,1.380761009,,,3.075977413,3.194421403,,,,,,,,3.4837467560000004,3.741987716,,
SSD,YDR155C,CPR1,YML078W,Problem,YDR155C-YML078W,3.106166066,2.062159943,,,3.607979298,3.535946548,,,,,,-0.888233567,,5.880950668,4.764911796,,
WGD,YDR178W,SDH4,YLR164W,Problem,YDR178W-YLR164W,1.283514029,0.49422537,,,3.578150013,2.363182872,,,,,,,,4.0284693460000005,2.024213546,,
SSD,YDR182W,CDC1,YIL039W,Problem,YDR182W-YIL039W,1.428643382,1.633810774,,,2.793954087,2.787071915,,,,,,,,3.389402773,3.587687994,,
WGD,YDR185C,UPS3,YLR168C,Problem,YDR185C-YLR168C,0.4206404,1.219088143,,,3.347046413,2.88158442,,,,,,,-0.519131076,2.934492117,3.2674778680000003,,
SSD,YDR190C,RVB1,YPL235W,Problem,YDR190C-YPL235W,1.8082268819999998,1.689895231,,,2.99787991,3.0254057160000003,,,,,,-0.68329596,,3.9729120960000004,3.882106251,,
SSD,YDR191W,HST4,YOR025W,Problem,YDR191W-YOR025W,0.642606194,1.385102075,,,2.978920697,2.638098585,,,,,,,,2.7883321960000003,3.1900059639999996,,
SSD,YDR197W,CBS2,YHR063C,Problem,YDR197W-YHR063C,0.91478749,1.66886491,,,2.683515448,2.996868723,,,,,,,-0.540682917,2.7651082419999997,3.8325389380000003,,
WGD,YDR200C,VPS64,YLR238W,Problem,YDR200C-YLR238W,0.995373464,0.844040855,,,2.432860791,2.6774815519999997,,,,,,,,2.595039559,2.6883277110000003,,
WGD,YDR206W,EBS1,YLR233C,Problem,YDR206W-YLR233C,1.333711282,0.648187566,,,2.067704348,1.835743932,,,,,,,,2.568220935,1.650736803,,
WGD,YDR213W,UPC2,YLR228C,Problem,YDR213W-YLR228C,1.049786121,1.051021668,,,2.353059328,2.241540175,,,,,,,,2.569650753,2.459367147,,
SSD,YDR214W,AHA1,YNL281W,Problem,YDR214W-YNL281W,1.889985976,2.137902569,,,3.1346855010000003,3.402791674,,,,,,-0.7930392709999999,-0.850472986,4.191476782,4.707499548,,
SSD,YDR235W,PRP42,YML046W,Problem,YDR235W-YML046W,1.11419196,1.210057653,,,2.462275458,2.396019682,,,,,,,,2.743272723,2.7728826389999996,,
SSD,YDR245W,MNN10,YJL183W,Problem,YDR245W-YJL183W,1.718350782,1.748315971,,,2.825302991,2.73493052,,,,,,-0.684659523,-0.730487056,3.710459077,3.650051795,,
WGD,YDR247W,VHS1,YPL026C,Problem,YDR247W-YPL026C,0.836243617,1.042717505,,,2.6907798119999997,2.669686781,,,,,,-0.648590248,-0.573570075,2.693828733,2.87920959,,
WGD,YDR252W,BTT1,YPL037C,Problem,YDR252W-YPL037C,0.809591422,2.72358013,,,3.598155124,3.652409374,,,,,,,-0.9413842029999999,3.5745518510000003,5.542794809,,
WGD,YDR253C,MET32,YPL038W,Problem,YDR253C-YPL038W,0.46669044299999995,1.224822097,,,3.202154568,3.206464598,,,,,,,,2.835650316,3.5980919989999998,,
SSD,YDR258C,HSP78,YLL026W,Problem,YDR258C-YLL026W,1.4955573359999998,2.099362422,,,2.62355381,2.713924579,,,,,,-0.571217489,-0.657084083,3.28591645,3.980092305,,
WGD,YDR259C,YAP6,YOR028C,Problem,YDR259C-YOR028C,0.545432786,0.741128212,,,2.465533417,3.1015982689999997,,,,,,,,2.177771508,3.009531786,,
WGD,YDR263C,DIN7,YOR033C,Problem,YDR263C-YOR033C,0.79919011,1.0896889859999999,,,1.719270899,2.130718499,,,,,,,,1.685266313,2.38721279,,
WGD,YDR264C,AKR1,YOR034C,Problem,YDR264C-YOR034C,1.7805065519999999,1.147492778,,,2.39838803,2.214410254,,,,,,-0.756961951,,3.3456998860000002,2.528708336,,
WGD,YDR272W,GLO2,YOR040W,Problem,YDR272W-YOR040W,1.5573866000000003,0.8666262459999999,,,3.369200055,3.032235169,,,,,,-0.758329026,,4.09339196,3.06566672,,
WGD,YDR275W,BSC2,YOR044W,Problem,YOR044W-YDR275W,1.170164205,0.838932755,,,2.2119220619999997,3.247842111,,,,,,,,2.548891572,3.2535801710000003,,
WGD,YDR277C,MTH1,YOR047C,Problem,YDR277C-YOR047C,0.63517007,1.121246167,,,2.784931616,2.665588096,,,,,,,,2.58690699,2.9536395669999997,,
SSD,YDR284C,DPP1,YDR503C,Problem,YDR284C-YDR503C,1.395272488,1.059842199,,,3.1052157910000004,2.9296503460000003,,,,,,,,3.667293583,3.15629785,,
SSD,YDR292C,SRP101,YPR088C,Problem,YDR292C-YPR088C,1.49025465,1.850766764,,,2.631456397,2.817394111,,,,,,,,3.288516351,3.83496618,,
SSD,YDR294C,DPL1,YMR250W,Problem,YDR294C-YMR250W,1.53480881,1.179340145,,,2.6337695130000003,2.694630697,,,,,,-0.7582045690000001,,3.335383628,3.0407761460000002,,
WGD,YDR304C,CPR5,YHR057C,Problem,YDR304C-YHR057C,2.1151982990000002,1.368330364,,,3.380088745,3.310436246,,,,,,-0.579796626,,4.662092348,3.8455719139999998,,
WGD,YDR309C,GIC2,YHR061C,Problem,YDR309C-YHR061C,1.364150915,1.012634493,,,3.175937166,2.974237421,,,,,,-0.51349868,,3.7068933860000004,3.1536772180000003,,
SSD,YDR319C,YFT2,YGL126W,Problem,YDR319C-YGL126W,0.971840422,1.3482652880000001,,,3.024892361,2.605522406,,,,,,,-0.65130581,3.163538087,3.120592999,,
SSD,YDR339C,FCF1,YOR004W,Problem,YDR339C-YOR004W,1.536425795,1.453435042,,,3.388279921,3.255614641,,,,,,,,4.09151102,3.875854988,,
SSD,YDR347W,MRP1,YJR101W,Problem,YDR347W-YJR101W,1.552056712,1.3640175730000001,,,2.814138445,3.082091239,,,,,,,-0.636764196,3.5330004610000003,3.612914117,,
WGD,YDR351W,SBE2,YHR103W,Problem,YDR351W-YHR103W,1.14219105,1.4732731630000002,,,2.377259463,2.231094871,,,,,,,,2.6862558169999997,2.871173339,,
WGD,YDR353W,TRR1,YHR106W,Problem,YDR353W-YHR106W,2.268738184,1.038787211,,,3.2999206489999997,2.659427937,,,,,,-0.894149326,,4.735464137,2.865020453,,
WGD,YDR358W,GGA1,YHR108W,Problem,YDR358W-YHR108W,0.967708188,1.800070536,,,2.903005181,2.7711873110000003,,,,,,-0.544393887,-0.784098187,3.0375186739999998,3.738063152,,
WGD,YDR368W,YPR1,YOR120W,Problem,YDR368W-YOR120W,1.796611959,0.946784533,,,3.2598230339999996,2.87053505,,,,,,-0.709075441,,4.223240298,2.9841248869999997,,
SSD,YDR373W,FRQ1,YKL190W,Problem,YDR373W-YKL190W,1.6253818219999998,1.760474731,,,3.324065684,3.435591287,,,,,,-0.601973141,-0.7715996409999999,4.116252811,4.362871322,,
WGD,YDR379W,RGA2,YOR127W,Problem,YDR379W-YOR127W,0.910451108,1.14507085,,,2.2525409219999997,2.085324628,,,,,,,,2.329797335,2.397200783,,
SSD,YDR382W,RPP2B,YOL039W,Problem,YDR382W-YOL039W,3.223613175,3.159775413,,,3.682199757,3.705811962,,,,,,-0.9907616290000001,-0.600845666,6.072618237,6.03239268,,
SSD,YDR399W,HPT1,YJR133W,Problem,YDR399W-YJR133W,2.107189949,1.4687386340000002,,,3.305818064,3.3426827869999998,,,,,,-0.8716007309999999,,4.579813318,3.9782267260000004,,
SSD,YDR404C,RPB7,YKL144C,Problem,YDR404C-YKL144C,1.621049854,1.3259197440000001,,,3.368383518,3.321837188,,,,,,,,4.156238677,3.8145622360000004,,
WGD,YDR406W,PDR15,YOR153W,Problem,YOR153W-YDR406W,1.001408652,2.727423687,,,1.908846249,2.176122931,,,,,,,-0.847405922,2.077060206,4.0703519230000005,,
SSD,YDR435C,PPM1,YOL141W,Problem,YDR435C-YOL141W,1.093807919,0.870174935,,,2.913535092,2.628866306,,,,,,,-0.618884919,3.174148316,2.665846546,,
WGD,YDR441C,APT2,YML022W,Problem,YDR441C-YML022W,1.470359821,2.141334508,,,3.127531502,3.426899932,,,,,,-0.617262734,-0.758453519,3.7646966280000003,4.735039744,,
WGD,YDR453C,TSA2,YML028W,Problem,YDR453C-YML028W,0.995373464,3.043635985,,,3.28286376,3.5374778989999998,,,,,,-0.471468939,-0.90014678,3.445042528,5.747919189,,
WGD,YDR458C,HEH2,YML034W,Problem,YDR458C-YML034W,1.151644555,1.3043553890000001,,,2.554789258,2.4570221969999997,,,,,,,,2.8732391180000003,2.92818289,,
SSD,YDR461W,MFA1,YNL145W,Problem,YDR461W-YNL145W,2.22635371,2.358899763,,,4.544287142,4.436702018,,,,,,-0.558776326,,5.937446157,5.962407085,,
WGD,YDR463W,STP1,YHR006W,Problem,YDR463W-YHR006W,1.3678679619999998,1.094552637,,,2.884223095,2.790369437,,,,,,,,3.418896362,3.0517273780000003,,
WGD,YDR471W,RPL27B,YHR010W,Problem,YDR471W-YHR010W,2.7921986430000003,3.1375657410000004,,,3.594594428,3.592789822,,,,,,-0.907279355,-0.653940567,5.553598375,5.897160867999999,,
SSD,YDR479C,PEX29,YHR150W,Problem,YDR479C-YHR150W,0.961182353,0.7739919479999999,,,2.541019314,2.32683878,,,,,,,,2.669006971,2.267636033,,
WGD,YDR483W,KRE2,YPL053C,Problem,YDR483W-YPL053C,2.020485235,1.55913461,,,2.7699808260000003,2.831772869,,,,,,-0.653353682,-0.624427826,3.957271365,3.557712783,,
WGD,YDR492W,IZH1,YOL101C,Problem,YDR492W-YOL101C,1.155972389,0.8973712779999999,,,3.1716321069999998,3.133747853,,,,,,,,3.4944097999999997,3.197924436,,
WGD,YDR497C,ITR1,YOL103W,Problem,YDR497C-YOL103W,1.9261743130000002,1.52553041,,,2.508378473,2.1273756230000003,,,,,,-0.6973444459999999,,3.6013580910000003,2.8197113380000003,,
WGD,YDR500C,RPL37B,YLR185W,Problem,YDR500C-YLR185W,2.991749393,3.097325384,,,3.83520126,3.8858471260000003,,,,,,-0.931628582,-0.97203914,5.993755957,6.149977814,,
WGD,YDR501W,PLM2,YLR183C,Problem,YDR501W-YLR183C,0.625783456,1.2396341579999999,,,2.779222715,2.8009090580000002,,,,,,,,2.571811476,3.20734852,,
WGD,YDR502C,SAM2,YLR180W,Problem,YDR502C-YLR180W,2.099227488,2.388537651,,,3.146777195,3.14214805,,,,,,-0.669586227,-0.91649738,4.412809988,4.697491005,,
WGD,YDR508C,GNP1,YCL025C,Problem,YCL025C-YDR508C,1.963150421,1.063187575,,,2.6624250330000003,2.692232034,,,,,,-0.923905953,-0.415781888,3.792380758,2.922224913,,
WGD,YDR513W,GRX2,YCL035C,Problem,YCL035C-YDR513W,1.8607811230000002,1.958340722,,,3.677110393,3.902489235,,,,,,-0.57888987,-0.7228493859999999,4.704696821000001,5.0276352619999995,,
SSD,YDR519W,FPR2,YNL135C,Problem,YDR519W-YNL135C,1.7766301580000001,2.634440872,,,3.58141722,3.7469338189999997,,,,,,,-0.90868484,4.524852682,5.548179996,,
SSD,YDR523C,SPS1,YHR102W,Problem,YDR523C-YHR102W,-0.050089784000000005,1.0576875559999999,,,2.0263921480000002,2.261875634,,,,,,,,1.1431076690000002,2.486368495,,
SSD,YDR534C,FIT1,YOR383C,Problem,YDR534C-YOR383C,0.653355748,2.1023691159999998,,,2.878019272,3.5370009710000003,,,,,,,,2.698180325,4.806175392,,
WGD,YEL006W,YEA6,YIL006W,Problem,YEL006W-YIL006W,1.182693787,0.49025465,,,2.707677804,2.615604115,,,,,,,,3.057176895,2.272664069,,
SSD,YEL013W,VAC8,YNL189W,Problem,YEL013W-YNL189W,1.776398018,1.963167203,,,2.626455597,2.936744514,,,,,,-0.7809396679999999,,3.56965892,4.066717022,,
WGD,YEL022W,GEA2,YJR031C,Problem,YEL022W-YJR031C,1.5251164680000002,1.261368567,,,2.057202211,1.992327346,,,,,,-0.74860515,-0.628101305,2.749123983,2.420501218,,
SSD,YEL029C,BUD16,YNR027W,Problem,YEL029C-YNR027W,1.13906822,1.063454095,,,2.806858695,2.883046835,,,,,,,-0.594568258,3.11273222,3.113306235,,
WGD,YEL030W,ECM10,YJR045C,Problem,YEL030W-YJR045C,0.547185743,2.6455244330000003,,,1.723642154,2.898343252,,,,,,,,1.4376332019999998,4.710672989,,
SSD,YEL031W,SPF1,YOR291W,Problem,YEL031W-YOR291W,2.077092482,1.18431052,,,2.268939928,1.9834209390000002,,,,,,-0.940625941,-0.607215142,3.512837714,2.334536764,,
SSD,YEL042W,GDA1,YER005W,Problem,YEL042W-YER005W,1.826192477,1.19575701,,,2.799072048,2.3811667219999997,,,,,,-0.628839744,,3.792069829,2.7437290360000004,,
WGD,YEL047C,FRD1,YJR051W,Problem,YEL047C-YJR051W,1.7491958330000001,1.3527365630000001,,,2.899173691,2.796123176,,,,,,-0.781464495,,3.8151748289999996,3.315665043,,
SSD,YEL066W,HPA3,YPR193C,Problem,YEL066W-YPR193C,1.479450999,0.42933237399999996,,,3.326287163,2.209642917,,,,,,-0.598599459,,3.9725434660000003,1.805780596,,
SSD,YER001W,MNN1,YIL014W,Problem,YIL014W-YER001W,1.432248456,1.206430557,,,2.555851787,2.423470118,,,,,,-0.582611354,,3.1549055480000003,2.796705979,,
SSD,YER020W,GPA2,YHR005C,Problem,YER020W-YHR005C,1.2144082,1.6117643659999998,,,2.851483,2.757925272,,,,,,-0.6361061020000001,-0.842392147,3.232696505,3.536494942,,
WGD,YER027C,GAL83,YGL208W,Problem,YER027C-YGL208W,1.420815955,0.8004124429999999,,,3.1129874319999997,2.9411911230000003,,,,,,-0.670398752,,3.700608692,2.90840887,,
WGD,YER031C,YPT31,YGL210W,Problem,YER031C-YGL210W,1.777119823,1.307632524,,,3.439385838,3.3115814080000003,,,,,,-0.838931615,-0.699621935,4.383310965,3.786019237,,
WGD,YER035W,EDC2,YGL222C,Problem,YER035W-YGL222C,1.170892975,1.132867934,,,3.6661776280000002,3.517192182,,,,,,-0.68877609,-0.6805816109999999,4.003875908,3.816865421,,
WGD,YER037W,PHM8,YGL224C,Problem,YER037W-YGL224C,1.097518803,1.249987526,,,3.031452505,2.9157775889999997,,,,,,,,3.295776612,3.33257042,,
WGD,YER045C,ACA1,YIL036W,Problem,YER045C-YIL036W,0.628693313,1.303666336,,,2.563649746,2.664921269,,,,,,,,2.359148363,3.13539291,,
SSD,YER053C,PIC2,YJR077C,Problem,YER053C-YJR077C,1.057417472,1.939065649,,,3.013890944,3.1423646880000002,,,,,,,-0.708853238,3.23811372,4.248235641,,
WGD,YER054C,GIP2,YIL045W,Problem,YER054C-YIL045W,0.11608431300000001,0.564757034,,,2.4386107740000003,2.8191075160000003,,,,,,,,1.7215003919999998,2.550669854,,
WGD,YER057C,HMF1,YIL051C,Problem,YER057C-YIL051C,1.989079344,2.667547571,,,3.675860885,3.681771411,,,,,,,-0.668876512,4.8317455339999995,5.516124287,,
WGD,YER059W,PCL6,YIL050W,Problem,YER059W-YIL050W,1.106176933,1.207483625,,,2.8864583319999997,3.0230170339999995,,,,,,-0.6093297870000001,,3.1594405689999996,3.397305963,,
WGD,YER062C,GPP2,YIL053W,Problem,YER062C-YIL053W,1.813801556,2.887751662,,,3.3130468769999997,3.3310873389999998,,,,,,-0.487515724,-0.766115891,4.293653737,5.385644305,,
WGD,YER064C,VHR2,YIL056W,Problem,YER064C-YIL056W,1.6366319219999999,1.014726042,,,2.8530167210000004,2.478971084,,,,,,,,3.6564539469999997,2.660502431,,
SSD,YER065C,ICL1,YPR006C,Problem,YER065C-YPR006C,0.469837519,0.777094065,,,1.892561076,2.59708355,,,,,,,,1.529203899,2.540982919,,
WGD,YER070W,RNR1,YIL066C,Problem,YER070W-YIL066C,2.094428606,0.38274540700000004,,,2.504328923,2.381842004,,,,,,-0.44922148100000003,,3.765562833,1.931392716,,
WGD,YER081W,SER3,YIL074C,Problem,YER081W-YIL074C,1.098748751,1.680055239,,,2.4080274040000003,2.9142464319999997,,,,,,,-0.759700418,2.67358146,3.761106975,,
WGD,YER101C,AST2,YBL069W,Problem,YBL069W-YER101C,0.729500959,1.200932475,,,3.001864396,3.0059977069999997,,,,,,,,2.89817066,3.373735486,,
SSD,YER107C,GLE2,YOR026W,Problem,YER107C-YOR026W,1.401861698,1.059842199,,,3.001599642,2.620130785,,,,,,-0.617532678,,3.570266645,2.846778289,,
WGD,YER132C,PMD1,YGL197W,Problem,YER132C-YGL197W,1.116791826,1.31702101,,,1.548138218,1.8762186840000001,,,,,,-0.609771638,,1.8317353490000001,2.360044999,,
SSD,YER136W,GDI1,YOR370C,Problem,YER136W-YOR370C,1.924416404,1.64728546,,,2.976949383,2.425003378,,,,,,-0.846642529,-0.7190803370000001,4.068171092,3.239094142,,
SSD,YER159C,BUR6,YOR358W,Problem,YER159C-YOR358W,1.432476343,0.871420522,,,3.5973493569999997,3.105220231,,,,,,-0.7458145909999999,,4.196631003999999,3.1434460580000003,,
SSD,YER167W,BCK2,YOR359W,Problem,YER167W-YOR359W,1.10132036,1.02079398,,,2.256739063,2.7661076810000003,,,,,,,-0.68697689,2.5248647269999998,2.953706965,,
SSD,YER171W,RAD3,YPL008W,Problem,YER171W-YPL008W,1.190220743,0.856232378,,,2.432726315,1.999303731,,,,,,,,2.7897523630000003,2.022341413,,
WGD,YER174C,GRX4,YDR098C,Problem,YDR098C-YER174C,1.3262108259999998,1.77737732,,,3.1178445710000005,3.336091352,,,,,,,-0.616184634,3.610860702,4.280273977,,
WGD,YFL004W,VTC2,YPL019C,Problem,YFL004W-YPL019C,2.0074369080000003,2.322161874,,,2.530392135,2.522320497,,,,,,-0.694541145,,3.704634347,4.011287675,,
WGD,YFL048C,EMP47,YLR080W,Problem,YFL048C-YLR080W,1.732907881,0.407568991,,,2.905062698,3.022480044,,,,,,-0.733533105,,3.8047758839999997,2.59685434,,
WGD,YFR013W,IOC3,YOL017W,Problem,YFR013W-YOL017W,1.2144082,0.7935226409999999,,,2.39916878,2.581147564,,,,,,-0.649848933,,2.780382285,2.541475509,,
WGD,YFR015C,GSY1,YLR258W,Problem,YFR015C-YLR258W,0.9388704640000001,1.4843813069999998,,,2.56017154,2.57054243,,,,,,-0.534319788,-0.44873303,2.665847308,3.221729041,,
WGD,YFR022W,ROG3,YOR018W,Problem,YFR022W-YOR018W,0.6737614759999999,0.949044225,,,1.944752267,2.461998826,,,,,,,-0.614393726,1.7853190469999998,2.577848356,,
WGD,YFR023W,PES4,YHR015W,Problem,YFR023W-YHR015W,-0.5003734989999999,0.286632997,,,2.482995472,2.549556001,,,,,,,,1.1494272779999999,2.002994303,,
WGD,YFR039C,OSW7,YGL228W,Problem,YFR039C-YGL228W,1.2532698,1.682015504,,,2.6223019069999998,2.7150081810000004,,,,,,,,3.042377011,3.56382899,,
WGD,YFR040W,SAP155,YGL229C,Problem,YFR040W-YGL229C,1.3476425440000002,0.8810559609999999,,,2.2663928,1.961701132,,,,,,-0.723193654,-0.570732334,2.7808406480000003,2.009562398,,
WGD,YFR053C,HXK1,YGL253W,Problem,YFR053C-YGL253W,2.040883116,2.778826752,,,3.092359659,2.9793879760000004,,,,,,-0.646083769,-0.8695054109999999,4.30004808,4.925020032,,
SSD,YGL006W,PMC1,YGL167C,Problem,YGL006W-YGL167C,1.246767615,1.750621819,,,2.051957094,2.299531151,,,,,,,-0.878768545,2.465530014,3.2169582739999996,,
SSD,YGL012W,ERG4,YNL280C,Problem,YGL012W-YNL280C,2.124371981,1.712442326,,,2.8004229730000003,2.800446731,,,,,,-0.790887296,,4.091600258,3.6796943619999998,,
WGD,YGL013C,PDR1,YBL005W,Problem,YBL005W-YGL013C,1.2929616259999999,1.0280809709999998,,,2.093860589,2.044271852,,,,,,,,2.553627519,2.239158127,,
SSD,YGL019W,CKB1,YOR039W,Problem,YGL019W-YOR039W,1.6568353080000002,1.643623155,,,3.1234764530000003,3.142953028,,,,,,-0.694433686,-0.75325529,3.947117065,3.9533814869999997,,
SSD,YGL038C,OCH1,YJR075W,Problem,YGL038C-YJR075W,1.222888418,1.747075641,,,2.78207739,2.895003638,,,,,,-0.6303204000000001,-0.633483656,3.171771112,3.808884583,,
WGD,YGL049C,TIF4632,YGR162W,Problem,YGL049C-YGR162W,1.4612342109999998,2.157348236,,,2.57196725,2.494647235,,,,,,-0.802306025,-0.90274269,3.200006765,3.8188007760000002,,
SSD,YGL059W,PKP2,YIL042C,Problem,YGL059W-YIL042C,0.715480821,0.823006081,,,2.465651659,2.6441851730000003,,,,,,,,2.347937784,2.633996559,,
WGD,YGL063W,PUS2,YPL212C,Problem,YGL063W-YPL212C,0.6869570620000001,1.5389291969999999,,,2.3927915680000003,2.79699244,,,,,,,-0.6917558229999999,2.246553935,3.502726942,,
SSD,YGL065C,ALG2,YNL048W,Problem,YGL065C-YNL048W,1.301900441,1.265487524,,,2.7914901619999997,2.630119654,,,,,,-0.597824625,-0.610302452,3.260195908,3.062412482,,
WGD,YGL071W,AFT1,YPL202C,Problem,YGL071W-YPL202C,1.241052553,1.087173517,,,2.369873568,2.8652349989999997,,,,,,,,2.777731425,3.119213821,,
WGD,YGL084C,GUP1,YPL189W,Problem,YGL084C-YPL189W,1.456032375,-0.010430811,,,2.679330326,2.146335751,,,,,,-0.677470606,,3.302168006,1.302710244,,
SSD,YGL091C,NBP35,YIL003W,Problem,YGL091C-YIL003W,1.1720357190000001,1.054163299,,,3.0948381019999998,2.9826101680000003,,,,,,,,3.433679125,3.203578771,,
SSD,YGL094C,PAN2,YOL080C,Problem,YGL094C-YOL080C,1.29091492,1.216005046,,,1.90010244,3.09459117,,,,,,,,2.357822665,3.47740152,,
SSD,YGL125W,MET13,YPL023C,Problem,YGL125W-YPL023C,1.133548647,1.334354311,,,2.587657454,2.6635695719999997,,,,,,,,2.888011405,3.164729188,,
WGD,YGL134W,PCL10,YPL219W,Problem,YGL134W-YPL219W,0.95025613,0.831497182,,,2.36572445,2.752383019,,,,,,,,2.482785884,2.750685505,,
WGD,YGL139W,FLC3,YPL221W,Problem,YGL139W-YPL221W,1.380311661,1.458667894,,,2.376570258,2.241906091,,,,,,-0.547523539,-0.7509239959999999,2.9236872239999996,2.8673792889999996,,
SSD,YGL160W,AIM14,YLR047C,Problem,YGL160W-YLR047C,1.161322228,0.978857167,,,2.559578939,2.138316929,,,,,,,,2.887706472,2.283979401,,
WGD,YGL162W,SUT1,YPR009W,Problem,YGL162W-YPR009W,0.900290588,1.152622085,,,2.834769352,2.645197533,,,,,,,,2.901865245,2.964624922,,
WGD,YGL166W,CUP2,YPR008W,Problem,YGL166W-YPR008W,1.042437946,1.1285318000000002,,,3.1666823410000005,2.502248156,,,,,,,-0.624062181,3.3759255919999998,2.797585261,,
WGD,YGL209W,MIG2,YER028C,Problem,YER028C-YGL209W,1.0684871459999998,0.9068359309999999,,,3.059060215,2.710203093,,,,,,,,3.294352665,2.7838443280000003,,
SSD,YGL247W,BRR6,YHR036W,Problem,YGL247W-YHR036W,1.0684871459999998,0.969034785,,,2.91314207,2.8046820169999997,,,,,,,,3.14843452,2.940522107,,
SSD,YGL255W,ZRT1,YLR130C,Problem,YGL255W-YLR130C,0.731508266,1.362882511,,,2.81661428,2.464118558,,,,,,,-0.5017583870000001,2.714927851,2.993806373,,
SSD,YGL257C,MNT2,YNR059W,Problem,YGL257C-YNR059W,1.285995032,0.69636453,,,2.3207709530000002,2.069815958,,,,,,,,2.77357129,1.932985793,,
WGD,YGR004W,PEX31,YLR324W,Problem,YGR004W-YLR324W,1.016955866,1.240698388,,,2.737347367,2.73048555,,,,,,,-0.567591969,2.921108538,3.1379892430000003,,
SSD,YGR007W,ECT1,YGR202C,Problem,YGR007W-YGR202C,1.519885335,1.173692543,,,2.844255153,2.9994044580000003,,,,,,,-0.696156225,3.5309457930000003,3.339902305,,
WGD,YGR008C,STF2,YLR327C,Problem,YGR008C-YLR327C,1.642325234,1.188625902,,,4.052697396,4.142446777,,,,,,-0.531726535,-0.560904259,4.861827934,4.497877984,,
SSD,YGR009C,SEC9,YMR017W,Problem,YGR009C-YMR017W,1.275085582,-0.242937629,,,2.837489957,2.9219742969999998,,,,,,,,3.279380844,1.8458419719999999,,
WGD,YGR010W,NMA2,YLR328W,Problem,YGR010W-YLR328W,1.0471661429999999,1.4761670930000002,,,2.815120191,2.903947249,,,,,,,-0.712870379,3.029091638,3.5469196469999997,,
WGD,YGR023W,MTL1,YLR332W,Problem,YGR023W-YLR332W,0.518252209,1.312539858,,,2.454352863,2.9718728189999997,,,,,,,-0.820304617,2.139410377,3.4512179819999997,,
WGD,YGR027C,RPS25A,YLR333C,Problem,YGR027C-YLR333C,3.279017867,2.899101879,,,3.707080126,3.753780916,,,,,,-0.874681422,-0.775466937,6.152903297000001,5.8196880989999995,,
SSD,YGR029W,ERV1,YPR037C,Problem,YGR029W-YPR037C,1.368990085,1.421342196,,,3.257243041,3.275615674,,,,,,,,3.79303843,3.863763174,,
WGD,YGR038W,ORM1,YLR350W,Problem,YGR038W-YLR350W,1.387319646,1.3178375629999999,,,3.338800156,3.498223191,,,,,,-0.668673949,-0.6889882509999999,3.8929251060000003,3.982866058,,
WGD,YGR041W,BUD9,YLR353W,Problem,YGR041W-YLR353W,1.30504335,0.964373857,,,2.47786599,2.252625524,,,,,,,,2.949714645,2.383804685,,
WGD,YGR043C,NQM1,YLR354C,Problem,YGR043C-YLR354C,0.565176845,2.544654839,,,2.808909467,3.1846021089999996,,,,,,,-0.759825305,2.540891616,4.896062252,,
WGD,YGR049W,SCM4,YLR356W,Problem,YGR049W-YLR356W,1.166396808,1.0684871459999998,,,3.4667172539999997,3.332688367,,,,,,,,3.799919366,3.567980817,,
SSD,YGR055W,MUP1,YHL036W,Problem,YGR055W-YHL036W,1.9074850719999998,0.5467481670000001,,,2.749171032,2.319516777,,,,,,-0.7279262120000001,,3.823461408,2.033070248,,
WGD,YGR056W,RSC1,YLR357W,Problem,YGR056W-YLR357W,1.063720451,1.22893693,,,2.428657008,2.487777702,,,,,,,-0.633577043,2.659182764,2.8835199360000003,,
WGD,YGR070W,ROM1,YLR371W,Problem,YGR070W-YLR371W,0.70221889,1.213183109,,,1.5748481980000002,1.9185412519999998,,,,,,,,1.4438723930000001,2.298529665,,
WGD,YGR071C,ENV11,YLR373C,Problem,YGR071C-YLR373C,0.864103715,1.043415615,,,2.265705763,2.332074545,,,,,,,-0.626536278,2.2966147830000003,2.542295464,,
SSD,YGR081C,SLX9,YLR051C,Problem,YLR051C-YGR081C,1.4170552980000002,1.404177941,,,3.355275738,3.441440304,,,,,,-0.7196493070000001,-0.679645967,3.939136341,4.012423549,,
SSD,YGR086C,PIL1,YPL004C,Problem,YGR086C-YPL004C,2.39814215,2.075436842,,,3.107213308,3.1808303330000003,,,,,,-0.720333056,,4.672160763,4.423072479,,
WGD,YGR092W,DBF2,YPR111W,Problem,YGR092W-YPR111W,1.216567239,0.942757585,,,2.7708841810000004,2.596131136,,,,,,-0.688670048,,3.154256725,2.705694025,,
WGD,YGR097W,ASK10,YPR115W,Problem,YGR097W-YPR115W,1.0894380940000001,1.2514589790000001,,,2.110428409,1.842852909,,,,,,,,2.366671807,2.261117193,,
WGD,YGR108W,CLB1,YPR119W,Problem,YGR108W-YPR119W,1.3445850990000001,1.391971274,,,2.602389057,2.729210409,,,,,,,,3.11377946,3.287986987,,
WGD,YGR109C,CLB6,YPR120C,Problem,YGR109C-YPR120C,0.79919011,1.031965692,,,2.972483453,2.768512225,,,,,,,,2.9384788680000002,2.967283221,,
WGD,YGR131W,FHN1,YPR149W,Problem,YGR131W-YPR149W,0.44896167600000003,2.406028135,,,3.04050231,3.4953312469999998,,,,,,,-0.82087927,2.656269291,5.068164686,,
SSD,YGR132C,PHB1,YGR231C,Problem,YGR132C-YGR231C,1.8503970319999998,1.872848545,,,3.1102301889999997,2.9832023989999996,,,,,,,,4.127432525,4.022856248,,
WGD,YGR141W,VPS62,YPR157W,Problem,YGR141W-YPR157W,0.99459362,0.35095357299999996,,,3.0088845610000003,2.40917174,,,,,,,,3.170283486,1.9269306169999998,,
WGD,YGR142W,BTN2,YPR158W,Problem,YGR142W-YPR158W,1.189424055,1.19888919,,,2.8288766080000003,3.0702011010000003,,,,,,,,3.1851059680000002,3.435895595,,
WGD,YGR143W,SKN1,YPR159W,Problem,YGR143W-YPR159W,1.130477003,1.72406353,,,2.367253598,2.619635204,,,,,,,,2.664535905,3.5105040389999997,,
SSD,YGR163W,GTR2,YML121W,Problem,YGR163W-YML121W,1.225464748,1.290046094,,,3.06776085,2.940472629,,,,,,-0.640923774,-0.632457726,3.4600309019999997,3.397324027,,
SSD,YGR171C,MSM1,YGR264C,Problem,YGR171C-YGR264C,0.862836934,2.1642367890000003,,,2.457128194,2.626724805,,,,,,,-0.9013562740000001,2.4867704330000002,3.9577668989999997,,
SSD,YGR177C,ATF2,YOR377W,Problem,YGR177C-YOR377W,1.2713873390000001,1.139180138,,,2.743557819,2.5503586769999997,,,,,,-0.532022125,,3.1817504619999997,2.8563441189999996,,
WGD,YGR180C,RNR4,YJL026W,Problem,YGR180C-YJL026W,2.38737652,2.181690411,,,3.213313357,3.1024314530000003,,,,,,-0.90868484,-0.942333896,4.767495181,4.450927168,,
SSD,YGR184C,UBR1,YLR024C,Problem,YGR184C-YLR024C,1.546134818,1.093932127,,,1.816048226,1.670893357,,,,,,,,2.528988349,1.931630788,,
WGD,YGR188C,BUB1,YJL013C,Problem,YGR188C-YJL013C,0.73036237,0.868925765,,,2.019340964,2.424733379,,,,,,,,1.9165086390000001,2.460464448,,
SSD,YGR203W,YCH1,YPR200C,Problem,YGR203W-YPR200C,1.1792381140000001,0.719322852,,,3.484703042,2.686700618,,,,,,-0.656492938,,3.83074646,2.572828775,,
WGD,YGR209C,TRX2,YLR043C,Problem,YGR209C-YLR043C,2.463090662,2.483313591,,,3.804781045,3.7225048089999997,,,,,,-0.7444862870000001,-0.813043665,5.434677011000001,5.372623704,,
WGD,YGR221C,TOS2,YHR149C,Problem,YGR221C-YHR149C,0.711005057,1.233373626,,,2.215872566,2.5567275069999997,,,,,,,-0.691649051,2.0936829269999997,2.9569064380000003,,
WGD,YGR230W,BNS1,YHR152W,Problem,YGR230W-YHR152W,0.897956712,1.466690443,,,3.5011896630000003,3.530412322,,,,,,,,3.565951679,4.16390807,,
WGD,YGR238C,KEL2,YHR158C,Problem,YGR238C-YHR158C,0.840938738,1.274676218,,,2.025699108,2.340704553,,,,,,,-0.647624505,2.03344315,2.7821860760000003,,
SSD,YGR240C,PFK1,YMR205C,Problem,YGR240C-YMR205C,2.583310261,2.561455809,,,2.63277845,2.5922647480000003,,,,,,-0.8885694479999999,-0.868060705,4.382894016,4.320525861,,
WGD,YGR241C,YAP1802,YHR161C,Problem,YGR241C-YHR161C,1.25882734,1.0894380940000001,,,2.642841715,2.58878095,,,,,,-0.712646227,,3.06847436,2.8450243489999996,,
SSD,YGR246C,BRF1,YPR086W,Problem,YGR246C-YPR086W,1.162596443,1.5376793,,,2.732501651,2.968545087,,,,,,,-0.6644418120000001,3.061903398,3.6730296910000004,,
WGD,YGR248W,SOL4,YHR163W,Problem,YGR248W-YHR163W,0.727772995,1.906070991,,,3.264001136,3.029119347,,,,,,,-0.5928641379999999,3.158579435,4.101995641999999,,
WGD,YGR256W,GND2,YHR183W,Problem,YGR256W-YHR183W,0.173485785,2.51010274,,,2.7334652239999997,3.0350070380000003,,,,,,,-0.7595755670000001,2.073756314,4.711915082,,
SSD,YGR258C,RAD2,YKL113C,Problem,YGR258C-YKL113C,0.890878872,1.439874295,,,2.205858063,2.920366899,,,,,,,-0.5870357279999999,2.26354224,3.5270464980000003,,
SSD,YGR276C,RNH70,YLR107W,Problem,YGR276C-YLR107W,1.241583259,1.073722827,,,2.7564401380000003,2.723305061,,,,,,,,3.164828702,2.963833193,,
WGD,YGR279C,SCW4,YMR305C,Problem,YGR279C-YMR305C,2.393332171,2.039407189,,,3.218105066,3.056517009,,,,,,-0.659754238,,4.778242542,4.262729502,,
WGD,YHL003C,LAG1,YKL008C,Problem,YHL003C-YKL008C,1.6996403740000001,1.690084109,,,2.891663868,2.923460027,,,,,,,-0.695509472,3.758109546,3.7803494410000003,,
WGD,YHL035C,VMR1,YLL048C,Problem,YHL035C-YLL048C,1.201126573,1.763116287,,,1.270381686,1.92094368,,,,,,,-0.716585688,1.6383135640000002,2.850865272,,
WGD,YHR001W,OSH7,YKR003W,Problem,YHR001W-YKR003W,1.424660325,1.553438441,,,2.935998751,2.684644947,,,,,,,-0.692290077,3.527464381,3.404888693,,
WGD,YHR003C,TCD1,YKL027W,Problem,YHR003C-YKL027W,1.304508363,1.216286233,,,2.7991186530000003,2.855939422,,,,,,-0.647046088,-0.722276211,3.2704323210000004,3.23903096,,
WGD,YHR021C,RPS27B,YKL156W,Problem,YHR021C-YKL156W,3.018446425,2.590490627,,,3.964052702,3.9615794280000003,,,,,,-0.96197626,-0.8892419909999999,6.149304431,5.71887536,,
SSD,YHR028C,DAP2,YOR219C,Problem,YHR028C-YOR219C,1.576074659,1.065712936,,,2.365214114,2.292506485,,,,,,,,3.108094078,2.525024725,,
SSD,YHR031C,RRM3,YML061C,Problem,YHR031C-YML061C,0.9696965679999999,1.020940925,,,2.3580081969999998,2.33822445,,,,,,,,2.494510069,2.5259706790000003,,
SSD,YHR035W,NEL1,YPR181C,Problem,YHR035W-YPR181C,0.235081856,2.032838559,,,2.486399998,2.640205604,,,,,,,,1.888287159,3.839849468,,
SSD,YHR088W,RPF1,YNL075W,Problem,YHR088W-YNL075W,1.2288459109999998,1.4710378769999999,,,3.4283650139999997,3.2389580239999995,,,,,,,,3.8240162289999997,3.876801205,,
SSD,YHR113W,APE4,YKL103C,Problem,YHR113W-YKL103C,1.424892227,1.4970325219999998,,,2.851481072,2.925629647,,,,,,,-0.42974902299999995,3.443178604,3.5894674739999997,,
WGD,YHR115C,DMA1,YNL116W,Problem,YHR115C-YNL116W,1.345072953,1.076058447,,,2.7686104030000003,2.8246467560000004,,,,,,,,3.280488661,3.0675105080000002,,
WGD,YHR117W,TOM71,YNL121C,Problem,YHR117W-YNL121C,1.502011003,1.9384798319999998,,,2.562753668,2.775392578,,,,,,-0.668167956,-0.5791369789999999,3.231569975,3.880677715,,
WGD,YHR123W,EPT1,YNL130C,Problem,YHR123W-YNL130C,1.3670079069999999,1.737136351,,,2.9873199919999998,2.8270596460000004,,,,,,-0.42159003,,3.521133204,3.7310013019999997,,
WGD,YHR133C,NSG1,YNL156C,Problem,YHR133C-YNL156C,1.7849056030000001,1.35770387,,,3.058656993,2.96609764,,,,,,-0.736245611,-0.569038547,4.010367899999999,3.490606815,,
WGD,YHR135C,YCK1,YNL154C,Problem,YHR135C-YNL154C,1.5986006000000001,1.7409042909999999,,,2.759668458,2.789785152,,,,,,-0.730370326,-0.7610761540000001,3.525074362,3.697494747,,
WGD,YHR155W,YSP1,YNL257C,Problem,YHR155W-YNL257C,1.16047067,1.167341725,,,1.864519335,1.8466738169999999,,,,,,,,2.19179531,2.1808208469999997,,
SSD,YHR179W,OYE2,YPL171C,Problem,YHR179W-YPL171C,2.453049531,-0.27950179,,,3.160431298,2.604654047,,,,,,-0.6775739479999999,,4.780286133,1.491957561,,
SSD,YHR198C,AIM18,YHR199C,Problem,YHR198C-YHR199C,0.993499482,1.4960496209999998,,,3.003951,2.798469873,,,,,,,,3.1642557860000005,3.461324799,,
WGD,YHR208W,BAT1,YJR148W,Problem,YJR148W-YHR208W,2.3690889569999998,2.282147437,,,2.995315352,3.038561858,,,,,,,-0.511590311,4.531209614,4.487514599,,
WGD,YIL011W,TIR3,YOR010C,Problem,YIL011W-YOR010C,0.537008229,0.223257402,,,3.3246873860000004,2.7365562789999998,,,,,,,,3.02850092,2.126618985,,
WGD,YIL013C,PDR11,YOR011W,Problem,YIL013C-YOR011W,0.20633469699999998,0.8995140220000001,,,1.733978056,1.625842816,,,,,,,,1.107118057,1.6921621430000002,,
SSD,YIL021W,RPB3,YPR110C,Problem,YIL021W-YPR110C,1.655814799,2.066176537,,,3.208151182,3.0586932460000003,,,,,,-0.8315025159999999,-0.771214799,4.030771285,4.291675088,,
SSD,YIL035C,CKA1,YOR061W,Problem,YIL035C-YOR061W,1.492641436,1.58075526,,,2.939257806,3.047252421,,,,,,-0.8332739440000001,-0.817870786,3.5987045460000004,3.794812985,,
WGD,YIL095W,PRK1,YNL020C,Problem,YIL095W-YNL020C,0.922596077,0.812212686,,,2.477474277,2.550407099,,,,,,,,2.566875659,2.529425089,,
SSD,YIL103W,DPH1,YKL191W,Problem,YIL103W-YKL191W,1.253441865,1.6505725709999999,,,2.87578544,2.5279777919999997,,,,,,-0.689731633,-0.697885623,3.29603261,3.3453556669999998,,
WGD,YIL105C,SLM1,YNL047C,Problem,YIL105C-YNL047C,1.155757018,0.927906934,,,2.619297901,2.37720437,,,,,,-0.706637445,,2.9418602239999996,2.471916609,,
WGD,YIL113W,SDP1,YNL053W,Problem,YIL113W-YNL053W,0.478632347,1.003248886,,,2.9996952739999996,2.562375384,,,,,,,,2.645132925,2.732429575,,
WGD,YIL114C,POR2,YNL055C,Problem,YIL114C-YNL055C,1.279320252,2.508547085,,,2.955216142,3.38047408,,,,,,,-0.504039605,3.4013416989999996,5.055826468999999,,
WGD,YIL120W,QDR1,YNL065W,Problem,YNL065W-YIL120W,0.38971454200000005,0.8705905279999999,,,2.1410393290000003,2.582323599,,,,,,,-0.5537735979999999,1.697559176,2.619719431,,
WGD,YIL123W,SIM1,YNL066W,Problem,YIL123W-YNL066W,2.201514509,2.20522117,,,3.122720362,2.89937742,,,,,,,-0.7021301090000001,4.491040175,4.271403894,,
SSD,YIL126W,STH1,YOR290C,Problem,YIL126W-YOR290C,1.597082699,1.4593644369999998,,,2.129313306,1.902952809,,,,,,-0.6493643920000001,,2.8932013089999997,2.529122551,,
WGD,YIL131C,FKH1,YNL068C,Problem,YIL131C-YNL068C,1.321676981,1.106176933,,,2.744436271,2.395831588,,,,,,,,3.232918557,2.668813826,,
WGD,YIL133C,RPL16A,YNL069C,Problem,YIL133C-YNL069C,2.891399872,3.2140551630000003,,,3.394368983,3.4182738460000004,,,,,,-0.95683428,,5.45257416,5.799134314,,
WGD,YIL135C,VHS2,YNL074C,Problem,YIL135C-YNL074C,1.0828634959999999,1.2648177040000002,,,2.9317314710000004,2.957714165,,,,,,-0.6663512429999999,,3.1814002710000002,3.3893371739999996,,
WGD,YIL138C,TPM2,YNL079C,Problem,YIL138C-YNL079C,1.853734941,2.340718701,,,3.549443153,3.606348872,,,,,,-0.7730136540000001,,4.569983398,5.1138728769999995,,
WGD,YIL149C,MLP2,YKR095W,Problem,YIL149C-YKR095W,1.292332897,1.51104012,,,1.745043338,1.89570003,,,,,,,-0.6671577329999999,2.20418154,2.573545455,,
WGD,YIL151C,ESL1,YKR096W,Problem,YIL151C-YKR096W,1.153922044,1.124962078,,,1.698821364,2.020282888,,,,,,,,2.0195487130000003,2.312050271,,
SSD,YIL153W,RRD1,YPL152W,Problem,YIL153W-YPL152W,1.16912098,1.06861881,,,2.702309909,2.898868965,,,,,,-0.606512542,,3.0382361939999996,3.13429308,,
WGD,YIL156W,UBP7,YKR098C,Problem,YIL156W-YKR098C,1.002176364,0.721377646,,,2.090305525,2.07691679,,,,,,,,2.259287193,1.96509974,,
WGD,YIL158W,AIM20,YKR100C,Problem,YIL158W-YKR100C,1.4226841430000001,1.329616506,,,3.0173118189999997,2.8101747639999997,,,,,,-0.620785159,-0.6879284790000001,3.606801266,3.306596574,,
WGD,YIR018W,YAP5,YOL028C,Problem,YIR018W-YOL028C,1.203449009,1.209201337,,,2.963946501,3.0714422989999997,,,,,,,,3.334200814,3.447448941,,
WGD,YIR021W,MRS1,YKL011C,Problem,YIR021W-YKL011C,1.026778304,0.882068539,,,2.708793814,2.749764685,,,,,,,,2.902377423,2.798638528,,
SSD,YIR031C,DAL7,YNL117W,Problem,YIR031C-YNL117W,0.765874058,-0.35634182,,,1.584779291,2.1096816130000002,,,,,,,,1.5174586540000001,0.920145097,,
WGD,YIR033W,MGA2,YKL020C,Problem,YIR033W-YKL020C,1.461340813,1.1580130990000002,,,2.214828435,2.28132126,,,,,,,,2.842974552,2.606139663,,
SSD,YJL031C,BET4,YKL019W,Problem,YJL031C-YKL019W,1.300667743,1.409134452,,,2.9229407210000002,2.8631008760000003,,,,,,,,3.390413769,3.4390406319999998,,
WGD,YJL058C,BIT61,YBR270C,Problem,YBR270C-YJL058C,0.671796339,0.344724541,,,2.5900441119999997,2.200115791,,,,,,,,2.428645755,1.711645637,,
WGD,YJL079C,PRY1,YKR013W,Problem,YJL079C-YKR013W,1.178318756,1.716814605,,,3.39975227,3.320961272,,,,,,-0.519777401,,3.74487633,4.204581181,,
WGD,YJL083W,TAX4,YKR019C,Problem,YJL083W-YKR019C,0.864314487,0.7521795579999999,,,2.378576039,2.510598618,,,,,,,,2.40969583,2.429583481,,
WGD,YJL084C,ALY2,YKR021W,Problem,YJL084C-YKR021W,0.9209345870000001,0.9253511790000001,,,2.324391266,2.26022873,,,,,,,,2.412131158,2.352385214,,
SSD,YJL092W,SRS2,YOL095C,Problem,YJL092W-YOL095C,1.167865793,0.784500619,,,1.8646122669999998,2.279411729,,,,,,,,2.1992833640000002,2.230717653,,
WGD,YJL098W,SAP185,YKR028W,Problem,YJL098W-YKR028W,1.305653958,1.512653188,,,2.286797651,2.118471228,,,,,,-0.651111277,,2.759256913,2.797929721,,
WGD,YJL099W,CHS6,YKR027W,Problem,YJL099W-YKR027W,0.9098822870000001,0.9961519090000001,,,2.443665127,2.336150748,,,,,,,,2.520352719,2.499107962,,
SSD,YJL102W,MEF2,YLR069C,Problem,YJL102W-YLR069C,0.6655140860000001,1.2640629190000001,,,2.362756975,2.607411584,,,,,,,-0.635167695,2.195076366,3.038279808,,
WGD,YJL105W,SET4,YKR029C,Problem,YJL105W-YKR029C,-0.22704703399999998,1.023723465,,,2.392140363,2.627428046,,,,,,,,1.331898633,2.817956816,,
WGD,YJL112W,MDV1,YKR036C,Problem,YJL112W-YKR036C,1.093683675,1.088307282,,,2.333422395,2.254071546,,,,,,-0.624976871,,2.593911374,2.5091841319999997,,
WGD,YJL116C,NCA3,YKR042W,Problem,YJL116C-YKR042W,0.17760235100000002,2.498458681,,,2.994051952,3.211913975,,,,,,,,2.338459608,4.87717796,,
WGD,YJL129C,TRK1,YKR050W,Problem,YJL129C-YKR050W,1.237408599,1.022554041,,,1.5988695590000002,1.021293388,,,,,,,,2.0030834630000003,1.210652734,,
WGD,YJL133W,MRS3,YKR052C,Problem,YJL133W-YKR052C,1.261284099,1.189224654,,,2.782168687,2.954162222,,,,,,,-0.605811077,3.21025809,3.310192181,,
WGD,YJL134W,LCB3,YKR053C,Problem,YJL134W-YKR053C,1.283834956,0.7565225390000001,,,2.916345305,1.953770965,,,,,,,,3.366985565,1.877098809,,
WGD,YJL136C,RPS21B,YKR057W,Problem,YJL136C-YKR057W,3.0291303910000003,2.8938754689999997,,,3.8475659369999997,3.780210327,,,,,,-0.915960219,-1.008773924,6.043501632999999,5.840891101,,
WGD,YJL137C,GLG2,YKR058W,Problem,YJL137C-YKR058W,0.910451108,0.53924111,,,2.8031928369999997,1.9617147030000002,,,,,,,,2.8804492489999998,1.667761118,,
WGD,YJL139C,YUR1,YKR061W,Problem,YJL139C-YKR061W,0.965042774,0.721084698,,,2.735961086,2.135658661,,,,,,,,2.867809165,2.023548664,,
WGD,YJL164C,TPK1,YKL166C,Problem,YJL164C-YKL166C,1.310055372,1.23901215,,,2.863456225,2.925635227,,,,,,-0.5667903910000001,-0.6402593520000001,3.340316902,3.331452681,,
WGD,YJL165C,HAL5,YKL168C,Problem,YJL165C-YKL168C,1.214502295,0.8626254440000001,,,2.412993406,2.409015144,,,,,,,,2.794301005,2.438445892,,
WGD,YJL177W,RPL17B,YKL180W,Problem,YJL177W-YKL180W,2.7889523510000003,3.101037005,,,3.45938004,3.48408857,,,,,,-0.930331903,-0.8682209909999999,5.415137695,5.75193088,,
WGD,YJL196C,ELO1,YCR034W,Problem,YCR034W-YJL196C,1.877104655,1.91948947,,,3.062222269,3.006486181,,,,,,-0.5824452760000001,-0.901183283,4.106132228,4.092780955,,
WGD,YJL198W,PHO90,YCR037C,Problem,YCR037C-YJL198W,1.342277806,1.108344796,,,2.3782301180000003,1.962255301,,,,,,-0.665445729,,2.887313228,2.237405402,,
SSD,YJL212C,OPT1,YPR194C,Problem,YJL212C-YPR194C,1.517035041,0.392845734,,,2.469592695,1.562992683,,,,,,-0.596022036,,3.1534330410000004,1.122643722,,
SSD,YJR014W,TMA22,YNL244C,Problem,YNL244C-YJR014W,1.9495640269999999,2.4897108180000003,,,3.5680862039999997,3.676288543,,,,,,-0.880909148,,4.684455536000001,5.332804666,,
SSD,YJR032W,CPR7,YLR216C,Problem,YJR032W-YLR216C,1.328242956,2.193442343,,,3.033154938,3.125563988,,,,,,-0.631620128,-0.7190803370000001,3.5282031989999996,4.485811635,,
WGD,YJR049C,UTR1,YEL041W,Problem,YEL041W-YJR049C,1.316723701,0.560536451,,,2.673527315,2.567415773,,,,,,-0.596450546,,3.15705632,2.294757529,,
WGD,YJR059W,PTK2,YKL198C,Problem,YJR059W-YKL198C,1.4615006659999998,1.0609155259999998,,,2.386123973,2.3034687430000003,,,,,,-0.752394936,,3.0144299439999998,2.5311895730000002,,
WGD,YJR066W,TOR1,YKL203C,Problem,YJR066W-YKL203C,1.243171497,1.200155214,,,1.5869319030000002,1.565015134,,,,,,,,1.996908705,1.931975652,,
SSD,YJR113C,RSM7,YJR123W,Problem,YJR113C-YJR123W,1.415458951,3.36436351,,,3.0512523739999997,3.37575362,,,,,,-0.652962866,,3.63351663,5.906922434,,
WGD,YJR127C,RSF2,YML081W,Problem,YJR127C-YML081W,1.043415615,1.324607455,,,1.790514868,1.7732565740000001,,,,,,,,2.000735788,2.264669333,,
SSD,YKL009W,MRT4,YLR340W,Problem,YKL009W-YLR340W,1.819305578,3.278797228,,,3.424910278,3.125080464,,,,,,-0.830619505,,4.41102116,5.570682996,,
WGD,YKL026C,GPX1,YIR037W,Problem,YIR037W-YKL026C,0.511182691,1.8218225590000001,,,2.713280188,3.7086515039999997,,,,,,,-0.610213938,2.391268183,4.697279367,,
WGD,YKL043W,PHD1,YMR016C,Problem,YKL043W-YMR016C,1.321309278,1.123456322,,,2.665904009,2.499763338,,,,,,,-0.672641066,3.1540185910000003,2.7900249639999997,,
SSD,YKL046C,DCW1,YMR238W,Problem,YKL046C-YMR238W,1.5345837519999999,1.424718312,,,2.970949285,2.883349313,,,,,,-0.7798919120000001,-0.770574152,3.672338341,3.47487293,,
WGD,YKL062W,MSN4,YMR037C,Problem,YKL062W-YMR037C,0.7892855879999999,1.172864921,,,2.765125498,2.609700924,,,,,,,-0.655313056,2.72121639,2.9493711489999996,,
WGD,YKL065C,YET1,YMR040W,Problem,YKL065C-YMR040W,1.7870004169999998,0.38082516299999997,,,3.268083714,2.954794081,,,,,,-0.71354353,,4.221889435,2.502424549,,
WGD,YKL068W,NUP100,YMR047C,Problem,YKL068W-YMR047C,1.4336707880000001,1.4620862909999999,,,2.37759235,2.364046552,,,,,,-0.642541614,,2.978068443,2.992938148,,
WGD,YKL072W,STB6,YMR053C,Problem,YKL072W-YMR053C,0.973973745,0.37760576799999995,,,2.344206687,1.983705649,,,,,,,,2.484985736,1.5281167219999998,,
SSD,YKL106W,AAT1,YLR027C,Problem,YKL106W-YLR027C,1.46091425,2.2393054930000003,,,2.620933983,2.9878423639999996,,,,,,-0.609771638,,3.248653537,4.393953162,,
SSD,YKL124W,SSH4,YMR171C,Problem,YKL124W-YMR171C,0.831724383,1.276474542,,,2.585292324,2.392898418,,,,,,,,2.583822011,2.836178265,,
WGD,YKL126W,YPK1,YMR104C,Problem,YKL126W-YMR104C,1.5861862740000001,0.76001951,,,2.60514415,2.469451732,,,,,,-0.7490923,,3.358135729,2.3962765459999997,,
WGD,YKL127W,PGM1,YMR105C,Problem,YKL127W-YMR105C,1.754790555,1.361140775,,,2.884239343,2.8663385710000004,,,,,,-0.663240166,-0.40671393299999997,3.805835203,3.3942846510000004,,
WGD,YKL129C,MYO3,YMR109W,Problem,YKL129C-YMR109W,1.217035178,1.6152557090000002,,,2.259489872,2.1654751080000003,,,,,,-0.663340177,-0.727578174,2.643330355,2.947536121,,
WGD,YKL132C,RMA1,YMR113W,Problem,YKL132C-YMR113W,0.687907032,1.066771869,,,1.8779786269999998,2.8207862319999997,,,,,,,,1.732690963,3.054363405,,
WGD,YKL161C,KDX1,YHR030C,Problem,YHR030C-YKL161C,0.5554170070000001,1.433102415,,,1.576466659,2.6975775960000004,,,,,,,-0.667460553,1.29868897,3.297485315,,
WGD,YKL187C,FAT3,YLR413W,Problem,YKL187C-YLR413W,0.39657360700000005,2.03127761,,,1.310849427,2.6846306560000004,,,,,,,-0.6692819210000001,0.8742283390000001,3.88271357,,
SSD,YKL188C,PXA2,YPL147W,Problem,YKL188C-YPL147W,0.13794746,0.382106269,,,1.756695689,2.09024232,,,,,,,,1.061448454,1.639153893,,
SSD,YKL196C,YKT6,YLR268W,Problem,YKL196C-YLR268W,2.002375747,1.6353843069999998,,,3.389725002,3.318316532,,,,,,,-0.624702262,4.558906053,4.120506143,,
WGD,YKR072C,SIS2,YOR054C,Problem,YKR072C-YOR054C,1.386370644,0.806473028,,,2.672967899,2.630783488,,,,,,-0.7443657340000001,,3.226143848,2.6040618209999997,,
WGD,YKR077W,MSA2,YOR066W,Problem,YKR077W-YOR066W,0.682496184,0.9939687359999999,,,3.3132527780000003,2.649663605,,,,,,,,3.162554267,2.8104376460000005,,
WGD,YKR084C,HBS1,YOR076C,Problem,YKR084C-YOR076C,1.4881052909999999,1.020352848,,,2.766466295,2.454902546,,,,,,-0.695617198,,3.4213768910000004,2.642060699,,
WGD,YKR089C,TGL4,YOR081C,Problem,YKR089C-YOR081C,1.308618437,1.036241681,,,2.2197575819999997,2.418004898,,,,,,,,2.695181323,2.621051884,,
WGD,YLL010C,PSR1,YLR019W,Problem,YLL010C-YLR019W,1.277452316,1.345072953,,,2.9084310110000002,2.7324033439999997,,,,,,-0.682145511,,3.3526886310000004,3.2442816010000004,,
WGD,YLL012W,YEH1,YLR020C,Problem,YLL012W-YLR020C,1.164500782,1.283112536,,,2.6444989530000003,2.534335689,,,,,,-0.626168855,-0.587707491,2.975805039,2.98425353,,
SSD,YLL023C,POM33,YLR064W,Problem,YLL023C-YLR064W,1.375337906,1.4456590409999999,,,3.252628638,3.078116161,,,,,,-0.580539927,-0.770702206,3.794771849,3.690580507,,
SSD,YLL027W,ISA1,YPR067W,Problem,YLL027W-YPR067W,1.311261747,1.344375851,,,3.230198386,2.991101444,,,,,,-0.571217489,,3.7082654369999997,3.502282599,,
SSD,YLL061W,MMP1,YPL274W,Problem,YLL061W-YPL274W,1.275331016,1.532869489,,,2.587758526,2.7109142580000003,,,,,,,-0.678712335,3.0298948460000004,3.410589051,,
SSD,YLR008C,PAM18,YNL328C,Problem,YLR008C-YNL328C,1.6136073880000001,0.88408664,,,3.378092594,3.1582193160000003,,,,,,,,4.158505287,3.20911126,,
SSD,YLR017W,MEU1,YLR209C,Problem,YLR017W-YLR209C,1.6854963930000002,1.304661284,,,3.067557835,3.1106561110000004,,,,,,-0.618343517,,3.9198595330000003,3.5821226989999997,,
SSD,YLR023C,IZH3,YOL002C,Problem,YLR023C-YOL002C,1.290757081,1.3737107240000002,,,2.417044997,2.998230535,,,,,,,,2.8746073830000003,3.5387465639999998,,
WGD,YLR028C,ADE16,YMR120C,Problem,YLR028C-YMR120C,1.870943469,1.983622252,,,2.756299499,2.868384608,,,,,,-0.827543026,-0.5566587679999999,3.794048273,4.018812165,,
WGD,YLR089C,ALT1,YDR111C,Problem,YDR111C-YLR089C,1.5961459619999998,1.021674902,,,2.748387012,2.585325306,,,,,,,,3.511338278,2.773805513,,
SSD,YLR144C,ACF2,YNR067C,Problem,YLR144C-YNR067C,1.076705007,1.830860386,,,2.517934603,2.420747332,,,,,,,-0.578313828,2.761444915,3.4184130230000003,,
SSD,YLR146C,SPE4,YPR069C,Problem,YLR146C-YPR069C,1.2579769490000001,2.327888019,,,2.985836274,3.221858174,,,,,,,-0.778455363,3.410618527,4.716551498,,
WGD,YLR187W,SKG3,YNL278W,Problem,YLR187W-YNL278W,1.051432737,0.952669841,,,2.45020801,2.316786046,,,,,,-0.621874754,-0.613144471,2.6684460519999997,2.436261192,,
WGD,YLR260W,LCB5,YOR171C,Problem,YLR260W-YOR171C,1.097395616,1.3336397759999998,,,2.443462314,2.702391862,,,,,,,-0.609064893,2.707663234,3.202836942,,
WGD,YLR264W,RPS28B,YOR167C,Problem,YLR264W-YOR167C,2.8057743210000003,2.9878475539999996,,,4.059941936,3.9612722860000003,,,,,,-0.7634627390000001,-0.9673812390000001,6.032521562,6.115925144,,
WGD,YLR266C,PDR8,YOR162C,Problem,YLR266C-YOR162C,0.983205786,0.849743793,,,1.943851772,2.0708672409999997,,,,,,,,2.093862862,2.0874163390000002,,
WGD,YLR270W,DCS1,YOR173W,Problem,YLR270W-YOR173W,1.432248456,0.864735723,,,3.190040536,2.744181695,,,,,,-0.559012249,,3.789094296,2.775722722,,
WGD,YLR273C,PIG1,YOR178C,Problem,YLR273C-YOR178C,0.527502707,-0.617254593,,,2.197558077,2.251279039,,,,,,,,1.8918660880000002,0.800829751,,
SSD,YLR284C,ECI1,YOR180C,Problem,YLR284C-YOR180C,0.58043128,0.7439175240000001,,,3.133708968,1.826650231,,,,,,,,2.880945552,1.73737306,,
WGD,YLR293C,GSP1,YOR185C,Problem,YLR293C-YOR185C,2.7195170060000002,1.4223344690000002,,,3.429359298,3.344380159,,,,,,,,5.315681608,3.933519933,,
WGD,YLR300W,EXG1,YOR190W,Problem,YLR300W-YOR190W,2.2397051869999998,0.071374578,,,2.898534208,2.087293361,,,,,,-0.666552726,,4.3050447,1.325473244,,
WGD,YLR342W,FKS1,YGR032W,Problem,YGR032W-YLR342W,2.322455485,1.089563558,,,1.9834046440000002,1.852721735,,,,,,-0.690156995,,3.472665433,2.1090905980000003,,
SSD,YLR361C,DCR2,YOR137C,Problem,YLR361C-YOR137C,1.167026981,0.780940808,,,2.492655865,1.924088065,,,,,,,,2.82648815,1.871834178,,
SSD,YLR389C,STE23,YPR122W,Problem,YLR389C-YPR122W,1.4492905630000001,1.1301343640000001,,,2.3082916680000003,2.000348601,,,,,,,,2.9243875360000002,2.29728827,,
SSD,YLR401C,DUS3,YNR015W,Problem,YLR401C-YNR015W,1.37273148,1.2843159020000001,,,2.6566640280000002,2.8559662510000003,,,,,,,-0.610568102,3.196200813,3.3070874580000003,,
SSD,YLR405W,DUS4,YML080W,Problem,YLR405W-YML080W,1.066771869,1.112886167,,,2.871386104,2.9544814410000004,,,,,,-0.587875594,-0.622329561,3.104963277,3.234172913,,
WGD,YLR433C,CNA1,YML057W,Problem,YLR433C-YML057W,1.25085369,1.295076892,,,2.764687359,2.712671055,,,,,,-0.701256057,-0.650528201,3.182346354,3.174553252,,
WGD,YLR442C,SIR3,YML065W,Problem,YLR442C-YML065W,0.957797344,1.1029047109999999,,,2.327832947,2.387339626,,,,,,,,2.452435596,2.657049641,,
WGD,YLR449W,FPR4,YML074C,Problem,YLR449W-YML074C,1.89750795,2.054517014,,,3.1488828989999997,3.18123947,,,,,,-0.800244823,-0.8335698859999999,4.213196153,4.402561789,,
WGD,YLR450W,HMG2,YML075C,Problem,YLR450W-YML075C,1.3724045740000002,1.476218595,,,2.235890394,2.236426063,,,,,,-0.589644617,-0.689944262,2.775100272,2.879449962,,
WGD,YML016C,PPZ1,YDR436W,Problem,YDR436W-YML016C,1.151970643,0.846023435,,,2.547007673,2.495297548,,,,,,-0.7044329,,2.86578362,2.508126288,,
WGD,YML027W,YOX1,YDR451C,Problem,YDR451C-YML027W,1.063454095,1.308391117,,,3.035112097,3.103936679,,,,,,,,3.265371497,3.5791331,,
WGD,YML085C,TUB1,YML124C,Problem,YML124C-YML085C,2.140040935,1.8932509919999998,,,2.8927050430000003,2.816607308,,,,,,-0.701256057,-0.7133190309999999,4.199551282,3.876663605,,
WGD,YML087C,AIM33,YML125C,Problem,YML125C-YML087C,0.210152695,1.955804813,,,2.623332506,2.983692483,,,,,,,-0.815166666,2.000290505,4.106302601,,
WGD,YML100W,TSL1,YMR261C,Problem,YML100W-YMR261C,1.6526015859999998,1.600964166,,,2.379773401,2.460296864,,,,,,-0.438779321,-0.741362717,3.199180292,3.228066335,,
WGD,YML106W,URA5,YMR271C,Problem,YML106W-YMR271C,2.304026311,0.548931653,,,3.164370476,2.798412349,,,,,,-0.908333042,,4.635202092,2.514149307,,
WGD,YML111W,BUL2,YMR275C,Problem,YML111W-YMR275C,1.2318394940000001,1.181781723,,,2.281635873,2.245489341,,,,,,,,2.680280671,2.594076368,,
WGD,YML118W,NGL3,YMR285C,Problem,YML118W-YMR285C,0.345421084,1.103391043,,,2.256595054,2.816240249,,,,,,,,1.7688214430000002,3.086436597,,
SSD,YMR035W,IMP2,YMR150C,Problem,YMR035W-YMR150C,1.167551428,1.3401695759999999,,,3.066043578,3.078894457,,,,,,,,3.40040031,3.585869338,,
SSD,YMR042W,ARG80,YMR043W,Problem,YMR042W-YMR043W,0.9485238000000001,1.458077637,,,3.099226752,3.2053269660000003,,,,,,,-0.68131073,3.214555856,3.830209908,,
SSD,YMR054W,STV1,YOR270C,Problem,YMR054W-YOR270C,1.44582477,2.1764022880000002,,,2.3459383590000003,2.480186313,,,,,,,-0.9071039890000001,2.9585684339999996,3.823393905,,
WGD,YMR119W,ASI1,YNL008C,Problem,YMR119W-YNL008C,1.241671647,1.112172258,,,2.295358004,2.426647773,,,,,,,,2.703834955,2.705625336,,
WGD,YMR177W,MMT1,YPL224C,Problem,YMR177W-YPL224C,0.959662363,1.090190336,,,2.711851265,2.656638055,,,,,,,,2.838318933,2.913633696,,
WGD,YMR180C,CTL1,YPL228W,Problem,YMR180C-YPL228W,0.943987135,1.19210704,,,2.538502302,2.858573645,,,,,,,-0.5537735979999999,2.649294742,3.21748599,,
WGD,YMR182C,RGM1,YPL230W,Problem,YMR182C-YPL230W,0.064784247,0.21862241100000002,,,3.1176968339999998,2.441267757,,,,,,,,2.3492863859999997,1.826695473,,
WGD,YMR183C,SSO2,YPL232W,Problem,YMR183C-YPL232W,1.903479326,1.673696114,,,3.219469529,3.140392298,,,,,,-0.66735959,,4.289754159,3.980893716,,
WGD,YMR195W,ICY1,YPL250C,Problem,YPL250C-YMR195W,1.326065309,1.187926314,,,3.56476104,3.621154305,,,,,,,,4.057631654,3.975885924,,
WGD,YMR198W,CIK1,YPL253C,Problem,YMR198W-YPL253C,1.001254947,0.831042423,,,2.4622235530000003,2.551713535,,,,,,,,2.6302838040000003,2.549561263,,
WGD,YMR199W,CLN1,YPL256C,Problem,YMR199W-YPL256C,1.236694005,1.480421147,,,2.573179846,2.6562784759999998,,,,,,,,2.9766791560000003,3.303504928,,
WGD,YMR207C,HFA1,YNR016C,Problem,YMR207C-YNR016C,0.9860808609999999,2.376499235,,,1.3765525930000002,2.0192334880000002,,,,,,,-0.811212087,1.529438759,3.562538027,,
WGD,YMR233W,TRI1,YOR295W,Problem,YMR233W-YOR295W,1.046612549,0.9635362590000001,,,3.133631807,3.066113488,,,,,,,,3.34704966,3.1964550519999997,,
WGD,YMR237W,BCH1,YOR299W,Problem,YMR237W-YOR299W,1.636881015,1.229936876,,,2.506271244,2.329970177,,,,,,-0.765989182,,3.309957564,2.726712357,,
WGD,YMR246W,FAA4,YOR317W,Problem,YMR246W-YOR317W,2.07546276,1.6718619869999998,,,2.680030929,2.8053942060000003,,,,,,-0.7509239959999999,-0.6604491889999999,3.9222989939999997,3.644061498,,
SSD,YNL025C,SSN8,YPR025C,Problem,YNL025C-YPR025C,0.98352618,1.069539344,,,2.722460237,2.893787355,,,,,,,,2.872791721,3.130132003,,
WGD,YNL049C,SFB2,YIL109C,Problem,YIL109C-YNL049C,1.307556591,1.84474681,,,2.330797269,2.515361697,,,,,,-0.6747923109999999,,2.805159165,3.5269138110000005,,
WGD,YNL087W,TCB2,YOR086C,Problem,YNL087W-YOR086C,1.61957153,1.706058185,,,2.2177278,2.2729540569999998,,,,,,-0.781333229,-0.751658843,3.004104634,3.1458175460000004,,
WGD,YNL104C,LEU4,YOR108W,Problem,YNL104C-YOR108W,2.070667621,1.764497362,,,2.7274618530000003,2.612451608,,,,,,-0.7437634670000001,-0.758080147,3.9649347789999996,3.543754274,,
WGD,YNL106C,INP52,YOR109W,Problem,YNL106C-YOR109W,0.908932594,1.530421732,,,2.162220815,2.2625114330000002,,,,,,,-0.72250539,2.237958714,2.959738469,,
SSD,YNL113W,RPC19,YOL005C,Problem,YNL113W-YOL005C,1.8248330369999999,1.686893657,,,3.625999312,3.8103644310000004,,,,,,-0.769295686,-0.774690718,4.617637654,4.664063392,,
WGD,YNL173C,MDG1,YHR146W,Problem,YHR146W-YNL173C,1.296870694,1.7626904559999999,,,3.061190561,3.099822777,,,,,,-0.591081979,-0.83283041,3.52486656,4.029318538,,
SSD,YNL231C,PDR16,YNL264C,Problem,YNL231C-YNL264C,1.7935970419999998,1.342698226,,,3.165092435,2.960465125,,,,,,-0.824198367,,4.125494782,3.4699686560000003,,
WGD,YNL283C,WSC2,YOL105C,Problem,YNL283C-YOL105C,1.362280393,0.637307701,,,2.432544035,2.171043335,,,,,,-0.633577043,,2.961629732,1.97515634,,
WGD,YNL293W,MSB3,YOL112W,Problem,YNL293W-YOL112W,0.864103715,0.884891262,,,2.570427053,2.477767783,,,,,,,,2.601336073,2.529464349,,
WGD,YNL298W,CLA4,YOL113W,Problem,YNL298W-YOL113W,1.1204290559999999,1.045225468,,,2.410002342,1.77070528,,,,,,-0.625893491,,2.697236703,1.9827360530000002,,
WGD,YNL299W,TRF5,YOL115W,Problem,YNL299W-YOL115W,0.965042774,1.2780216690000001,,,2.566771175,2.552225932,,,,,,,-0.561299467,2.6986192539999996,2.997052905,,
WGD,YNL307C,MCK1,YOL128C,Problem,YNL307C-YOL128C,1.7914840459999999,0.835568722,,,2.942127747,2.678424709,,,,,,-0.851089007,,3.900417097,2.680798736,,
SSD,YNR041C,COQ2,YPL172C,Problem,YPL172C-YNR041C,1.143079178,0.966877002,,,2.960067492,2.585154217,,,,,,,,3.269951975,2.7188365230000002,,
WGD,YOL011W,PLB3,YMR008C,Problem,YMR008C-YOL011W,1.145622476,1.233733812,,,2.020793215,2.809889519,,,,,,,,2.333220995,3.210428635,,
SSD,YOL027C,MDM38,YPR125W,Problem,YOL027C-YPR125W,1.604082922,1.214690423,,,2.7460379789999996,2.997682909,,,,,,-0.709075441,-0.7780644,3.5169262060000004,3.379178637,,
SSD,YOL082W,ATG19,YOL083W,Problem,YOL082W-YOL083W,1.2109122829999999,0.508322343,,,2.624797041,2.7293030480000002,,,,,,,,3.002514628,2.404430696,,
WGD,YOL100W,PKH2,YDR490C,Problem,YDR490C-YOL100W,0.9778848659999999,1.086416027,,,2.068275485,2.452271358,,,,,,,,2.2129656559999997,2.7054926889999997,,
SSD,YOL119C,MCH4,YOR306C,Problem,YOL119C-YOR306C,1.107141764,1.098380132,,,2.862846817,2.39722221,,,,,,,,3.1367938860000004,2.6624076469999998,,
SSD,YOR002W,ALG6,YOR067C,Problem,YOR002W-YOR067C,1.521651518,1.441160266,,,2.4793737030000003,2.611608269,,,,,,,,3.1678305260000004,3.21957384,,
WGD,YOR003W,YSP3,YEL060C,Problem,YEL060C-YOR003W,0.46032704,1.5361118519999999,,,2.6598843619999997,2.82127294,,,,,,,-0.581201709,2.2870167059999997,3.524190097,,
WGD,YOR016C,ERP4,YAL007C,Problem,YOR016C-YAL007C,1.42875829,1.877431899,,,3.299440872,3.2451411219999997,,,,,,-0.8050696009999999,-0.7440042729999999,3.8950044669999997,4.2893783260000005,,
WGD,YOR179C,SYC1,YLR277C,Problem,YLR277C-YOR179C,1.147163309,1.148041337,,,3.3152075389999998,2.3987489369999997,,,,,,-0.66464241,-0.644740094,3.629176153,2.713595578,,
WGD,YOR193W,PEX27,YPL112C,Problem,YPL112C-YOR193W,0.94363619,1.4869512530000002,,,2.419384515,2.868796759,,,,,,,-0.540984668,2.52982601,3.522553317,,
WGD,YOR204W,DED1,YPL119C,Problem,YOR204W-YPL119C,2.374258138,0.406360939,,,2.867829267,2.6693378009999997,,,,,,,,4.40889271,2.242504045,,
WGD,YOR226C,ISU2,YPL135W,Problem,YOR226C-YPL135W,1.646903235,1.735806978,,,3.488531195,3.520731348,,,,,,-0.70619564,-0.76649624,4.302239734,4.423343631,,
WGD,YOR227W,HER1,YPL137C,Problem,YOR227W-YPL137C,1.139403885,1.386877036,,,1.8069696430000002,1.945600715,,,,,,,-0.676438537,2.113178833,2.499283056,,
WGD,YOR229W,WTM2,YPL139C,Problem,YOR229W-YPL139C,1.064385629,0.9723336579999999,,,2.73693191,3.070062918,,,,,,-0.583525921,,2.968122844,3.20920188,,
WGD,YOR231W,MKK1,YPL140C,Problem,YOR231W-YPL140C,1.089187057,0.8124501999999999,,,2.489834797,2.621907312,,,,,,,,2.7458271589999996,2.601162817,,
WGD,YOR233W,KIN4,YPL141C,Problem,YOR233W-YPL141C,1.17110097,1.134001863,,,2.338780668,2.2594541809999997,,,,,,-0.620513186,,2.676686943,2.560261349,,
WGD,YOR234C,RPL33B,YPL143W,Problem,YOR234C-YPL143W,2.743018534,3.086557525,,,3.699674683,3.7198792999999997,,,,,,-0.895171596,,5.609498521,5.97324213,,
WGD,YOR237W,HES1,YPL145C,Problem,YOR237W-YPL145C,0.23865631699999998,1.9320011769999998,,,2.6949220130000002,2.939814544,,,,,,,-0.920276225,2.100383634,4.038621025,,
WGD,YOR247W,SRL1,YPL163C,Problem,YOR247W-YPL163C,2.061250397,1.573200701,,,3.4171707710000003,3.434983337,,,,,,-0.6653452329999999,-0.5631220720000001,4.645226473,4.174989343,,
SSD,YOR275C,RIM20,YPL084W,Problem,YOR275C-YPL084W,1.1802573459999999,1.335922163,,,2.246388129,2.481759057,,,,,,,-0.7079655640000001,2.59345078,2.984486525,,
SSD,YOR285W,RDL1,YOR286W,Problem,YOR285W-YOR286W,2.096705124,1.6776652730000001,,,3.570213167,3.530930622,,,,,,-0.755475488,-0.729554092,4.8337235960000005,4.375401199,,
WGD,YOR316C,COT1,YMR243C,Problem,YMR243C-YOR316C,1.367735757,1.983221811,,,2.933062542,2.7551840530000002,,,,,,-0.619426997,-0.817870786,3.467603604,3.9052111689999998,,
WGD,YOR321W,PMT3,YAL023C,Problem,YAL023C-YOR321W,1.253183741,2.084719512,,,2.531430545,2.525976586,,,,,,,-0.618704377,2.95141959,3.777501403,,
SSD,YOR334W,MRS2,YPL060W,Problem,YOR334W-YPL060W,0.743361093,0.7128009009999999,,,2.467710967,2.6998654589999997,,,,,,,,2.377877364,2.579471665,,
WGD,YPL017C,IRC15,YFL018C,Problem,YFL018C-YPL017C,0.268738184,2.028384365,,,2.584837259,2.944565805,,,,,,,-0.72399801,2.020380747,4.139755475,,
WGD,YPL032C,SVL3,YDR251W,Problem,YDR251W-YPL032C,1.511989709,1.407448337,,,2.505999903,2.327369519,,,,,,-0.758578048,,3.1847949160000004,2.90162316,,
WGD,YPL134C,ODC1,YOR222W,Problem,YOR222W-YPL134C,0.998942815,1.27237662,,,2.771306534,2.794106911,,,,,,,,2.9370546539999998,3.2332888360000003,,
WGD,YPL176C,TRE1,YOR256C,Problem,YOR256C-YPL176C,1.218995037,1.171931957,,,2.468509255,2.301000632,,,,,,,,2.8543095960000002,2.639737893,,
WGD,YPL177C,CUP9,YGL096W,Problem,YGL096W-YPL177C,1.5259898840000001,0.525668303,,,3.056567565,2.525691714,,,,,,,,3.749362753,2.218165322,,
SSD,YPL227C,ALG5,YPR183W,Problem,YPL227C-YPR183W,1.555545732,1.89535526,,,2.861833535,3.4318317289999998,,,,,,-0.7401673009999999,,3.584184571,4.493992293,,
SSD,YPL237W,SUI3,YPR041W,Problem,YPL237W-YPR041W,2.296956299,2.045655937,,,3.1262491289999996,3.149586673,,,,,,,-0.920276225,4.590010733,4.362047915,,
WGD,YPL249C,GYP5,YMR192W,Problem,YMR192W-YPL249C,1.084770251,1.033395705,,,2.625133606,2.624423149,,,,,,,-0.7041031809999999,2.8767091610000004,2.824624158,,
WGD,YPR030W,CSR2,YBL101C,Problem,YBL101C-YPR030W,0.03737487,1.149027002,,,1.7888999019999998,2.141741051,,,,,,,,0.993080077,2.457573357,,
WGD,YPR081C,GRS2,YBR121C,Problem,YBR121C-YPR081C,0.8596537209999999,2.404348124,,,2.502428289,2.70691294,,,,,,,-0.865982354,2.528887314,4.278066368,,
WGD,YPR138C,MEP3,YGR121C,Problem,YGR121C-YPR138C,1.38996587,0.664179847,,,2.339044218,2.4932079330000003,,,,,,-0.638461029,,2.895815393,2.324193085,,
