Model,Mut_sigma,Mut_ratio,Mut_alpha,Mut_corr,Iter,Folder,Set,Type,rho_fold,p-val_fold,rho_signed,p-val_signed,rho_ratio,p-val_ratio
Mixed,0.075,0.2,0,0,Bm020_iter1,Bp_higher_1e5,Bp_higher_WGD,All,0.5313154419384708,3.572693104858699e-182,0.3252815546377014,1.4619759931034034e-123,0.1448709359473498,3.3792602943091133e-13
Mixed,0.075,0.2,0,0,Bm020_iter1,Bp_higher_1e5,Bp_higher_WGD,True duplicates,0.2660498731688523,1.2233741042393008e-30,0.0511101154685757,0.0007934464485136,0.661662490807825,7.18241684583455e-228
No Cost,0.075,0.2,0,0,Bm020_iter1,Bp_higher_1e5,Bp_higher_WGD,All,0.4993841810214691,7.954145100147369e-158,0.2453230641579877,1.9777223841877116e-69,-0.0624357719097235,0.0017885072445087
No Cost,0.075,0.2,0,0,Bm020_iter1,Bp_higher_1e5,Bp_higher_WGD,True duplicates,0.3383866253577739,9.599526516303044e-52,0.0095322885782896,0.5279567334368707,0.1635270038019882,8.992637972622354e-13
ADS,0.075,0.2,0,0,Bm020_iter1,Bp_higher_1e5,Bp_higher_WGD,All,0.3440419619907139,2.143005630053957e-70,0.0845021919939142,2.171636862653174e-09,-0.6779009335521494,0.0
ADS,0.075,0.2,0,0,Bm020_iter1,Bp_higher_1e5,Bp_higher_WGD,True duplicates,0.2940111221637581,1.3238320591720139e-41,-0.0290424921938844,0.0508364103504907,-0.5803374361198914,2.2473274458480083e-182
Minimal,0.075,0.2,0,0,Bm020_iter1,Bp_higher_1e5,Bp_higher_WGD,All,0.329558456569353,2.0851036589113664e-64,0.0762974673384481,6.605967040665639e-08,-0.6857394791903167,0.0
Minimal,0.075,0.2,0,0,Bm020_iter1,Bp_higher_1e5,Bp_higher_WGD,True duplicates,0.2725466393197927,1.9816190752757168e-36,-0.0463329260622311,0.0017485063734544,-0.6016742345934061,3.3104513285463625e-203
Mixed,0.075,0.33,0,0,Bm033_iter2,Bp_higher_1e5,Bp_higher_WGD,All,0.5099652266824363,1.312741942897945e-165,0.2649671594302755,4.2148733163449467e-81,0.3509680981388957,2.252247164772525e-73
Mixed,0.075,0.33,0,0,Bm033_iter2,Bp_higher_1e5,Bp_higher_WGD,True duplicates,0.2823380552311715,1.7515661242413317e-35,0.0228930601521979,0.1305541265814104,0.67532508901045,2.314551800216749e-248
No Cost,0.075,0.33,0,0,Bm033_iter2,Bp_higher_1e5,Bp_higher_WGD,All,0.4449172544187607,7.957938903822763e-122,0.1962848443746294,1.3075310559378486e-44,0.2312616700258672,1.0494593093249716e-31
No Cost,0.075,0.33,0,0,Bm033_iter2,Bp_higher_1e5,Bp_higher_WGD,True duplicates,0.2973903037553583,1.3726629954324672e-40,-0.0236535643709933,0.1157075393322847,0.2790589517578596,9.444323517621422e-36
ADS,0.075,0.33,0,0,Bm033_iter2,Bp_higher_1e5,Bp_higher_WGD,All,0.3307039548646328,7.197652640275257e-65,0.0979703602153903,3.851538658189097e-12,-0.4894399426303908,9.31260682378196e-151
ADS,0.075,0.33,0,0,Bm033_iter2,Bp_higher_1e5,Bp_higher_WGD,True duplicates,0.2665781088586451,2.952663165550785e-34,-0.0372984563662806,0.01212030958072,-0.3954827479435757,1.0195181044688334e-76
Minimal,0.075,0.33,0,0,Bm033_iter2,Bp_higher_1e5,Bp_higher_WGD,All,0.312905518992883,6.505321574793146e-58,0.1165521271165731,1.3667169966186032e-16,-0.5122531866005099,2.506086679910899e-167
Minimal,0.075,0.33,0,0,Bm033_iter2,Bp_higher_1e5,Bp_higher_WGD,True duplicates,0.2577673806094578,5.456661783322571e-32,-0.018380607334942,0.2167431835216188,-0.4127175351761123,7.700778028612613e-84
Mixed,0.075,0.5,0,0,Bm05_iter3,Bp_higher_1e5,Bp_higher_WGD,All,0.4468984174877468,5.042357838524334e-123,0.2447042399671478,4.439985014681237e-69,0.4365664073866251,7.323203202716589e-117
Mixed,0.075,0.5,0,0,Bm05_iter3,Bp_higher_1e5,Bp_higher_WGD,True duplicates,0.2901737649238107,6.842661037192997e-39,0.0458021483459107,0.0022757967846458,0.6929536195099185,3.17355124231124e-277
No Cost,0.075,0.5,0,0,Bm05_iter3,Bp_higher_1e5,Bp_higher_WGD,All,0.3832390831422533,2.8525555740414435e-88,0.1408029014874469,1.468788396006246e-23,0.3266092147534744,3.157493321552308e-63
No Cost,0.075,0.5,0,0,Bm05_iter3,Bp_higher_1e5,Bp_higher_WGD,True duplicates,0.2851061068277807,2.212446092399679e-38,-0.0218464908061936,0.143648128199716,0.3069242815394428,1.6797280739630046e-44
ADS,0.075,0.5,0,0,Bm05_iter3,Bp_higher_1e5,Bp_higher_WGD,All,0.2987250272520044,1.0558570118118085e-52,0.1079326495818537,1.9719206449941775e-14,-0.3588252025000324,7.620008590689966e-77
ADS,0.075,0.5,0,0,Bm05_iter3,Bp_higher_1e5,Bp_higher_WGD,True duplicates,0.2815186177089495,1.2887429729028454e-38,-0.0206590832566921,0.1636225939312514,-0.274197139492694,1.2033002732091789e-36
Minimal,0.075,0.5,0,0,Bm05_iter3,Bp_higher_1e5,Bp_higher_WGD,All,0.2927855992296959,1.3202042462003878e-50,0.0950744615790516,1.6240127829714922e-11,-0.3466495136399222,1.654028004469096e-71
Minimal,0.075,0.5,0,0,Bm05_iter3,Bp_higher_1e5,Bp_higher_WGD,True duplicates,0.2819821437558042,3.8485868911212645e-39,-0.0386033138947085,0.0090565667876856,-0.3115766613490029,7.761715774893185e-48
Mixed,0.075,5.0,0,0,Bm5_iter3,Bp_higher_1e5,Bp_higher_WGD,All,0.4107091829568939,2.3872914615963516e-102,0.1660563742143948,3.0338891052531875e-32,0.8042034889285583,0.0
Mixed,0.075,5.0,0,0,Bm5_iter3,Bp_higher_1e5,Bp_higher_WGD,True duplicates,0.3030995298174101,7.287306741956821e-43,0.0232423493704678,0.1207935464691767,0.7776449461564984,0.0
No Cost,0.075,5.0,0,0,Bm5_iter3,Bp_higher_1e5,Bp_higher_WGD,All,0.3639040326246452,3.852529954504654e-79,-0.0820287142898435,6.297996215663806e-09,0.8170939693270352,0.0
No Cost,0.075,5.0,0,0,Bm5_iter3,Bp_higher_1e5,Bp_higher_WGD,True duplicates,0.3219456621934526,1.267678529911069e-48,-0.1060522186293397,1.2072637726831386e-12,0.7115673575992033,3.2567672879288494e-303
ADS,0.075,5.0,0,0,Bm5_iter3,Bp_higher_1e5,Bp_higher_WGD,All,0.3609791425566628,8.188963542105673e-78,0.0769156138683968,5.1670716243999774e-08,0.6719589404094306,0.0
ADS,0.075,5.0,0,0,Bm5_iter3,Bp_higher_1e5,Bp_higher_WGD,True duplicates,0.3213122764217005,5.069554268952753e-50,-0.0409227160219641,0.0058635333025026,0.5812859580949734,5.31116706573763e-184
Minimal,0.075,5.0,0,0,Bm5_iter3,Bp_higher_1e5,Bp_higher_WGD,All,0.3434184595549535,3.939690850882551e-70,0.0892286867585915,2.6079689826360077e-10,0.6534821323331412,1.931670940966748e-304
Minimal,0.075,5.0,0,0,Bm5_iter3,Bp_higher_1e5,Bp_higher_WGD,True duplicates,0.3142980511328522,5.517170721881355e-48,-0.0205401960977437,0.1664806685350395,0.5578311960243473,4.1107466417902785e-167
Mixed,0.075,4.0,0,0,Bm4_iter3,Bp_higher_1e5,Bp_higher_WGD,All,0.3886532413205186,6.101946960409654e-91,0.153881961163306,7.129764125821655e-28,0.7894863194698112,0.0
Mixed,0.075,4.0,0,0,Bm4_iter3,Bp_higher_1e5,Bp_higher_WGD,True duplicates,0.2748909008771068,2.0141586158669356e-35,-0.0040356314902064,0.7874531199439209,0.7815403309317852,0.0
No Cost,0.075,4.0,0,0,Bm4_iter3,Bp_higher_1e5,Bp_higher_WGD,All,0.3650231048036967,1.1862222415861287e-79,-0.0783238600023631,2.9316766744550274e-08,0.7949157577785214,0.0
No Cost,0.075,4.0,0,0,Bm4_iter3,Bp_higher_1e5,Bp_higher_WGD,True duplicates,0.3288086180585262,2.332087350644016e-52,-0.091720925406892,6.251516048104985e-10,0.7130518218337675,6.38782946e-315
ADS,0.075,4.0,0,0,Bm4_iter3,Bp_higher_1e5,Bp_higher_WGD,All,0.322750206136033,1.056635145483252e-61,0.0723108875087769,3.078530017718889e-07,0.5924699961071994,8.061976308873662e-237
ADS,0.075,4.0,0,0,Bm4_iter3,Bp_higher_1e5,Bp_higher_WGD,True duplicates,0.2756241959128031,1.590956535525216e-36,-0.0547770301660582,0.0002295559045542,0.5103836775276465,2.3453957534023297e-134
Minimal,0.075,4.0,0,0,Bm4_iter3,Bp_higher_1e5,Bp_higher_WGD,All,0.3111221090435375,3.05149245460788e-57,0.0850901261616244,1.6785177260833576e-09,0.6018771835323494,2.669900244676763e-246
Minimal,0.075,4.0,0,0,Bm4_iter3,Bp_higher_1e5,Bp_higher_WGD,True duplicates,0.2838085518598527,3.9051223644482855e-39,-0.0330712431951676,0.0258264505997135,0.4973299227969778,4.812050735073212e-128
Mixed,0.075,3.0,0,0,Bm3_iter3,Bp_higher_1e5,Bp_higher_WGD,All,0.3767357940377271,3.9444293486076307e-85,0.1735045893817121,4.3333733804364274e-35,0.7342835473733677,0.0
Mixed,0.075,3.0,0,0,Bm3_iter3,Bp_higher_1e5,Bp_higher_WGD,True duplicates,0.2536917279872105,3.9205257507225845e-30,0.0113074830469035,0.4503729965116197,0.7552442819938693,0.0
No Cost,0.075,3.0,0,0,Bm3_iter3,Bp_higher_1e5,Bp_higher_WGD,All,0.3423810188769631,1.0817335028340966e-69,-0.0576060087468392,4.587098776752168e-05,0.7327387043741929,0.0
No Cost,0.075,3.0,0,0,Bm3_iter3,Bp_higher_1e5,Bp_higher_WGD,True duplicates,0.3262831836133243,3.392099478071556e-51,-0.0946467979917135,1.8631055125584672e-10,0.6057289538045217,4.405293252812776e-202
ADS,0.075,3.0,0,0,Bm3_iter3,Bp_higher_1e5,Bp_higher_WGD,All,0.3198745909559345,1.3982136270453362e-60,0.08807398155532,4.4224070940292896e-10,0.4740498591439775,2.8718321482989265e-140
ADS,0.075,3.0,0,0,Bm3_iter3,Bp_higher_1e5,Bp_higher_WGD,True duplicates,0.2668020472082812,1.8541898981476526e-34,-0.0388325870541408,0.0089363446445834,0.4070332005538341,6.197017416098246e-82
Minimal,0.075,3.0,0,0,Bm3_iter3,Bp_higher_1e5,Bp_higher_WGD,All,0.3365240671558507,3.01563822416161e-67,0.0725043326043399,2.8621652313249805e-07,0.4790592106014736,1.2669546931594938e-143
Minimal,0.075,3.0,0,0,Bm3_iter3,Bp_higher_1e5,Bp_higher_WGD,True duplicates,0.3138557129775173,2.3791338030490036e-47,-0.0644076967248136,1.477251824788451e-05,0.3781414962881111,1.424265220166782e-69
Mixed,0.075,0.16,0,0,Bm016_iter3,Bp_higher_1e5,Bp_higher_WGD,All,0.5017927453748393,1.4226657739949968e-159,0.3099364841094757,8.965130341045762e-112,0.1486228116196498,8.08438074136206e-14
Mixed,0.075,0.16,0,0,Bm016_iter3,Bp_higher_1e5,Bp_higher_WGD,True duplicates,0.2249219930652326,1.2993261305662844e-22,0.053013029533364,0.0004710562299687,0.6371684851442663,6.212825472054301e-211
No Cost,0.075,0.16,0,0,Bm016_iter3,Bp_higher_1e5,Bp_higher_WGD,All,0.4897935475509676,5.2687938931174024e-151,0.2699744053291257,3.0591763506641658e-84,-0.0525620720259315,0.0085735546968316
No Cost,0.075,0.16,0,0,Bm016_iter3,Bp_higher_1e5,Bp_higher_WGD,True duplicates,0.2789937997053321,6.946595792715021e-35,0.0327491686618341,0.0302834142503831,0.1647657539988617,6.928344264142395e-13
ADS,0.075,0.16,0,0,Bm016_iter3,Bp_higher_1e5,Bp_higher_WGD,All,0.3310572287771566,5.179982153156355e-65,0.0746141540123632,1.2773792615642128e-07,-0.7412680438508871,0.0
ADS,0.075,0.16,0,0,Bm016_iter3,Bp_higher_1e5,Bp_higher_WGD,True duplicates,0.2914256290032493,1.4912716466139348e-41,-0.0261073171751781,0.0780345332744435,-0.6555539309242134,6.094447539812688e-253
Minimal,0.075,0.16,0,0,Bm016_iter3,Bp_higher_1e5,Bp_higher_WGD,All,0.3442766536122646,1.7034504242168857e-70,0.0922495738846057,6.346613639503049e-11,-0.7233932733749239,0.0
Minimal,0.075,0.16,0,0,Bm016_iter3,Bp_higher_1e5,Bp_higher_WGD,True duplicates,0.2967442533156587,1.1487314660969413e-42,-0.0154825627009316,0.2971692199157971,-0.6470449951340317,7.186393673005825e-242
Mixed,0.075,2.0,0,0,Bm2_iter3,Bp_higher_1e5,Bp_higher_WGD,All,0.3850256718441075,3.800282534750218e-89,0.1874158191238796,9.351325459599964e-41,0.6841419782627167,0.0
Mixed,0.075,2.0,0,0,Bm2_iter3,Bp_higher_1e5,Bp_higher_WGD,True duplicates,0.2467744480516804,1.356871713337333e-28,0.0137919255194301,0.3570722226300822,0.7345690378851435,0.0
No Cost,0.075,2.0,0,0,Bm2_iter3,Bp_higher_1e5,Bp_higher_WGD,All,0.3383154758264761,5.458607115884751e-68,-0.0011240105572049,0.9366669836584524,0.6741548171127708,0.0
No Cost,0.075,2.0,0,0,Bm2_iter3,Bp_higher_1e5,Bp_higher_WGD,True duplicates,0.3042000202469432,7.06392859114353e-44,-0.0642957340700498,1.6210984824968065e-05,0.5591697477244811,4.430540381289149e-164
ADS,0.075,2.0,0,0,Bm2_iter3,Bp_higher_1e5,Bp_higher_WGD,All,0.3061934774709564,2.0680293259699957e-55,0.1023080890751908,4.1218281123544474e-13,0.2903347441815591,9.364763846731226e-50
ADS,0.075,2.0,0,0,Bm2_iter3,Bp_higher_1e5,Bp_higher_WGD,True duplicates,0.2687230376358527,1.0951467980560576e-35,-0.024726440079368,0.0944002107315141,0.2336530338358559,3.762054472300728e-27
Minimal,0.075,2.0,0,0,Bm2_iter3,Bp_higher_1e5,Bp_higher_WGD,All,0.3039808683489389,1.3371128525788312e-54,0.0803112904164886,1.2956852550440333e-08,0.3109522573683612,3.5334580699757863e-57
Minimal,0.075,2.0,0,0,Bm2_iter3,Bp_higher_1e5,Bp_higher_WGD,True duplicates,0.2826043242905677,5.732525477403673e-39,-0.0659109681317987,8.585260502997222e-06,0.2272486482723638,1.9677396708098923e-25
Mixed,0.075,0.25,0,0,Bm025_iter1,Bp_higher_1e5,Bp_higher_WGD,All,0.5068386551741849,2.7951165587325743e-163,0.2841776159774546,1.6234649422337876e-93,0.2102359770617563,2.2677940130224034e-26
Mixed,0.075,0.25,0,0,Bm025_iter1,Bp_higher_1e5,Bp_higher_WGD,True duplicates,0.2729243436853438,2.4718955731712556e-32,0.0278888737225663,0.0670433340245309,0.6423004521317965,1.8538988125264772e-211
No Cost,0.075,0.25,0,0,Bm025_iter1,Bp_higher_1e5,Bp_higher_WGD,All,0.4675108864497418,5.68694318802005e-136,0.2058186327666986,5.7557529137403856e-49,0.0722461087113774,0.0003000884494867
No Cost,0.075,0.25,0,0,Bm025_iter1,Bp_higher_1e5,Bp_higher_WGD,True duplicates,0.3111172230014512,7.142712654127122e-44,-0.0200018247443323,0.1847651844291254,0.2091717450888149,3.2969705765103615e-20
ADS,0.075,0.25,0,0,Bm025_iter1,Bp_higher_1e5,Bp_higher_WGD,All,0.3496353790776607,8.542324563511973e-73,0.0881603836196306,4.2520387436526847e-10,-0.6083387080221934,5.3651226267332494e-253
ADS,0.075,0.25,0,0,Bm025_iter1,Bp_higher_1e5,Bp_higher_WGD,True duplicates,0.3255560414751879,6.487943542762259e-51,-0.030085745757214,0.0432772953119685,-0.5229580123039785,1.0292548166518316e-141
Minimal,0.075,0.25,0,0,Bm025_iter1,Bp_higher_1e5,Bp_higher_WGD,All,0.3462124793299967,2.545303077487127e-71,0.0965655119577406,7.782243903956717e-12,-0.6108869907979186,1.1110630277574838e-255
Minimal,0.075,0.25,0,0,Bm025_iter1,Bp_higher_1e5,Bp_higher_WGD,True duplicates,0.3313138659559877,2.6350437558491e-53,-0.0354313486073535,0.0170392119494973,-0.4946726921688724,5.2689035254123067e-126
Mixed,0.075,1.0,0,0,Bm1_iter3,Bp_higher_1e5,Bp_higher_WGD,All,0.431184150397464,9.79539584293138e-114,0.2009586528113484,1.0198759166857162e-46,0.5656662580586014,1.8668139824126495e-211
Mixed,0.075,1.0,0,0,Bm1_iter3,Bp_higher_1e5,Bp_higher_WGD,True duplicates,0.2435653182335987,2.431809251299454e-27,0.007551131377449,0.6157066033979754,0.7089064703146829,2.766754456563831e-293
No Cost,0.075,1.0,0,0,Bm1_iter3,Bp_higher_1e5,Bp_higher_WGD,All,0.3679854256616681,5.129366764492783e-81,0.0816676112601434,7.338449036705432e-09,0.5259478721836596,6.75439696888506e-178
No Cost,0.075,1.0,0,0,Bm1_iter3,Bp_higher_1e5,Bp_higher_WGD,True duplicates,0.2817353791657643,2.8842459457458177e-37,-0.0507107239268461,0.0006947198789387,0.4268175706836821,4.812630557423732e-88
ADS,0.075,1.0,0,0,Bm1_iter3,Bp_higher_1e5,Bp_higher_WGD,All,0.338685987501758,3.827712549978712e-68,0.1245485561017872,9.64523044959424e-19,-0.0144246036519365,0.4709667433254852
ADS,0.075,1.0,0,0,Bm1_iter3,Bp_higher_1e5,Bp_higher_WGD,True duplicates,0.29900389383151,2.660311131989675e-43,-0.0263837353970418,0.0756400471763533,-0.0329863362549351,0.1368732321647403
Minimal,0.075,1.0,0,0,Bm1_iter3,Bp_higher_1e5,Bp_higher_WGD,All,0.3141368389978943,2.2238954675865286e-58,0.1097825413929833,7.004748675375739e-15,0.001401050336168,0.9441797174221692
Minimal,0.075,1.0,0,0,Bm1_iter3,Bp_higher_1e5,Bp_higher_WGD,True duplicates,0.2773282053756616,1.9842240513788005e-37,-0.0410914583053073,0.0055943631207209,0.0077779252167492,0.7251974624810499
Mixed,0.075,0.1,0,0,Bm01_iter3,Bp_higher_1e5,Bp_higher_WGD,All,0.5609754054680649,2.978741289627964e-207,0.3530219537488084,1.1165672591421532e-146,-0.0643110193137631,0.0012941514828504
Mixed,0.075,0.1,0,0,Bm01_iter3,Bp_higher_1e5,Bp_higher_WGD,True duplicates,0.2483110846606815,1.380112580823318e-26,0.0703437760869208,3.9722447147589e-06,0.6225375280413701,8.076807689069153e-193
No Cost,0.075,0.1,0,0,Bm01_iter3,Bp_higher_1e5,Bp_higher_WGD,All,0.5333727568276412,7.821822097976507e-184,0.3114616392130729,6.485744868333694e-113,-0.291485600045696,3.741155531361751e-50
No Cost,0.075,0.1,0,0,Bm01_iter3,Bp_higher_1e5,Bp_higher_WGD,True duplicates,0.3211057231077574,1.0474350030173513e-45,0.0592686491642194,9.126979772775764e-05,0.0800927032361075,0.0005586627651611
ADS,0.075,0.1,0,0,Bm01_iter3,Bp_higher_1e5,Bp_higher_WGD,All,0.3256974112155858,7.270747921130076e-63,0.0545327507446377,0.0001143399645758,-0.820917636882822,0.0
ADS,0.075,0.1,0,0,Bm01_iter3,Bp_higher_1e5,Bp_higher_WGD,True duplicates,0.2929836433557418,1.25692957517143e-41,-0.0252249836768728,0.0893050266030585,-0.7412239375567042,0.0
Minimal,0.075,0.1,0,0,Bm01_iter3,Bp_higher_1e5,Bp_higher_WGD,All,0.3186052390445603,4.333046895354984e-60,0.069682013095452,8.13810778810555e-07,-0.819754593624735,0.0
Minimal,0.075,0.1,0,0,Bm01_iter3,Bp_higher_1e5,Bp_higher_WGD,True duplicates,0.2759987508217874,6.439348268381997e-37,-0.0206399225095128,0.1645713165936876,-0.7474927830871364,0.0
Mixed,0.075,4.0,0,0,Bm4_iter2,Bp_higher_1e5,Bp_higher_WGD,All,0.4021431220068995,8.154627722055115e-98,0.1789468932624053,2.9858719178936572e-37,0.7584622479459597,0.0
Mixed,0.075,4.0,0,0,Bm4_iter2,Bp_higher_1e5,Bp_higher_WGD,True duplicates,0.2793216667497256,9.154209912869412e-36,0.0083150055632179,0.5804531491416665,0.7279816185611575,6.5137684e-317
No Cost,0.075,4.0,0,0,Bm4_iter2,Bp_higher_1e5,Bp_higher_WGD,All,0.3625698889231822,1.5594801409037478e-78,-0.0646630005036205,4.739262222086737e-06,0.7862120845779336,0.0
No Cost,0.075,4.0,0,0,Bm4_iter2,Bp_higher_1e5,Bp_higher_WGD,True duplicates,0.3291652830022606,1.2641047393613574e-51,-0.0957317960425482,1.2651282126017142e-10,0.6740370583626963,1.89328837195876e-264
ADS,0.075,4.0,0,0,Bm4_iter2,Bp_higher_1e5,Bp_higher_WGD,All,0.3324512150481944,1.4085096559680417e-65,0.0955111069268017,1.3107931935520196e-11,0.5946649135783862,5.2792739983043604e-239
ADS,0.075,4.0,0,0,Bm4_iter2,Bp_higher_1e5,Bp_higher_WGD,True duplicates,0.3019987562796762,6.908719289752171e-44,-0.0299331041884414,0.0441622149346003,0.4851138027937319,8.447681305999511e-120
Minimal,0.075,4.0,0,0,Bm4_iter2,Bp_higher_1e5,Bp_higher_WGD,All,0.3134583984413437,4.020065380686684e-58,0.0763116756374247,6.568909296417582e-08,0.5655727256276362,2.267596369159156e-211
Minimal,0.075,4.0,0,0,Bm4_iter2,Bp_higher_1e5,Bp_higher_WGD,True duplicates,0.2914764354836135,1.5769145241457316e-41,-0.0336261669204821,0.0232395299912451,0.4988950070663031,8.975105086775537e-130
Mixed,0.075,0.5,0,0,Bm05_iter2,Bp_higher_1e5,Bp_higher_WGD,All,0.5027539512886323,2.83007380418186e-160,0.2670366482676908,2.165443670515796e-82,0.4347559285049486,8.36861443270562e-116
Mixed,0.075,0.5,0,0,Bm05_iter2,Bp_higher_1e5,Bp_higher_WGD,True duplicates,0.2981901053291851,3.883970282693914e-40,0.0447483484501841,0.0030182436928222,0.6855399961692928,1.0790818482087079e-262
No Cost,0.075,0.5,0,0,Bm05_iter2,Bp_higher_1e5,Bp_higher_WGD,All,0.4074644712103155,1.2905845272028227e-100,0.1630944802910559,3.777760083985521e-31,0.3748790469886475,3.0172507541747924e-84
No Cost,0.075,0.5,0,0,Bm05_iter2,Bp_higher_1e5,Bp_higher_WGD,True duplicates,0.28531744687275,1.7890920026630069e-37,-0.0185736795232726,0.2164625568179249,0.3614401348576677,1.2267924128034184e-60
ADS,0.075,0.5,0,0,Bm05_iter2,Bp_higher_1e5,Bp_higher_WGD,All,0.3259667526986805,5.684681832241907e-63,0.1244796336929593,1.0080178494658096e-18,-0.3171629015620643,1.5562155929347518e-59
ADS,0.075,0.5,0,0,Bm05_iter2,Bp_higher_1e5,Bp_higher_WGD,True duplicates,0.309661860164767,3.833289084198762e-46,-0.021418921714698,0.1499293043883552,-0.2416919725664859,3.069213193554042e-28
Minimal,0.075,0.5,0,0,Bm05_iter2,Bp_higher_1e5,Bp_higher_WGD,All,0.3193153501624561,2.3029509325969622e-60,0.1055406998147239,7.32602160038057e-14,-0.3507605783616925,2.7730087815325578e-73
Minimal,0.075,0.5,0,0,Bm05_iter2,Bp_higher_1e5,Bp_higher_WGD,True duplicates,0.2781027438421926,2.1666101306794276e-37,-0.0427842744590041,0.0039710862885631,-0.2597467063930205,1.1336797689449999e-32
Mixed,0.075,5.0,0,0,Bm5_iter2,Bp_higher_1e5,Bp_higher_WGD,All,0.4152763779962205,8.054025325190965e-105,0.1926054643007043,5.477026056121672e-43,0.7781565643130504,0.0
Mixed,0.075,5.0,0,0,Bm5_iter2,Bp_higher_1e5,Bp_higher_WGD,True duplicates,0.2967409973002652,1.079721546147199e-40,0.0255452935411079,0.0888336221842871,0.7520339612609173,0.0
No Cost,0.075,5.0,0,0,Bm5_iter2,Bp_higher_1e5,Bp_higher_WGD,All,0.3608339920694388,9.522375177538326e-78,-0.0796941114924213,1.6731437917873432e-08,0.8315632882501263,0.0
No Cost,0.075,5.0,0,0,Bm5_iter2,Bp_higher_1e5,Bp_higher_WGD,True duplicates,0.3171682438481575,1.248373385245216e-47,-0.1048096374556369,1.9706261990443777e-12,0.7380365210450565,0.0
ADS,0.075,5.0,0,0,Bm5_iter2,Bp_higher_1e5,Bp_higher_WGD,All,0.351907856113257,8.763510018185997e-74,0.0903697256082981,1.5374865510762979e-10,0.6524483504077362,3.6579097787194814e-303
ADS,0.075,5.0,0,0,Bm5_iter2,Bp_higher_1e5,Bp_higher_WGD,True duplicates,0.3111165546670499,1.3226308582615843e-46,-0.0343197863424966,0.0210186915309612,0.5493041488439314,1.1154388809352113e-159
Minimal,0.075,5.0,0,0,Bm5_iter2,Bp_higher_1e5,Bp_higher_WGD,All,0.3222773515323763,1.6188556374318665e-61,0.0874416200219722,5.888912973254634e-10,0.6228641132262581,1.2493222575608878e-268
Minimal,0.075,5.0,0,0,Bm5_iter2,Bp_higher_1e5,Bp_higher_WGD,True duplicates,0.2866545316920246,8.846049223577775e-39,-0.0352572913931685,0.0182646922153859,0.5204751178454438,5.859210393105967e-138
Mixed,0.075,0.33,0,0,Bm033_iter3,Bp_higher_1e5,Bp_higher_WGD,All,0.4793845922855348,7.636128348106958e-144,0.2824201031731236,2.444440249024514e-92,0.3533738692758191,1.997023233998538e-74
Mixed,0.075,0.33,0,0,Bm033_iter3,Bp_higher_1e5,Bp_higher_WGD,True duplicates,0.2591838003711417,2.8818448521633463e-30,0.0567173516877556,0.0001723386609389,0.6622174426959213,6.442571022266722e-238
No Cost,0.075,0.33,0,0,Bm033_iter3,Bp_higher_1e5,Bp_higher_WGD,All,0.4081274626763941,5.731481823772615e-101,0.1871493136456216,1.212721880319442e-40,0.2085850816936131,5.639286928613734e-26
No Cost,0.075,0.33,0,0,Bm033_iter3,Bp_higher_1e5,Bp_higher_WGD,True duplicates,0.2659808569760067,2.1770805683167856e-32,-0.012957175386506,0.3893286875388269,0.2372788417762383,6.273049039290013e-26
ADS,0.075,0.33,0,0,Bm033_iter3,Bp_higher_1e5,Bp_higher_WGD,All,0.2952185099549615,1.8521371960251937e-51,0.0967420785945242,7.1277067838562786e-12,-0.5003994287999086,1.4645551689788299e-158
ADS,0.075,0.33,0,0,Bm033_iter3,Bp_higher_1e5,Bp_higher_WGD,True duplicates,0.2729583761539804,3.1074351907490494e-36,-0.027634544363194,0.0625381955043969,-0.3978343639883443,1.922383151382295e-78
Minimal,0.075,0.33,0,0,Bm033_iter3,Bp_higher_1e5,Bp_higher_WGD,All,0.3281591518974643,7.598494124517703e-64,0.0892154599935493,2.623892501585535e-10,-0.4854762187321951,5.2728435582276194e-148
Minimal,0.075,0.33,0,0,Bm033_iter3,Bp_higher_1e5,Bp_higher_WGD,True duplicates,0.3098236800788611,2.4022476097745982e-46,-0.035079123342959,0.0182600281914339,-0.3773139009061992,1.3774234263193419e-69
Mixed,0.075,1.0,0,0,Bm1_iter2,Bp_higher_1e5,Bp_higher_WGD,All,0.4637963716794195,1.426755154600406e-133,0.21912352602939,2.025922969516273e-55,0.5762675036588006,3.3076776533399077e-221
Mixed,0.075,1.0,0,0,Bm1_iter2,Bp_higher_1e5,Bp_higher_WGD,True duplicates,0.2939477261103549,1.8660884147830755e-39,0.0068949660904113,0.6469789873911037,0.6919912097742762,6.850340935362442e-273
No Cost,0.075,1.0,0,0,Bm1_iter2,Bp_higher_1e5,Bp_higher_WGD,All,0.396607706593233,5.900391071831653e-95,0.0643657114658298,5.24033659472006e-06,0.559530693556911,5.687979646615481e-206
No Cost,0.075,1.0,0,0,Bm1_iter2,Bp_higher_1e5,Bp_higher_WGD,True duplicates,0.3020008265944118,2.418633265507255e-42,-0.0556428179008145,0.0002052864955365,0.4462566573209664,6.502860275525004e-96
ADS,0.075,1.0,0,0,Bm1_iter2,Bp_higher_1e5,Bp_higher_WGD,All,0.314036693317871,2.427227102251146e-58,0.0996167836103775,1.6677265033642457e-12,-0.0221188267070122,0.2689328266995051
ADS,0.075,1.0,0,0,Bm1_iter2,Bp_higher_1e5,Bp_higher_WGD,True duplicates,0.2685918272975036,5.153414710641094e-35,-0.0590572360341396,6.869807170047206e-05,0.0035368316019441,0.8732197965918798
Minimal,0.075,1.0,0,0,Bm1_iter2,Bp_higher_1e5,Bp_higher_WGD,All,0.3473666053386569,8.142163837671241e-72,0.1172264274050529,9.115661881982244e-17,-0.0273262415561986,0.1719754341469141
Minimal,0.075,1.0,0,0,Bm1_iter2,Bp_higher_1e5,Bp_higher_WGD,True duplicates,0.3136110576080591,6.496449102524593e-47,-0.0590472444992419,7.376359252949868e-05,-0.0088448043710412,0.6925395504429405
Mixed,0.075,0.1,0,0,Bm01_iter2,Bp_higher_1e5,Bp_higher_WGD,All,0.5831156394105024,1.066064782697439e-227,0.3193472987840454,6.39694035401182e-119,-0.0435789512286322,0.0293396221748758
Mixed,0.075,0.1,0,0,Bm01_iter2,Bp_higher_1e5,Bp_higher_WGD,True duplicates,0.2857597956934139,6.024757511472816e-35,0.0260319146262312,0.0882998373198407,0.6523066949106227,3.1947894759981685e-217
No Cost,0.075,0.1,0,0,Bm01_iter2,Bp_higher_1e5,Bp_higher_WGD,All,0.5477452893032464,9.381501469429303e-196,0.3193537278838451,6.324132068779163e-119,-0.269970787771326,5.247228144139539e-43
No Cost,0.075,0.1,0,0,Bm01_iter2,Bp_higher_1e5,Bp_higher_WGD,True duplicates,0.3025778323669688,3.0528359820524096e-40,0.0522522403224519,0.0005747202407614,0.1009647559875251,1.4386818652455547e-05
ADS,0.075,0.1,0,0,Bm01_iter2,Bp_higher_1e5,Bp_higher_WGD,All,0.3549863369898139,3.8902371362263205e-75,0.0531331087693111,0.0001707344069393,-0.8186227227236358,0.0
ADS,0.075,0.1,0,0,Bm01_iter2,Bp_higher_1e5,Bp_higher_WGD,True duplicates,0.3235982023995505,5.606677873402397e-50,-0.0477730051237227,0.0013475751727134,-0.7426980176745044,0.0
Minimal,0.075,0.1,0,0,Bm01_iter2,Bp_higher_1e5,Bp_higher_WGD,All,0.3462013295706834,2.5734243879646437e-71,0.0635722252811468,6.838250304475447e-06,-0.8208964270234285,0.0
Minimal,0.075,0.1,0,0,Bm01_iter2,Bp_higher_1e5,Bp_higher_WGD,True duplicates,0.3237127611618365,5.6352432622654526e-49,-0.0318298030833209,0.0335929216953099,-0.7263184558868363,1.2253e-320
Mixed,0.075,0.16,0,0,Bm016_iter2,Bp_higher_1e5,Bp_higher_WGD,All,0.5319752984280478,1.0517720373136491e-182,0.3339552931276837,1.5528796405691648e-130,0.095179599996736,1.8659430519947343e-06
Mixed,0.075,0.16,0,0,Bm016_iter2,Bp_higher_1e5,Bp_higher_WGD,True duplicates,0.2140647440515845,3.327718701784123e-20,0.0637607300152471,2.8021353213443128e-05,0.6302526425281109,5.4706036468238295e-201
No Cost,0.075,0.16,0,0,Bm016_iter2,Bp_higher_1e5,Bp_higher_WGD,All,0.5202789268926283,1.8347439339547297e-173,0.2879978862276842,4.1769809989614536e-96,-0.1508179533468725,3.4416190194512884e-14
No Cost,0.075,0.16,0,0,Bm016_iter2,Bp_higher_1e5,Bp_higher_WGD,True duplicates,0.330056077784765,1.937643168220201e-48,0.0289680331183794,0.055881043668742,0.0940398075037302,4.934275795236032e-05
ADS,0.075,0.16,0,0,Bm016_iter2,Bp_higher_1e5,Bp_higher_WGD,All,0.3574765075002412,3.0529594624792724e-76,0.0650157024679111,4.2042055270207275e-06,-0.713610930177749,0.0
ADS,0.075,0.16,0,0,Bm016_iter2,Bp_higher_1e5,Bp_higher_WGD,True duplicates,0.3086829545175116,2.5272275322572593e-45,-0.0491479477172154,0.0009787853521228,-0.6162511203935802,4.3671917908337274e-209
Minimal,0.075,0.16,0,0,Bm016_iter2,Bp_higher_1e5,Bp_higher_WGD,All,0.3461198708031793,2.788486173628257e-71,0.0892621160594167,2.5681433039964846e-10,-0.7288959466393515,0.0
Minimal,0.075,0.16,0,0,Bm016_iter2,Bp_higher_1e5,Bp_higher_WGD,True duplicates,0.3303327652758855,7.99431362533425e-52,-0.0390697645469439,0.0088536801405003,-0.6383839308195594,5.037949591029003e-228
Mixed,0.075,2.0,0,0,Bm2_iter2,Bp_higher_1e5,Bp_higher_WGD,All,0.4325833352613337,1.5266311996817987e-114,0.191894797686951,1.1170568004995585e-42,0.6866306158448986,0.0
Mixed,0.075,2.0,0,0,Bm2_iter2,Bp_higher_1e5,Bp_higher_WGD,True duplicates,0.2680074298874188,3.472842738603208e-33,0.007347269058499,0.6247242457063747,0.7222266699342111,8.09255852679e-312
No Cost,0.075,2.0,0,0,Bm2_iter2,Bp_higher_1e5,Bp_higher_WGD,All,0.4026689302190289,4.334525580573791e-98,-0.0270674447426208,0.0556419513238768,0.6964551537368247,0.0
No Cost,0.075,2.0,0,0,Bm2_iter2,Bp_higher_1e5,Bp_higher_WGD,True duplicates,0.3417279133589128,2.914590985702504e-54,-0.1045674428927849,2.8512007746050373e-12,0.5708874623662689,3.367189190486228e-168
ADS,0.075,2.0,0,0,Bm2_iter2,Bp_higher_1e5,Bp_higher_WGD,All,0.3517607579777213,1.0161013831572884e-73,0.0963779924907785,8.541849306588053e-12,0.3086994127199061,2.4488690719038235e-56
ADS,0.075,2.0,0,0,Bm2_iter2,Bp_higher_1e5,Bp_higher_WGD,True duplicates,0.3032452803242412,9.996964747962286e-44,-0.0606582532806949,4.703588401256847e-05,0.253761110875408,1.0565421502537353e-30
Minimal,0.075,2.0,0,0,Bm2_iter2,Bp_higher_1e5,Bp_higher_WGD,All,0.3535127482740398,1.735241513052517e-74,0.1085977408489792,1.3619303995321255e-14,0.2821816379810621,5.517826354614958e-47
Minimal,0.075,2.0,0,0,Bm2_iter2,Bp_higher_1e5,Bp_higher_WGD,True duplicates,0.3190836638426081,7.540942777418562e-49,-0.0466949855366821,0.0017044708268764,0.2248872663641754,1.7484680701805545e-24
Mixed,0.075,3.0,0,0,Bm3_iter2,Bp_higher_1e5,Bp_higher_WGD,All,0.4021756521881044,7.842207629730555e-98,0.1958115154315891,2.123062435382984e-44,0.7120965468314475,0.0
Mixed,0.075,3.0,0,0,Bm3_iter2,Bp_higher_1e5,Bp_higher_WGD,True duplicates,0.2571344256571803,1.7275073739719014e-30,0.023180363531826,0.1230085482775345,0.710890385434793,1.0085989365330056e-296
No Cost,0.075,3.0,0,0,Bm3_iter2,Bp_higher_1e5,Bp_higher_WGD,All,0.3755716264274603,1.414776395539081e-84,-0.0450603445744602,0.0014372216662043,0.7615299000207841,0.0
No Cost,0.075,3.0,0,0,Bm3_iter2,Bp_higher_1e5,Bp_higher_WGD,True duplicates,0.3475650409632862,9.206955019187644e-58,-0.0906376218186065,1.141172028276225e-09,0.6431316282966345,2.085876877219742e-233
ADS,0.075,3.0,0,0,Bm3_iter2,Bp_higher_1e5,Bp_higher_WGD,All,0.3587556078648973,8.187109993279196e-77,0.0990146604339556,2.268591408138561e-12,0.4987420023587204,2.3128904469776165e-157
ADS,0.075,3.0,0,0,Bm3_iter2,Bp_higher_1e5,Bp_higher_WGD,True duplicates,0.3042960874452018,3.686474645584479e-44,-0.0568517254454135,0.0001353006689773,0.4236409465799264,5.211667668434557e-88
Minimal,0.075,3.0,0,0,Bm3_iter2,Bp_higher_1e5,Bp_higher_WGD,All,0.3512888787342206,1.6324632081308482e-73,0.0932223196371312,3.9872359942175706e-11,0.4778145074263212,8.744212134465444e-143
Minimal,0.075,3.0,0,0,Bm3_iter2,Bp_higher_1e5,Bp_higher_WGD,True duplicates,0.316361240796926,8.933507216184175e-48,-0.0472573171467914,0.0015154264246817,0.4001521849764478,7.317096783714225e-78
Mixed,0.075,1.0,0,0,Bm1_iter1,Bp_higher_1e5,Bp_higher_WGD,All,0.430494262031082,2.4415675060753472e-113,0.2087425508096786,2.3956716733759964e-50,0.5629389974622396,5.283086783541328e-209
Mixed,0.075,1.0,0,0,Bm1_iter1,Bp_higher_1e5,Bp_higher_WGD,True duplicates,0.2721181803216034,2.784755847718004e-34,0.0381707976363444,0.0109698445936582,0.6860398958495264,5.344487597237185e-270
No Cost,0.075,1.0,0,0,Bm1_iter1,Bp_higher_1e5,Bp_higher_WGD,All,0.360038155782105,2.1744797888029196e-77,0.0667057251683465,2.3481927309864977e-06,0.5361631017220964,4.2058152465384204e-186
No Cost,0.075,1.0,0,0,Bm1_iter1,Bp_higher_1e5,Bp_higher_WGD,True duplicates,0.2825978860301021,5.075183456997172e-38,-0.0295301296335495,0.0476358446904744,0.4520810435247654,2.829826847992406e-101
ADS,0.075,1.0,0,0,Bm1_iter1,Bp_higher_1e5,Bp_higher_WGD,All,0.2724828862212618,8.28097410663308e-44,0.1089043569127888,1.1474245382378026e-14,-0.0343761539801846,0.0857134784043624
ADS,0.075,1.0,0,0,Bm1_iter1,Bp_higher_1e5,Bp_higher_WGD,True duplicates,0.2410433095144433,2.9075837814542187e-28,-0.023014960158519,0.1213050775247549,-0.0330382586813546,0.1364489781092294
Minimal,0.075,1.0,0,0,Bm1_iter1,Bp_higher_1e5,Bp_higher_WGD,All,0.2884990587678494,4.0112921514851706e-49,0.1125171667848608,1.4689673757130906e-15,-0.0236496022479363,0.2371842549251854
Minimal,0.075,1.0,0,0,Bm1_iter1,Bp_higher_1e5,Bp_higher_WGD,True duplicates,0.2506949643506144,1.767120174202864e-30,-0.0269210071326492,0.0699932817166825,0.0023915723606927,0.9142226610434162
Mixed,0.075,0.1,0,0,Bm01_iter1,Bp_higher_1e5,Bp_higher_WGD,All,0.552465443402471,8.49568898712676e-200,0.3347784724715993,3.2917273707313994e-131,-0.0665959609913537,0.0008627636312914
Mixed,0.075,0.1,0,0,Bm01_iter1,Bp_higher_1e5,Bp_higher_WGD,True duplicates,0.2477529159731222,1.3949493060738875e-26,0.046871897690351,0.0021093209398152,0.594580983924172,1.5307680119939755e-172
No Cost,0.075,0.1,0,0,Bm01_iter1,Bp_higher_1e5,Bp_higher_WGD,All,0.5156668019946884,6.4487507478638144e-170,0.3079951415595222,2.480974086203291e-110,-0.2722985830877733,9.488554317719403e-44
No Cost,0.075,0.1,0,0,Bm01_iter1,Bp_higher_1e5,Bp_higher_WGD,True duplicates,0.3051595772628008,2.43222084580216e-41,0.050427654369495,0.0008679830831024,0.1022578927721254,1.0036172597811382e-05
ADS,0.075,0.1,0,0,Bm01_iter1,Bp_higher_1e5,Bp_higher_WGD,All,0.3467849996801826,1.4469344251551733e-71,0.0617953964923747,1.2272996090979358e-05,-0.8261600610176099,0.0
ADS,0.075,0.1,0,0,Bm01_iter1,Bp_higher_1e5,Bp_higher_WGD,True duplicates,0.305564035159546,9.104527575506488e-45,-0.0321299596877093,0.0308956926139565,-0.7328407367153353,0.0
Minimal,0.075,0.1,0,0,Bm01_iter1,Bp_higher_1e5,Bp_higher_WGD,All,0.3442929101352826,1.6765664486652354e-70,0.0585678804366181,3.414542042803589e-05,-0.8250033437765351,0.0
Minimal,0.075,0.1,0,0,Bm01_iter1,Bp_higher_1e5,Bp_higher_WGD,True duplicates,0.3117512535855591,1.096894770949056e-46,-0.0394304543311807,0.0080474980746904,-0.7376800489587765,0.0
Mixed,0.075,0.16,0,0,Bm016_iter1,Bp_higher_1e5,Bp_higher_WGD,All,0.5145335410133667,4.703533760043325e-169,0.3277103739084718,1.7180956446635622e-125,0.0888942017430722,8.535136161036455e-06
Mixed,0.075,0.16,0,0,Bm016_iter1,Bp_higher_1e5,Bp_higher_WGD,True duplicates,0.2096847616865842,1.3061559600970766e-19,0.0599857582533345,7.856646648614352e-05,0.6563390970470554,1.0562400617331447e-225
No Cost,0.075,0.16,0,0,Bm016_iter1,Bp_higher_1e5,Bp_higher_WGD,All,0.4887024897123984,3.0479873862587e-150,0.2581463999934819,6.2067767182087854e-77,-0.131492612654818,4.111083599583516e-11
No Cost,0.075,0.16,0,0,Bm016_iter1,Bp_higher_1e5,Bp_higher_WGD,True duplicates,0.2768024888202995,6.574530014957989e-34,0.0114548876495766,0.4500112672675839,0.1360000140021213,4.240626091206321e-09
ADS,0.075,0.16,0,0,Bm016_iter1,Bp_higher_1e5,Bp_higher_WGD,All,0.3275908887014396,1.282193154061398e-63,0.0813195736048236,8.498400858953706e-09,-0.7364027054724329,0.0
ADS,0.075,0.16,0,0,Bm016_iter1,Bp_higher_1e5,Bp_higher_WGD,True duplicates,0.2748366378143599,1.4155052478406465e-36,-0.0205426313525087,0.1666641697846249,-0.6205203746297817,8.303757124403073e-217
Minimal,0.075,0.16,0,0,Bm016_iter1,Bp_higher_1e5,Bp_higher_WGD,All,0.3507087675374028,2.920749659899641e-73,0.0695606425757312,8.504698672087026e-07,-0.7397185191229632,0.0
Minimal,0.075,0.16,0,0,Bm016_iter1,Bp_higher_1e5,Bp_higher_WGD,True duplicates,0.3044708529439757,5.920121845524561e-45,-0.035388029857083,0.0171381536656559,-0.6372834310428859,1.4921734568164792e-232
Mixed,0.075,2.0,0,0,Bm2_iter1,Bp_higher_1e5,Bp_higher_WGD,All,0.4147529851444776,1.5532507317170514e-104,0.2178359520488215,8.920293575842125e-55,0.647263361930138,7.844732368931964e-297
Mixed,0.075,2.0,0,0,Bm2_iter1,Bp_higher_1e5,Bp_higher_WGD,True duplicates,0.2949414318101964,3.361130275374398e-40,0.049913407392968,0.0008801228679154,0.6989192012215858,3.8562859902921536e-284
No Cost,0.075,2.0,0,0,Bm2_iter1,Bp_higher_1e5,Bp_higher_WGD,All,0.3637768702362993,4.403000077039739e-79,-0.0146270761298265,0.3010954065663843,0.6788708985073438,0.0
No Cost,0.075,2.0,0,0,Bm2_iter1,Bp_higher_1e5,Bp_higher_WGD,True duplicates,0.3082216461701661,1.724138533398595e-44,-0.0893992892895687,2.185800305059534e-09,0.5806628453411954,1.9369454876294454e-177
ADS,0.075,2.0,0,0,Bm2_iter1,Bp_higher_1e5,Bp_higher_WGD,All,0.2976195793951327,2.616272136681624e-52,0.1230925344621581,2.4362150870131372e-18,0.2828341239734599,3.337751187471482e-47
ADS,0.075,2.0,0,0,Bm2_iter1,Bp_higher_1e5,Bp_higher_WGD,True duplicates,0.2706210419321015,3.1842204563375913e-35,-0.0313768799636695,0.0349273471800452,0.1942615937240981,1.280415106569899e-18
Minimal,0.075,2.0,0,0,Bm2_iter1,Bp_higher_1e5,Bp_higher_WGD,All,0.3031614022338244,2.6583021787455425e-54,0.1154102686221585,2.6990894958198864e-16,0.306344968567195,1.8188582526543227e-55
Minimal,0.075,2.0,0,0,Bm2_iter1,Bp_higher_1e5,Bp_higher_WGD,True duplicates,0.2735261181068374,4.8166255245685914e-36,-0.0347686360829513,0.0193683471077732,0.2286538285746335,2.08983186194671e-25
Mixed,0.075,0.25,0,0,Bm025_iter3,Bp_higher_1e5,Bp_higher_WGD,All,0.4772086006413761,2.232862284963739e-142,0.2908075059303212,4.9021354848102786e-98,0.2845562459769994,8.798952555397201e-48
Mixed,0.075,0.25,0,0,Bm025_iter3,Bp_higher_1e5,Bp_higher_WGD,True duplicates,0.2307292143948997,8.644316079227252e-24,0.0414858524722061,0.0062023722648958,0.6574180012596232,1.6032871340381956e-229
No Cost,0.075,0.25,0,0,Bm025_iter3,Bp_higher_1e5,Bp_higher_WGD,All,0.4486285842925735,4.464244521831084e-124,0.2038551714019938,4.73646565172531e-48,0.0973273246283719,1.085272098129402e-06
No Cost,0.075,0.25,0,0,Bm025_iter3,Bp_higher_1e5,Bp_higher_WGD,True duplicates,0.3070844511956993,4.2341839002943255e-43,-0.0010305209841065,0.9454241759692696,0.1977843944981222,2.4157580913984155e-18
ADS,0.075,0.25,0,0,Bm025_iter3,Bp_higher_1e5,Bp_higher_WGD,All,0.3063758744281399,1.7718199126857017e-55,0.0783152003035622,2.9419996273397506e-08,-0.5977626704900274,4.0885446062015295e-242
ADS,0.075,0.25,0,0,Bm025_iter3,Bp_higher_1e5,Bp_higher_WGD,True duplicates,0.2550216852840218,1.1559926914680458e-31,-0.0489760514465962,0.0009619713441057,-0.4921076676758133,5.99685618750289e-125
Minimal,0.075,0.25,0,0,Bm025_iter3,Bp_higher_1e5,Bp_higher_WGD,All,0.3133888928942229,4.271069921747143e-58,0.0866214654189573,8.512445076408961e-10,-0.5958220662755306,3.6681182950336197e-240
Minimal,0.075,0.25,0,0,Bm025_iter3,Bp_higher_1e5,Bp_higher_WGD,True duplicates,0.280699953958724,2.439101241404591e-38,-0.0293003580697034,0.048244131641567,-0.5118557794106944,5.738301051427951e-137
Mixed,0.075,3.0,0,0,Bm3_iter1,Bp_higher_1e5,Bp_higher_WGD,All,0.395039781350365,3.723687703242897e-94,0.1959123944499718,1.914885897073497e-44,0.7144662910826067,0.0
Mixed,0.075,3.0,0,0,Bm3_iter1,Bp_higher_1e5,Bp_higher_WGD,True duplicates,0.276667452219927,3.9568418048155624e-35,0.0158145327897165,0.2930179559592729,0.7303407663488248,2.6294e-320
No Cost,0.075,3.0,0,0,Bm3_iter1,Bp_higher_1e5,Bp_higher_WGD,All,0.3422365327098453,1.2447449819000074e-69,-0.0426065164570725,0.0025838014634753,0.7545881481261038,0.0
No Cost,0.075,3.0,0,0,Bm3_iter1,Bp_higher_1e5,Bp_higher_WGD,True duplicates,0.3231790316771664,1.6500296074377264e-49,-0.0864069233834691,6.768913329438108e-09,0.6459016742525533,7.017483299308912e-235
ADS,0.075,3.0,0,0,Bm3_iter1,Bp_higher_1e5,Bp_higher_WGD,All,0.3142307830769253,2.0486035684782968e-58,0.1198879180600174,1.8014530562282692e-17,0.4809069582251134,7.094424797170621e-145
ADS,0.075,3.0,0,0,Bm3_iter1,Bp_higher_1e5,Bp_higher_WGD,True duplicates,0.2937202913905699,2.519427569718183e-41,-0.0114515657061,0.441875476721339,0.3728035770611044,2.3148115155801885e-67
Minimal,0.075,3.0,0,0,Bm3_iter1,Bp_higher_1e5,Bp_higher_WGD,All,0.3130587895454063,5.693300693688786e-58,0.1000248365308244,1.3524191647278526e-12,0.5075486858797899,8.313765890154767e-164
Minimal,0.075,3.0,0,0,Bm3_iter1,Bp_higher_1e5,Bp_higher_WGD,True duplicates,0.2748073187406353,1.0505036750575943e-36,-0.0240695850860258,0.1048155968126453,0.3869155230935795,6.606806340396335e-74
Mixed,0.075,4.0,0,0,Bm4_iter1,Bp_higher_1e5,Bp_higher_WGD,All,0.3781683170189308,8.133731895906846e-86,0.1825923598775546,9.720416183014467e-39,0.7690213026914087,0.0
Mixed,0.075,4.0,0,0,Bm4_iter1,Bp_higher_1e5,Bp_higher_WGD,True duplicates,0.2649446840101045,2.7687398452776947e-32,0.0304091911544012,0.0431003599701537,0.7267295170098909,5.93473383e-316
No Cost,0.075,4.0,0,0,Bm4_iter1,Bp_higher_1e5,Bp_higher_WGD,All,0.3396840965894555,1.4677364100600087e-68,-0.0543097124232737,0.0001219602392645,0.7957350349656057,0.0
No Cost,0.075,4.0,0,0,Bm4_iter1,Bp_higher_1e5,Bp_higher_WGD,True duplicates,0.3114395872952534,5.441960277294695e-46,-0.0928544931129638,4.5762185978712634e-10,0.6930921728709342,8.878720695831768e-285
ADS,0.075,4.0,0,0,Bm4_iter1,Bp_higher_1e5,Bp_higher_WGD,All,0.3206570694171312,6.943504025144604e-61,0.0812970781441559,8.579216028110552e-09,0.5762959273433484,3.1109693226673597e-221
ADS,0.075,4.0,0,0,Bm4_iter1,Bp_higher_1e5,Bp_higher_WGD,True duplicates,0.2977534673228152,2.3771006517819066e-42,-0.0395127824208925,0.0079859207361319,0.4848633111286078,8.725549000816752e-119
Minimal,0.075,4.0,0,0,Bm4_iter1,Bp_higher_1e5,Bp_higher_WGD,All,0.3225997410879586,1.2103731381142117e-61,0.1131552022788289,1.0147137427944196e-15,0.6075490771758524,3.599704744107257e-252
Minimal,0.075,4.0,0,0,Bm4_iter1,Bp_higher_1e5,Bp_higher_WGD,True duplicates,0.2855314796232499,3.095160124438376e-38,-0.0202417449881025,0.1761256077933539,0.49196588373651,1.8203699964185302e-120
Mixed,0.075,0.5,0,0,Bm05_iter1,Bp_higher_1e5,Bp_higher_WGD,All,0.4413492118638739,1.0932807048001054e-119,0.2468453825121885,2.6787414265615536e-70,0.3909100219696035,4.5467159500088305e-92
Mixed,0.075,0.5,0,0,Bm05_iter1,Bp_higher_1e5,Bp_higher_WGD,True duplicates,0.2401579824680296,2.073048101818563e-26,0.0356903100411965,0.0178302988373576,0.6485595760878382,6.084734374639581e-228
No Cost,0.075,0.5,0,0,Bm05_iter1,Bp_higher_1e5,Bp_higher_WGD,All,0.4218278191724511,1.9611485315629964e-108,0.1565837607527736,8.18063858316707e-29,0.3228715632114501,9.469322501839013e-62
No Cost,0.075,0.5,0,0,Bm05_iter1,Bp_higher_1e5,Bp_higher_WGD,True duplicates,0.2893464957808216,1.0427056411656441e-38,-0.0282047991035621,0.0602427938237761,0.3358675207107119,2.431909428503155e-52
ADS,0.075,0.5,0,0,Bm05_iter1,Bp_higher_1e5,Bp_higher_WGD,All,0.2918409490945519,2.8157184928517623e-50,0.0709709465555265,5.074242696476327e-07,-0.3317460465513674,2.724139275958854e-65
ADS,0.075,0.5,0,0,Bm05_iter1,Bp_higher_1e5,Bp_higher_WGD,True duplicates,0.2853055481317394,5.916828085502781e-39,-0.0792997252786649,9.69139700382342e-08,-0.2697369241723879,7.563380748371913e-35
Minimal,0.075,0.5,0,0,Bm05_iter1,Bp_higher_1e5,Bp_higher_WGD,All,0.3397098530095765,1.431809555897048e-68,0.0948823017213168,1.7840590649657938e-11,-0.3387072488171598,3.750486832921579e-68
Minimal,0.075,0.5,0,0,Bm05_iter1,Bp_higher_1e5,Bp_higher_WGD,True duplicates,0.3117863146042359,4.468916828667787e-47,-0.0442249412019346,0.0028995318006356,-0.2494843262143781,3.2048703952655914e-30
Mixed,0.075,5.0,0,0,Bm5_iter1,Bp_higher_1e5,Bp_higher_WGD,All,0.3815665762506522,1.8612978220166997e-87,0.1808988940729598,4.814752946207647e-38,0.8048910817425732,0.0
Mixed,0.075,5.0,0,0,Bm5_iter1,Bp_higher_1e5,Bp_higher_WGD,True duplicates,0.257739513874478,1.893765075417896e-30,0.0292775874312003,0.0517209056238764,0.7666909089569057,0.0
No Cost,0.075,5.0,0,0,Bm5_iter1,Bp_higher_1e5,Bp_higher_WGD,All,0.34451581192253,1.3478762118656091e-70,-0.0644038679443395,5.173297414466331e-06,0.8307909266545485,0.0
No Cost,0.075,5.0,0,0,Bm5_iter1,Bp_higher_1e5,Bp_higher_WGD,True duplicates,0.3016144227600685,1.0318508200489977e-42,-0.0952543718023185,1.7564265068353808e-10,0.7328675361881032,0.0
ADS,0.075,5.0,0,0,Bm5_iter1,Bp_higher_1e5,Bp_higher_WGD,All,0.3362590303134448,3.879567289860003e-67,0.1099910868391118,6.226489329690878e-15,0.6576590300254449,1.18445524467918e-309
ADS,0.075,5.0,0,0,Bm5_iter1,Bp_higher_1e5,Bp_higher_WGD,True duplicates,0.3015291124478983,1.6056304834751945e-43,0.0013914887022185,0.9255685521536036,0.5633822878871155,1.0056355712101852e-168
Minimal,0.075,5.0,0,0,Bm5_iter1,Bp_higher_1e5,Bp_higher_WGD,All,0.3317735255957641,2.6550963074162728e-65,0.095905608495975,1.0791989967906695e-11,0.6656345699895313,7.678e-320
Minimal,0.075,5.0,0,0,Bm5_iter1,Bp_higher_1e5,Bp_higher_WGD,True duplicates,0.2972892797951099,1.933681647701458e-42,-0.0259206814099218,0.0815252452002868,0.5739483772987889,4.380683011565305e-177
Mixed,0.075,0.2,0,0,Bm020_iter3,Bp_higher_1e5,Bp_higher_WGD,All,0.4975763394522144,1.5961432976818456e-156,0.2983964313644859,2.3179264341580754e-103,0.2453019426083108,1.4045960393418536e-35
Mixed,0.075,0.2,0,0,Bm020_iter3,Bp_higher_1e5,Bp_higher_WGD,True duplicates,0.2763098341575932,3.5905201075619447e-34,0.0606094272086306,6.0574452986077264e-05,0.6476177623333665,3.589506355679071e-223
No Cost,0.075,0.2,0,0,Bm020_iter3,Bp_higher_1e5,Bp_higher_WGD,All,0.4567005067360812,4.532801719405548e-129,0.2436675685221303,1.7120700576116624e-68,0.0262320932851349,0.1897988741999347
No Cost,0.075,0.2,0,0,Bm020_iter3,Bp_higher_1e5,Bp_higher_WGD,True duplicates,0.2842613454178492,6.109390798235417e-37,0.0336624139493035,0.0252883833909106,0.2518206075981713,4.244407180621948e-29
ADS,0.075,0.2,0,0,Bm020_iter3,Bp_higher_1e5,Bp_higher_WGD,All,0.3219989975678397,2.080284215362769e-61,0.091878640269926,7.567921617598126e-11,-0.6760215635234502,0.0
ADS,0.075,0.2,0,0,Bm020_iter3,Bp_higher_1e5,Bp_higher_WGD,True duplicates,0.2694496140602057,2.560953390479739e-35,-0.0250874655815212,0.0908863543726217,-0.5829152563643112,2.9268294875473702e-186
Minimal,0.075,0.2,0,0,Bm020_iter3,Bp_higher_1e5,Bp_higher_WGD,All,0.3302027357124377,1.1469855671444752e-64,0.0926676956974208,5.200247030825657e-11,-0.6501154494264719,2.6748827501539044e-300
Minimal,0.075,0.2,0,0,Bm020_iter3,Bp_higher_1e5,Bp_higher_WGD,True duplicates,0.276725903701353,3.6584902545676592e-37,-0.0239024663264355,0.1073660163546006,-0.5759177380909476,1.7078576785594529e-180
Mixed,0.075,0.25,0,0,Bm025_iter2,Bp_higher_1e5,Bp_higher_WGD,All,0.5185616724738676,3.8924758474166126e-172,0.2953911539510185,3.1146942884355555e-101,0.2353739266838283,8.177096521658059e-33
Mixed,0.075,0.25,0,0,Bm025_iter2,Bp_higher_1e5,Bp_higher_WGD,True duplicates,0.2660707280923794,1.7045943444750654e-31,0.0448131749175593,0.0030831281617968,0.6533993759607898,8.856971498448814e-227
No Cost,0.075,0.25,0,0,Bm025_iter2,Bp_higher_1e5,Bp_higher_WGD,All,0.4671364003738241,9.957105503309607e-136,0.2356849295503482,4.507919078279432e-64,0.0851958948473431,1.995255769345011e-05
No Cost,0.075,0.25,0,0,Bm025_iter2,Bp_higher_1e5,Bp_higher_WGD,True duplicates,0.3059342998871864,1.2032228167724017e-42,0.0161441035515183,0.2838371788674935,0.1621016568669137,1.0400824615230797e-12
ADS,0.075,0.25,0,0,Bm025_iter2,Bp_higher_1e5,Bp_higher_WGD,All,0.3475975337596054,6.478059259278661e-72,0.1032725003818394,2.4756102501038994e-13,-0.578003162432506,7.739974800304666e-223
ADS,0.075,0.25,0,0,Bm025_iter2,Bp_higher_1e5,Bp_higher_WGD,True duplicates,0.3038753504535653,4.0278425746648363e-44,-0.0223733700862288,0.133194553065298,-0.4682657327548793,7.311187531475158e-110
Minimal,0.075,0.25,0,0,Bm025_iter2,Bp_higher_1e5,Bp_higher_WGD,All,0.3157577078652333,5.37157613258018e-59,0.0987232819047192,2.631098701122846e-12,-0.5812994788639168,5.814061993255751e-226
Minimal,0.075,0.25,0,0,Bm025_iter2,Bp_higher_1e5,Bp_higher_WGD,True duplicates,0.2753105383963811,4.788253009446527e-36,-0.0409896165694396,0.0059807358218144,-0.4513766777760172,8.869115022930657e-101
Mixed,0.075,0.2,0,0,Bm020_iter2,Bp_higher_1e5,Bp_higher_WGD,All,0.5303977655036425,1.9481330903470362e-181,0.3166447894368387,7.671747811767044e-117,0.165238150214104,9.175718417107481e-17
Mixed,0.075,0.2,0,0,Bm020_iter2,Bp_higher_1e5,Bp_higher_WGD,True duplicates,0.2672378913624663,1.4797883992906402e-31,0.070805476385324,2.978217895624371e-06,0.6500284539325445,3.810937014132099e-222
No Cost,0.075,0.2,0,0,Bm020_iter2,Bp_higher_1e5,Bp_higher_WGD,All,0.5084515153362424,1.7717516489996255e-164,0.2882035245426464,3.022161419850588e-96,-0.0428840270854443,0.0320236456390103
No Cost,0.075,0.2,0,0,Bm020_iter2,Bp_higher_1e5,Bp_higher_WGD,True duplicates,0.3086542595013182,3.612621601970629e-42,0.0441591355787606,0.0035711696526025,0.1584621108953915,6.9750061992404875e-12
ADS,0.075,0.2,0,0,Bm020_iter2,Bp_higher_1e5,Bp_higher_WGD,All,0.3557947823031652,1.70701568436741e-75,0.0840633839552644,2.62898268058577e-09,-0.6471565791930528,1.0560144372012468e-296
ADS,0.075,0.2,0,0,Bm020_iter2,Bp_higher_1e5,Bp_higher_WGD,True duplicates,0.3155927623938756,5.947987285231053e-48,-0.0492090718101346,0.0009347534782211,-0.5740619832948339,1.975054219450336e-177
Minimal,0.075,0.2,0,0,Bm020_iter2,Bp_higher_1e5,Bp_higher_WGD,All,0.358444424967108,1.1283160408624784e-76,0.1046108681224243,1.2106675707199516e-13,-0.6712047627527622,0.0
Minimal,0.075,0.2,0,0,Bm020_iter2,Bp_higher_1e5,Bp_higher_WGD,True duplicates,0.3264362022818076,2.4586332258736792e-50,-0.0332880450775691,0.0259098603264153,-0.5764011125658681,1.6554330192954364e-175
Mixed,0.075,0.33,0,0,Bm033_iter1,Bp_higher_1e5,Bp_higher_WGD,All,0.4997355894616944,4.431054763789521e-158,0.270348527684888,1.7715054925707475e-84,0.312420237379238,9.916970997140516e-58
Mixed,0.075,0.33,0,0,Bm033_iter1,Bp_higher_1e5,Bp_higher_WGD,True duplicates,0.2522210872033633,3.6225038485496253e-28,0.0174431551998251,0.2503291157344366,0.6601842651305718,2.3123022372588578e-231
No Cost,0.075,0.33,0,0,Bm033_iter1,Bp_higher_1e5,Bp_higher_WGD,All,0.4274428585348574,1.3521699574149265e-111,0.1810009122563496,4.374273292311211e-38,0.1374856263497002,5.068312222655029e-12
No Cost,0.075,0.33,0,0,Bm033_iter1,Bp_higher_1e5,Bp_higher_WGD,True duplicates,0.3102310071241265,3.7664321593598253e-44,-0.021031915421242,0.1620103608884461,0.2129348941907186,3.815706022990399e-21
ADS,0.075,0.33,0,0,Bm033_iter1,Bp_higher_1e5,Bp_higher_WGD,All,0.3129700663312106,6.150173558628329e-58,0.0893085177331922,2.513845755918401e-10,-0.5078694764591163,4.8025410421711646e-164
ADS,0.075,0.33,0,0,Bm033_iter1,Bp_higher_1e5,Bp_higher_WGD,True duplicates,0.2899347500615521,1.858927449162393e-40,-0.0456041691894783,0.0021590246553248,-0.4158430913117527,2.2353711109052493e-85
Minimal,0.075,0.33,0,0,Bm033_iter1,Bp_higher_1e5,Bp_higher_WGD,All,0.3354261956201914,8.548063629425137e-67,0.0815417344953526,7.739004804569495e-09,-0.5201224891075983,2.425189348201643e-173
Minimal,0.075,0.33,0,0,Bm033_iter1,Bp_higher_1e5,Bp_higher_WGD,True duplicates,0.3220511187931469,9.901681859252353e-50,-0.0512942932652549,0.0005688228416484,-0.4103057257356332,1.8041657904448118e-82
Mixed,0.025,0.1,0,0,Bm01_iter3,Bp_higher_1e6,Bp_higher_WGD,All,0.5277955299512849,2.3235489271333852e-179,0.239669139151478,2.9390449631598133e-66,0.7454758773561404,0.0
Mixed,0.025,0.1,0,0,Bm01_iter3,Bp_higher_1e6,Bp_higher_WGD,True duplicates,0.358171025434556,2.706861917014466e-66,0.0977920248177317,2.265700006081256e-11,0.9603007820950124,0.0
No Cost,0.025,0.1,0,0,Bm01_iter3,Bp_higher_1e6,Bp_higher_WGD,All,0.6634864943818393,4.5734985e-317,0.3426926615866536,8.589355575258306e-138,0.1235631342661015,5.688274538582654e-10
No Cost,0.025,0.1,0,0,Bm01_iter3,Bp_higher_1e6,Bp_higher_WGD,True duplicates,0.4699432732322247,4.508217863327478e-106,0.1057107551922215,1.8448192363090523e-12,0.3167321873595342,5.352429793159916e-46
ADS,0.025,0.1,0,0,Bm01_iter3,Bp_higher_1e6,Bp_higher_WGD,All,0.3475418552866969,6.845312499141004e-72,0.064648321072196,4.76288816613379e-06,-0.7923348311575731,0.0
ADS,0.025,0.1,0,0,Bm01_iter3,Bp_higher_1e6,Bp_higher_WGD,True duplicates,0.3289595485124668,3.363885415446359e-59,0.0265458826075624,0.0658873339177374,-0.7573794765974199,0.0
Minimal,0.025,0.1,0,0,Bm01_iter3,Bp_higher_1e6,Bp_higher_WGD,All,0.3246532505365201,1.8830797147956208e-62,0.0558647074711535,7.739384040403324e-05,-0.807130037108806,0.0
Minimal,0.025,0.1,0,0,Bm01_iter3,Bp_higher_1e6,Bp_higher_WGD,True duplicates,0.3114413274257008,1.0869069005730917e-52,0.0184702675028108,0.2012143857628872,-0.7698502833966414,0.0
Mixed,0.025,0.33,0,0,Bm033_iter3,Bp_higher_1e6,Bp_higher_WGD,All,0.4835027817444451,1.2000997287080174e-146,0.1755896347738337,6.560133728271761e-36,0.89353668645387,0.0
Mixed,0.025,0.33,0,0,Bm033_iter3,Bp_higher_1e6,Bp_higher_WGD,True duplicates,0.3423930995448647,3.0105113554808486e-61,0.0681869641836525,2.9627709815903467e-06,0.9607010798515516,0.0
No Cost,0.025,0.33,0,0,Bm033_iter3,Bp_higher_1e6,Bp_higher_WGD,All,0.5206101376976222,1.0158372863425766e-173,0.1748235788147242,1.3162799764631765e-35,0.5420119141779063,6.267870627555089e-191
No Cost,0.025,0.33,0,0,Bm033_iter3,Bp_higher_1e6,Bp_higher_WGD,True duplicates,0.4283296769568958,1.466100201162728e-92,0.0484591331416177,0.0010668171979477,0.483979015556167,2.9356608055987375e-121
ADS,0.025,0.33,0,0,Bm033_iter3,Bp_higher_1e6,Bp_higher_WGD,All,0.3288587792734048,3.9838830480835484e-64,0.0914199435810581,9.398978517108776e-11,-0.492050218376035,1.3684148332768382e-152
ADS,0.025,0.33,0,0,Bm033_iter3,Bp_higher_1e6,Bp_higher_WGD,True duplicates,0.3073326006063806,2.3650507090875782e-51,0.0258784807502896,0.0732229359105873,-0.4551614388066179,1.1818285510755183e-117
Minimal,0.025,0.33,0,0,Bm033_iter3,Bp_higher_1e6,Bp_higher_WGD,All,0.3448303594288576,9.903361105465169e-71,0.091423025406883,9.385338372905904e-11,-0.5252654487784719,2.332449309115671e-177
Minimal,0.025,0.33,0,0,Bm033_iter3,Bp_higher_1e6,Bp_higher_WGD,True duplicates,0.30427633659819,6.1014836338586155e-50,0.0190697478774927,0.1876641840031714,-0.4984717880299167,3.432914345473445e-143
Mixed,0.025,0.5,0,0,Bm05_iter3,Bp_higher_1e6,Bp_higher_WGD,All,0.4572468604874978,2.058260040777481e-129,0.1274234964723573,1.4988486399986465e-19,0.9068395399103264,0.0
Mixed,0.025,0.5,0,0,Bm05_iter3,Bp_higher_1e6,Bp_higher_WGD,True duplicates,0.3558372353337128,3.3855655828856655e-67,0.0261423280182934,0.0725760800357244,0.9663465349198622,0.0
No Cost,0.025,0.5,0,0,Bm05_iter3,Bp_higher_1e6,Bp_higher_WGD,All,0.5131802211168355,4.9966098572102115e-168,0.0882825190176973,4.0220910700549386e-10,0.6569057455529195,1.0464513674827527e-308
No Cost,0.025,0.5,0,0,Bm05_iter3,Bp_higher_1e6,Bp_higher_WGD,True duplicates,0.4461376539434306,1.1077754604705167e-103,0.0202792817403702,0.1686604629629412,0.5788224111012543,6.242541628612527e-189
ADS,0.025,0.5,0,0,Bm05_iter3,Bp_higher_1e6,Bp_higher_WGD,All,0.3226267808362849,1.181190745818109e-61,0.0816865578335198,7.279931058303837e-09,-0.3565966174394588,7.523012837801733e-76
ADS,0.025,0.5,0,0,Bm05_iter3,Bp_higher_1e6,Bp_higher_WGD,True duplicates,0.2929831631602017,1.9965910051688464e-46,0.0088397181761198,0.5410669779106523,-0.3300752331175979,3.6828160848293802e-59
Minimal,0.025,0.5,0,0,Bm05_iter3,Bp_higher_1e6,Bp_higher_WGD,All,0.3441819860771178,1.86875903987306e-70,0.0946434590909772,2.0046246864208108e-11,-0.3569903135024502,5.0268617975877103e-76
Minimal,0.025,0.5,0,0,Bm05_iter3,Bp_higher_1e6,Bp_higher_WGD,True duplicates,0.3218904465976699,5.92763755906649e-56,0.0241273523362152,0.0955760560807821,-0.3167835044305441,3.7230535224570736e-54
Mixed,0.025,0.16,0,0,Bm016_iter2,Bp_higher_1e6,Bp_higher_WGD,All,0.5385302270928364,4.806536194723755e-188,0.2033307140028181,8.28615100888034e-48,0.8000044067847052,0.0
Mixed,0.025,0.16,0,0,Bm016_iter2,Bp_higher_1e6,Bp_higher_WGD,True duplicates,0.3710545830242621,1.0568846923313638e-70,0.0585541931715253,6.629761075031005e-05,0.9587595989484908,0.0
No Cost,0.025,0.16,0,0,Bm016_iter2,Bp_higher_1e6,Bp_higher_WGD,All,0.6522259767401564,6.875959027115557e-303,0.290934382038379,4.0057862765670295e-98,0.2398798287167726,4.713677894764346e-34
No Cost,0.025,0.16,0,0,Bm016_iter2,Bp_higher_1e6,Bp_higher_WGD,True duplicates,0.4981299322851583,1.0887610114132632e-121,0.0781049076945056,1.9276093803446966e-07,0.3234522307837798,2.7157696424046487e-48
ADS,0.025,0.16,0,0,Bm016_iter2,Bp_higher_1e6,Bp_higher_WGD,All,0.3595809975649596,3.4905346727734285e-77,0.0904007745236964,1.5153990385262368e-10,-0.7181876272300205,0.0
ADS,0.025,0.16,0,0,Bm016_iter2,Bp_higher_1e6,Bp_higher_WGD,True duplicates,0.3346031617928416,3.6086959430367175e-60,0.0199240134820067,0.1694557974471711,-0.6628166433040349,1.1878465928779527e-285
Minimal,0.025,0.16,0,0,Bm016_iter2,Bp_higher_1e6,Bp_higher_WGD,All,0.3553372700379633,2.7215465677548704e-75,0.0790324405102143,2.19613937543867e-08,-0.7116720816115333,0.0
Minimal,0.025,0.16,0,0,Bm016_iter2,Bp_higher_1e6,Bp_higher_WGD,True duplicates,0.350196464469888,2.2896758576558542e-67,0.0314882651620758,0.0291264311453859,-0.6776557079558219,3.159565854033334e-309
Mixed,0.025,0.33,0,0,Bm033_iter2,Bp_higher_1e6,Bp_higher_WGD,All,0.5134911674705869,2.9059497586292045e-168,0.1696012957454127,1.3936080100474349e-33,0.8768048222727717,0.0
Mixed,0.025,0.33,0,0,Bm033_iter2,Bp_higher_1e6,Bp_higher_WGD,True duplicates,0.355714596236919,1.701006936235099e-64,0.0273171799575659,0.0631383104876955,0.9607026260476696,0.0
No Cost,0.025,0.33,0,0,Bm033_iter2,Bp_higher_1e6,Bp_higher_WGD,All,0.5651367457818793,5.609465993747078e-211,0.212920951409002,2.342963342010876e-52,0.5714813169090107,9.25106084066532e-217
No Cost,0.025,0.33,0,0,Bm033_iter2,Bp_higher_1e6,Bp_higher_WGD,True duplicates,0.4446811918907276,3.4690804862202907e-97,0.0562670216459285,0.0001620554619531,0.4972201826281671,1.0489898733737843e-124
ADS,0.025,0.33,0,0,Bm033_iter2,Bp_higher_1e6,Bp_higher_WGD,All,0.3671831942373111,1.2047572904845451e-80,0.1093552878940676,8.910098731234673e-15,-0.4763859035497447,7.949965712457844e-142
ADS,0.025,0.33,0,0,Bm033_iter2,Bp_higher_1e6,Bp_higher_WGD,True duplicates,0.3477196031514729,4.064163087982623e-65,0.0295438929111957,0.0416132749533092,-0.4227975326676272,1.6126408288098858e-98
Minimal,0.025,0.33,0,0,Bm033_iter2,Bp_higher_1e6,Bp_higher_WGD,All,0.3432471555915449,4.655961625272227e-70,0.0923285383206148,6.112683365643764e-11,-0.4948703923952628,1.3741213221884463e-154
Minimal,0.025,0.33,0,0,Bm033_iter2,Bp_higher_1e6,Bp_higher_WGD,True duplicates,0.3184426565759016,5.1385815642434925e-55,0.026984527524422,0.0619754092858471,-0.4775689177417359,1.6286491740765729e-130
Mixed,0.025,5.0,0,0,Bm5_iter1,Bp_higher_1e6,Bp_higher_WGD,All,0.458319530867125,4.35032514711222e-130,0.1280144184347222,1.016854228776228e-19,0.9475996826239492,0.0
Mixed,0.025,5.0,0,0,Bm5_iter1,Bp_higher_1e6,Bp_higher_WGD,True duplicates,0.3711457368988664,1.2082587516540154e-73,0.0481518371684198,0.0009286794600169,0.9600099606555196,0.0
No Cost,0.025,5.0,0,0,Bm5_iter1,Bp_higher_1e6,Bp_higher_WGD,All,0.5118289640686343,5.2329919083832504e-167,-0.302727625776516,1.7887924374943665e-106,0.9357730352276856,0.0
No Cost,0.025,5.0,0,0,Bm5_iter1,Bp_higher_1e6,Bp_higher_WGD,True duplicates,0.4329956925668594,3.823643200618431e-100,-0.2190873112958555,6.309286915838301e-52,0.9091122313211794,0.0
ADS,0.025,5.0,0,0,Bm5_iter1,Bp_higher_1e6,Bp_higher_WGD,All,0.3189486009197762,3.1926586485563174e-60,0.0819398070682387,6.539993859065128e-09,0.6521729639956743,7.991774034150659e-303
ADS,0.025,5.0,0,0,Bm5_iter1,Bp_higher_1e6,Bp_higher_WGD,True duplicates,0.3093239356453462,1.0592312341965262e-51,0.0193603918406684,0.18088824324962,0.6158888168150757,5.221103789380058e-238
Minimal,0.025,5.0,0,0,Bm5_iter1,Bp_higher_1e6,Bp_higher_WGD,All,0.3227138451702153,1.0919041589424994e-61,0.0843894248404221,2.2811660688311102e-09,0.6444222153635546,2.0496585150017552e-293
Minimal,0.025,5.0,0,0,Bm5_iter1,Bp_higher_1e6,Bp_higher_WGD,True duplicates,0.3027923951489393,1.3504272922714213e-49,0.03166902327773,0.0285276280561569,0.6017845521915017,6.705982561684097e-225
Mixed,0.025,4.0,0,0,Bm4_iter1,Bp_higher_1e6,Bp_higher_WGD,All,0.4307691407950625,1.6972252921940283e-113,0.1482276250987829,5.838625602694605e-26,0.949794442655111,0.0
Mixed,0.025,4.0,0,0,Bm4_iter1,Bp_higher_1e6,Bp_higher_WGD,True duplicates,0.3278628889342903,4.641120936750173e-57,0.0613705858215495,2.3992494820857337e-05,0.9576900967779324,0.0
No Cost,0.025,4.0,0,0,Bm4_iter1,Bp_higher_1e6,Bp_higher_WGD,All,0.5192539516246323,1.13848511399133e-172,-0.284670143807617,7.565858086190304e-94,0.9304894823823172,0.0
No Cost,0.025,4.0,0,0,Bm4_iter1,Bp_higher_1e6,Bp_higher_WGD,True duplicates,0.4525667277111533,2.425166634903307e-110,-0.2010638635516241,7.554994683584945e-44,0.899423993790886,0.0
ADS,0.025,4.0,0,0,Bm4_iter1,Bp_higher_1e6,Bp_higher_WGD,All,0.299849174375868,4.179091594056622e-53,0.0821932554018987,5.8728939073644005e-09,0.5902486817037892,1.2575067013483489e-234
ADS,0.025,4.0,0,0,Bm4_iter1,Bp_higher_1e6,Bp_higher_WGD,True duplicates,0.289302388016934,4.736463881191234e-45,0.0187181073202628,0.196075025221991,0.5393010568465537,1.208850259494733e-171
Minimal,0.025,4.0,0,0,Bm4_iter1,Bp_higher_1e6,Bp_higher_WGD,All,0.3324355063736811,1.4293861921369797e-65,0.0815973884478713,7.559352456159588e-09,0.596136768149883,1.7727945836581602e-240
Minimal,0.025,4.0,0,0,Bm4_iter1,Bp_higher_1e6,Bp_higher_WGD,True duplicates,0.3208488288074946,3.912724483294833e-55,0.0152136619614515,0.2942906502775594,0.5456000300453718,4.865788367625164e-175
Mixed,0.025,0.2,0,0,Bm020_iter1,Bp_higher_1e6,Bp_higher_WGD,All,0.5329219261635082,1.8112832953907547e-183,0.1968123323880981,7.607001093958505e-45,0.8436396286143407,0.0
Mixed,0.025,0.2,0,0,Bm020_iter1,Bp_higher_1e6,Bp_higher_WGD,True duplicates,0.3752861998705433,9.018850331930336e-73,0.0619559170242881,2.3746880093285917e-05,0.9633632046323768,0.0
No Cost,0.025,0.2,0,0,Bm020_iter1,Bp_higher_1e6,Bp_higher_WGD,All,0.5752449368391899,2.9904145407298667e-220,0.234313291583858,2.494876105541232e-63,0.4395569054011048,1.267803639985316e-118
No Cost,0.025,0.2,0,0,Bm020_iter1,Bp_higher_1e6,Bp_higher_WGD,True duplicates,0.4316156675531147,5.3074158252719894e-92,0.0493879997579629,0.0009071898340486,0.4193730386383726,1.925847142621203e-86
ADS,0.025,0.2,0,0,Bm020_iter1,Bp_higher_1e6,Bp_higher_WGD,All,0.3401370684379309,9.48889915338641e-69,0.0997605841547063,1.5491476719755048e-12,-0.6267686949709912,5.652730738919291e-273
ADS,0.025,0.2,0,0,Bm020_iter1,Bp_higher_1e6,Bp_higher_WGD,True duplicates,0.3008766539419932,3.598876210800696e-49,0.0376176352285029,0.0092063255016738,-0.5687292287973562,1.4384667396530054e-196
Minimal,0.025,0.2,0,0,Bm020_iter1,Bp_higher_1e6,Bp_higher_WGD,All,0.3342995140959223,2.479218393369326e-66,0.1043682442260904,1.3792252779834058e-13,-0.6429512263281962,1.1657214871939816e-291
Minimal,0.025,0.2,0,0,Bm020_iter1,Bp_higher_1e6,Bp_higher_WGD,True duplicates,0.2996100550840357,5.1560834750308545e-48,0.0433705054650297,0.0027750647813535,-0.5781085641962568,2.3146350342678567e-201
Mixed,0.025,0.1,0,0,Bm01_iter2,Bp_higher_1e6,Bp_higher_WGD,All,0.5366609501217521,1.6469998036940899e-186,0.1981654436849836,1.8822973982456842e-45,0.724381142716983,0.0
Mixed,0.025,0.1,0,0,Bm01_iter2,Bp_higher_1e6,Bp_higher_WGD,True duplicates,0.3834614500611705,1.1369446862594526e-75,0.0519854621049031,0.0004002957836041,0.9599000412809562,0.0
No Cost,0.025,0.1,0,0,Bm01_iter2,Bp_higher_1e6,Bp_higher_WGD,All,0.6844692023790724,0.0,0.3501939817420827,3.267046701842822e-144,-0.0081243392198942,0.6847275334815482
No Cost,0.025,0.1,0,0,Bm01_iter2,Bp_higher_1e6,Bp_higher_WGD,True duplicates,0.4823802523913421,4.6039071456832335e-109,0.0905492745639673,2.0948600042884992e-09,0.2823965081124724,1.8414755533999588e-35
ADS,0.025,0.1,0,0,Bm01_iter2,Bp_higher_1e6,Bp_higher_WGD,All,0.3884706907633106,7.521557183723923e-91,0.0800987633294808,1.4152296978310296e-08,-0.8038940102230416,0.0
ADS,0.025,0.1,0,0,Bm01_iter2,Bp_higher_1e6,Bp_higher_WGD,True duplicates,0.3638751674347179,9.350841756584318e-73,0.0272018591150905,0.0596625472793332,-0.7633584528371153,0.0
Minimal,0.025,0.1,0,0,Bm01_iter2,Bp_higher_1e6,Bp_higher_WGD,All,0.353654049544648,1.5039760261083492e-74,0.0661619932983117,2.836456193534319e-06,-0.805977067708331,0.0
Minimal,0.025,0.1,0,0,Bm01_iter2,Bp_higher_1e6,Bp_higher_WGD,True duplicates,0.3453079539630867,3.990307391080336e-65,0.0265821259716748,0.0658285722074877,-0.7669589087254473,0.0
Mixed,0.025,3.0,0,0,Bm3_iter1,Bp_higher_1e6,Bp_higher_WGD,All,0.4596723769075804,6.07845613460267e-131,0.1182239518418164,4.9856640473622707e-17,0.9539724885075982,0.0
Mixed,0.025,3.0,0,0,Bm3_iter1,Bp_higher_1e6,Bp_higher_WGD,True duplicates,0.3513412261553814,2.8572250303009407e-65,0.043359067678353,0.0029113096643987,0.9629262696936676,0.0
No Cost,0.025,3.0,0,0,Bm3_iter1,Bp_higher_1e6,Bp_higher_WGD,All,0.4928386065981771,3.7975383664614593e-153,-0.2424102788759752,8.722946898321295e-68,0.908273862315818,0.0
No Cost,0.025,3.0,0,0,Bm3_iter1,Bp_higher_1e6,Bp_higher_WGD,True duplicates,0.4252633984474682,4.005400857985594e-95,-0.1621400790417385,9.373645734601337e-29,0.8627741314187366,0.0
ADS,0.025,3.0,0,0,Bm3_iter1,Bp_higher_1e6,Bp_higher_WGD,All,0.3436626382820221,3.104370382482293e-70,0.1027984712550644,3.182475305883795e-13,0.4998092552654808,3.919270850789625e-158
ADS,0.025,3.0,0,0,Bm3_iter1,Bp_higher_1e6,Bp_higher_WGD,True duplicates,0.3254747026396687,8.018939237884449e-58,0.0458618333159969,0.0014867785954348,0.4668595737080927,1.0795475254174695e-124
Minimal,0.025,3.0,0,0,Bm3_iter1,Bp_higher_1e6,Bp_higher_WGD,All,0.3422136209621794,1.2727529017291353e-69,0.0907074761795249,1.3132203448353995e-10,0.4923165201146433,8.878376513590878e-153
Minimal,0.025,3.0,0,0,Bm3_iter1,Bp_higher_1e6,Bp_higher_WGD,True duplicates,0.3197007171693138,5.750227790281091e-55,0.0271871687277489,0.0606058695698328,0.4240871425806164,1.6206437666871001e-99
Mixed,0.025,2.0,0,0,Bm2_iter1,Bp_higher_1e6,Bp_higher_WGD,All,0.4547842796134848,7.144559620703135e-128,0.1417749873911882,7.241594768802211e-24,0.942990086750414,0.0
Mixed,0.025,2.0,0,0,Bm2_iter1,Bp_higher_1e6,Bp_higher_WGD,True duplicates,0.3583647470918479,2.68752130091051e-67,0.0517480849404049,0.000393256833232,0.955868313760762,0.0
No Cost,0.025,2.0,0,0,Bm2_iter1,Bp_higher_1e6,Bp_higher_WGD,All,0.4744140133142421,1.644817563068787e-140,-0.1703583904048659,7.1545823598524075e-34,0.878241261286602,0.0
No Cost,0.025,2.0,0,0,Bm2_iter1,Bp_higher_1e6,Bp_higher_WGD,True duplicates,0.4349272694070841,6.193930687743372e-100,-0.1190433219808155,3.8096262053581593e-16,0.8203983574635157,0.0
ADS,0.025,2.0,0,0,Bm2_iter1,Bp_higher_1e6,Bp_higher_WGD,All,0.3181311807569889,6.601405740464665e-60,0.1093971204802024,8.703014984755758e-15,0.3315802299488368,3.180398290630273e-65
ADS,0.025,2.0,0,0,Bm2_iter1,Bp_higher_1e6,Bp_higher_WGD,True duplicates,0.2769725477038886,1.3793755236555903e-41,0.0345292126633452,0.0168667278737365,0.2909577352257934,6.7278230535102225e-46
Minimal,0.025,2.0,0,0,Bm2_iter1,Bp_higher_1e6,Bp_higher_WGD,All,0.3297715481874477,1.7113776922157522e-64,0.1190058072255517,3.0957278767141256e-17,0.3324924428307909,1.3551519293929828e-65
Minimal,0.025,2.0,0,0,Bm2_iter1,Bp_higher_1e6,Bp_higher_WGD,True duplicates,0.3057602699382752,2.7577546165711667e-50,0.0417456974908887,0.0039381887615617,0.288149002329292,1.2912088815112557e-44
Mixed,0.025,0.25,0,0,Bm025_iter1,Bp_higher_1e6,Bp_higher_WGD,All,0.48374724923956,8.157831183239602e-147,0.1666692443567489,1.789824478920806e-32,0.8800044774407165,0.0
Mixed,0.025,0.25,0,0,Bm025_iter1,Bp_higher_1e6,Bp_higher_WGD,True duplicates,0.3622898250940623,7.613780970578553e-69,0.0590900713425559,5.1592107324243056e-05,0.9569877853199804,0.0
No Cost,0.025,0.25,0,0,Bm025_iter1,Bp_higher_1e6,Bp_higher_WGD,All,0.5539174467067915,4.703232435348528e-201,0.2054623467511458,8.450901641843376e-49,0.5419795921247348,6.668930238084203e-191
No Cost,0.025,0.25,0,0,Bm025_iter1,Bp_higher_1e6,Bp_higher_WGD,True duplicates,0.4421145861128862,6.766082850088731e-99,0.0555048721076052,0.0001794768618746,0.4894791016220872,4.890192292374872e-124
ADS,0.025,0.25,0,0,Bm025_iter1,Bp_higher_1e6,Bp_higher_WGD,All,0.350514787602366,3.5469746098747856e-73,0.0978435223363817,4.105741846925413e-12,-0.5886913172306109,4.235726333286424e-233
ADS,0.025,0.25,0,0,Bm025_iter1,Bp_higher_1e6,Bp_higher_WGD,True duplicates,0.3233587236058177,1.877215743641786e-56,0.0394014274613663,0.0064852543914936,-0.5369499490414472,6.917838248153647e-170
Minimal,0.025,0.25,0,0,Bm025_iter1,Bp_higher_1e6,Bp_higher_WGD,All,0.3318210440673671,2.539791011772295e-65,0.0881709223678813,4.2317017813633817e-10,-0.590473906187825,7.549648505385369e-235
Minimal,0.025,0.25,0,0,Bm025_iter1,Bp_higher_1e6,Bp_higher_WGD,True duplicates,0.3020223458687741,1.43672274311951e-48,0.015910545633812,0.2731829450240677,-0.5233880241677501,3.900781147813491e-158
Mixed,0.025,1.0,0,0,Bm1_iter1,Bp_higher_1e6,Bp_higher_WGD,All,0.4749348026455685,7.403831674790587e-141,0.1177869789278438,6.498247013756722e-17,0.9404197546911608,0.0
Mixed,0.025,1.0,0,0,Bm1_iter1,Bp_higher_1e6,Bp_higher_WGD,True duplicates,0.3687238859994161,1.1865113591341125e-71,0.041247616666299,0.0047024496294496,0.9647675688495848,0.0
No Cost,0.025,1.0,0,0,Bm1_iter1,Bp_higher_1e6,Bp_higher_WGD,All,0.4701534734965558,1.0707679253232876e-137,-0.0493138933060234,0.0004861582129499,0.8086838910534226,0.0
No Cost,0.025,1.0,0,0,Bm1_iter1,Bp_higher_1e6,Bp_higher_WGD,True duplicates,0.4165824375868864,7.531934360973298e-91,-0.0599289874332964,4.3618052064613466e-05,0.7265331031130943,0.0
ADS,0.025,1.0,0,0,Bm1_iter1,Bp_higher_1e6,Bp_higher_WGD,All,0.3417113458098154,2.0719968180263544e-69,0.1071895790027832,2.973795590249805e-14,0.0009044292007086,0.963948808215136
ADS,0.025,1.0,0,0,Bm1_iter1,Bp_higher_1e6,Bp_higher_WGD,True duplicates,0.3173965841125254,1.0223930998598702e-54,0.0310298082630481,0.0317872631627305,-0.0082879206054472,0.6919378491543207
Minimal,0.025,1.0,0,0,Bm1_iter1,Bp_higher_1e6,Bp_higher_WGD,All,0.3553488768238203,2.689556220323854e-75,0.1067028964199074,3.8860490661992695e-14,-0.0276348409015745,0.1671821880910153
Minimal,0.025,1.0,0,0,Bm1_iter1,Bp_higher_1e6,Bp_higher_WGD,True duplicates,0.3263681259682859,3.844357933944176e-57,0.0196599513234475,0.1752268682707581,-0.0480597159432008,0.0224442740375954
Mixed,0.025,0.16,0,0,Bm016_iter3,Bp_higher_1e6,Bp_higher_WGD,All,0.5105628137220503,4.681816278562152e-166,0.2160730239072369,6.6848050618061e-54,0.820880393484863,0.0
Mixed,0.025,0.16,0,0,Bm016_iter3,Bp_higher_1e6,Bp_higher_WGD,True duplicates,0.3632685879419398,6.782389993804657e-69,0.0911137540654422,4.3073194223878726e-10,0.9552929413640504,0.0
No Cost,0.025,0.16,0,0,Bm016_iter3,Bp_higher_1e6,Bp_higher_WGD,All,0.6013537069685932,9.169350872580328e-246,0.2710676508921801,6.183341693541142e-85,0.3209045413287267,5.5621974971406046e-61
No Cost,0.025,0.16,0,0,Bm016_iter3,Bp_higher_1e6,Bp_higher_WGD,True duplicates,0.4582280576394308,2.732660801036363e-104,0.077505710881249,1.9455024851415604e-07,0.4105034129122286,4.4993332195333456e-82
ADS,0.025,0.16,0,0,Bm016_iter3,Bp_higher_1e6,Bp_higher_WGD,All,0.3325137886262062,1.3283218223792349e-65,0.0735581810539241,1.9181132569752487e-07,-0.7109807632289222,0.0
ADS,0.025,0.16,0,0,Bm016_iter3,Bp_higher_1e6,Bp_higher_WGD,True duplicates,0.3132004901719163,4.747517856660516e-53,0.0221389527536194,0.1259524140260183,-0.6596804482674812,9.010202043693508e-285
Minimal,0.025,0.16,0,0,Bm016_iter3,Bp_higher_1e6,Bp_higher_WGD,All,0.3206398884863821,7.051203771374489e-61,0.0906122248343694,1.3730093731833596e-10,-0.7081198790591808,0.0
Minimal,0.025,0.16,0,0,Bm016_iter3,Bp_higher_1e6,Bp_higher_WGD,True duplicates,0.3063865637559112,1.7907301383413121e-50,0.0321232752603883,0.0265621346378807,-0.6558568574983924,6.421845028916741e-279
Mixed,0.025,0.5,0,0,Bm05_iter2,Bp_higher_1e6,Bp_higher_WGD,All,0.5243528849204617,1.2179499444581403e-176,0.1812703237068059,3.394288909923774e-38,0.907151036920166,0.0
Mixed,0.025,0.5,0,0,Bm05_iter2,Bp_higher_1e6,Bp_higher_WGD,True duplicates,0.3758847362948541,1.6155400351354766e-72,0.0572556029412076,9.663295594769216e-05,0.95618971445568,0.0
No Cost,0.025,0.5,0,0,Bm05_iter2,Bp_higher_1e6,Bp_higher_WGD,All,0.5082706274993005,2.4159229962821264e-164,0.1036984921168733,1.973472927361947e-13,0.7076559025369445,0.0
No Cost,0.025,0.5,0,0,Bm05_iter2,Bp_higher_1e6,Bp_higher_WGD,True duplicates,0.4285697442362809,2.0822004169074842e-92,0.0165551429422611,0.2641663008736689,0.5999001096069624,9.602045333051212e-201
ADS,0.025,0.5,0,0,Bm05_iter2,Bp_higher_1e6,Bp_higher_WGD,All,0.3730324936051991,2.2525295176082605e-83,0.1200817816738698,1.5984986865886202e-17,-0.3126384146941464,8.20535102167874e-58
ADS,0.025,0.5,0,0,Bm05_iter2,Bp_higher_1e6,Bp_higher_WGD,True duplicates,0.3270687496710328,2.552917736717913e-57,0.0276748479622399,0.056414091245742,-0.2634195428882809,4.4734987340470436e-37
Minimal,0.025,0.5,0,0,Bm05_iter2,Bp_higher_1e6,Bp_higher_WGD,All,0.3622392963582875,2.2029337028725813e-78,0.0974602361439735,4.978013883086719e-12,-0.2731931342709015,4.895825996646355e-44
Minimal,0.025,0.5,0,0,Bm05_iter2,Bp_higher_1e6,Bp_higher_WGD,True duplicates,0.3325907083991295,1.0439894907592734e-59,0.0201239810139448,0.1647259096180413,-0.2527591518262465,2.155913519725591e-34
Mixed,0.025,3.0,0,0,Bm3_iter2,Bp_higher_1e6,Bp_higher_WGD,All,0.460726574580252,1.3033891079317434e-131,0.139528353401153,3.684483083644035e-23,0.9511783466205356,0.0
Mixed,0.025,3.0,0,0,Bm3_iter2,Bp_higher_1e6,Bp_higher_WGD,True duplicates,0.3580221981738191,2.692077680541635e-66,0.0481033672739749,0.001021977869452,0.9620726930953946,0.0
No Cost,0.025,3.0,0,0,Bm3_iter2,Bp_higher_1e6,Bp_higher_WGD,All,0.5197726911636307,4.5233003019094314e-173,-0.2537443174297803,2.6142441416299843e-74,0.90658912348626,0.0
No Cost,0.025,3.0,0,0,Bm3_iter2,Bp_higher_1e6,Bp_higher_WGD,True duplicates,0.4594766011694998,6.92586762437667e-112,-0.1648237166697483,1.4176939936564707e-29,0.8598291567739309,0.0
ADS,0.025,3.0,0,0,Bm3_iter2,Bp_higher_1e6,Bp_higher_WGD,All,0.3688497783119646,2.0385783911665391e-81,0.0998666939353296,1.4669908501770293e-12,0.4980019843203175,7.890711009108194e-157
ADS,0.025,3.0,0,0,Bm3_iter2,Bp_higher_1e6,Bp_higher_WGD,True duplicates,0.3366486404227636,4.922504733502716e-61,0.0260607237203013,0.0721733443680425,0.4326098642328372,8.789902621202026e-104
Minimal,0.025,3.0,0,0,Bm3_iter2,Bp_higher_1e6,Bp_higher_WGD,All,0.3587672246347559,8.089606444287492e-77,0.0748490104048069,1.166079607667904e-07,0.5402386280061806,1.8646084071437167e-189
Minimal,0.025,3.0,0,0,Bm3_iter2,Bp_higher_1e6,Bp_higher_WGD,True duplicates,0.3293240079049525,2.618033404950342e-58,-0.0016380216801631,0.9100448096043356,0.4934778122814602,4.9347081054667015e-139
Mixed,0.025,2.0,0,0,Bm2_iter2,Bp_higher_1e6,Bp_higher_WGD,All,0.4904039064326251,1.968146550310934e-151,0.1371589153382314,1.9909855553874545e-22,0.9482862455497992,0.0
Mixed,0.025,2.0,0,0,Bm2_iter2,Bp_higher_1e6,Bp_higher_WGD,True duplicates,0.3754843011690998,1.0319802408346475e-73,0.0464908615658584,0.0014780781751437,0.9660903813597655,0.0
No Cost,0.025,2.0,0,0,Bm2_iter2,Bp_higher_1e6,Bp_higher_WGD,All,0.5182451573512252,6.822085742540691e-172,-0.1875511914713611,8.193434668451985e-41,0.8831616975298717,0.0
No Cost,0.025,2.0,0,0,Bm2_iter2,Bp_higher_1e6,Bp_higher_WGD,True duplicates,0.4422141120323847,4.06221883817696e-102,-0.1255716581731041,1.0813056376780392e-17,0.8194213307571881,0.0
ADS,0.025,2.0,0,0,Bm2_iter2,Bp_higher_1e6,Bp_higher_WGD,All,0.3731978432636549,1.882452985794114e-83,0.096890367355198,6.619919664407366e-12,0.3434599569055931,3.783390290936612e-70
ADS,0.025,2.0,0,0,Bm2_iter2,Bp_higher_1e6,Bp_higher_WGD,True duplicates,0.3480815624792336,2.839489420401028e-64,0.0041968902470986,0.7731237819616892,0.2974500487394955,1.3056942403412844e-46
Minimal,0.025,2.0,0,0,Bm2_iter2,Bp_higher_1e6,Bp_higher_WGD,All,0.3236903719184595,4.513796359362846e-62,0.0703743749554532,6.320687799123619e-07,0.3310432020229124,5.248125738835766e-65
Minimal,0.025,2.0,0,0,Bm2_iter2,Bp_higher_1e6,Bp_higher_WGD,True duplicates,0.289517936692529,1.9197409406776866e-45,-0.0008667982328566,0.9521802889421692,0.3017447817996674,2.1442544263298195e-49
Mixed,0.025,1.0,0,0,Bm1_iter2,Bp_higher_1e6,Bp_higher_WGD,All,0.498143293270927,6.243767520341733e-157,0.1673480135441142,9.952895960961356e-33,0.9328647930983672,0.0
Mixed,0.025,1.0,0,0,Bm1_iter2,Bp_higher_1e6,Bp_higher_WGD,True duplicates,0.3835501741794373,2.4546234887321536e-77,0.0651484209964282,8.181218536420873e-06,0.9635373772046304,0.0
No Cost,0.025,1.0,0,0,Bm1_iter2,Bp_higher_1e6,Bp_higher_WGD,All,0.505598849535816,2.306400930344844e-162,-0.0216992320009617,0.1249892147153666,0.8042044750407161,0.0
No Cost,0.025,1.0,0,0,Bm1_iter2,Bp_higher_1e6,Bp_higher_WGD,True duplicates,0.4457741497562762,1.3261613508392342e-100,-0.0421660216753021,0.004449172526877,0.7018099232671501,7.605513845117365e-304
ADS,0.025,1.0,0,0,Bm1_iter2,Bp_higher_1e6,Bp_higher_WGD,All,0.3572568279770925,3.8249397324122024e-76,0.1276244489321653,1.313848605947838e-19,-0.0101240287558446,0.6128838567031356
ADS,0.025,1.0,0,0,Bm1_iter2,Bp_higher_1e6,Bp_higher_WGD,True duplicates,0.3258736975139564,3.683946114762728e-57,0.0424279511159206,0.0034005309001745,-0.0101703681055927,0.6286224161775247
Minimal,0.025,1.0,0,0,Bm1_iter2,Bp_higher_1e6,Bp_higher_WGD,All,0.3062959501913521,1.896025545510827e-55,0.0826736274719986,4.785320769944996e-09,-0.0237490244718439,0.2352178503363314
Minimal,0.025,1.0,0,0,Bm1_iter2,Bp_higher_1e6,Bp_higher_WGD,True duplicates,0.2712435974033558,1.720435176065255e-39,-0.0047996635868079,0.7404701100540612,-0.0361385715102142,0.0855197805158818
Mixed,0.025,0.25,0,0,Bm025_iter2,Bp_higher_1e6,Bp_higher_WGD,All,0.5105412452065993,4.8594926044044604e-166,0.1965331203948978,1.0134796140814214e-44,0.8482315397490464,0.0
Mixed,0.025,0.25,0,0,Bm025_iter2,Bp_higher_1e6,Bp_higher_WGD,True duplicates,0.3495147981654615,1.9402872168704327e-62,0.067773045544011,3.853933348001961e-06,0.9608115380626336,0.0
No Cost,0.025,0.25,0,0,Bm025_iter2,Bp_higher_1e6,Bp_higher_WGD,All,0.5981834016933444,1.5360701393587459e-242,0.2403844545402088,1.178841277822272e-66,0.4318481256717001,4.058843492397656e-114
No Cost,0.025,0.25,0,0,Bm025_iter2,Bp_higher_1e6,Bp_higher_WGD,True duplicates,0.4460491662059457,2.397808755655791e-96,0.0598582297863087,6.358519778500561e-05,0.4113668338091259,7.88610899477032e-81
ADS,0.025,0.25,0,0,Bm025_iter2,Bp_higher_1e6,Bp_higher_WGD,All,0.3202824581571933,9.710224040222397e-61,0.102861333410275,3.0784194466496434e-13,-0.5783989105918258,3.2774093555726797e-223
ADS,0.025,0.25,0,0,Bm025_iter2,Bp_higher_1e6,Bp_higher_WGD,True duplicates,0.2907989040325485,7.555071879360756e-46,0.0448144377096127,0.0019220205305901,-0.5227664277151477,9.40814859067592e-161
Minimal,0.025,0.25,0,0,Bm025_iter2,Bp_higher_1e6,Bp_higher_WGD,All,0.3415651761864282,2.387302818216399e-69,0.0844694070414818,2.202941101722872e-09,-0.5784184492829519,3.1411707577702018e-223
Minimal,0.025,0.25,0,0,Bm025_iter2,Bp_higher_1e6,Bp_higher_WGD,True duplicates,0.312305260161129,9.651441048350777e-53,0.0304814605381062,0.0351062060641464,-0.5343172004271952,1.9055838283870956e-168
Mixed,0.025,0.5,0,0,Bm05_iter1,Bp_higher_1e6,Bp_higher_WGD,All,0.4945186951869912,2.444773642459428e-154,0.1733956939605958,4.7793094252964777e-35,0.9168402769984444,0.0
Mixed,0.025,0.5,0,0,Bm05_iter1,Bp_higher_1e6,Bp_higher_WGD,True duplicates,0.366485917528889,6.778825081734913e-70,0.0678334639100197,3.506552947210936e-06,0.9549960549763756,0.0
No Cost,0.025,0.5,0,0,Bm05_iter1,Bp_higher_1e6,Bp_higher_WGD,All,0.5106618772899004,3.9454901303356614e-166,0.0818037088819632,6.928047558184302e-09,0.6725626491780239,0.0
No Cost,0.025,0.5,0,0,Bm05_iter1,Bp_higher_1e6,Bp_higher_WGD,True duplicates,0.4342327137239972,2.1057888191493148e-95,0.0010525147900096,0.9433667795077788,0.5763680202079519,1.6622779509719926e-182
ADS,0.025,0.5,0,0,Bm05_iter1,Bp_higher_1e6,Bp_higher_WGD,All,0.3155106982897117,6.673890145242372e-59,0.1095753262965108,7.872633643544173e-15,-0.3266097116495539,3.1560559698621595e-63
ADS,0.025,0.5,0,0,Bm05_iter1,Bp_higher_1e6,Bp_higher_WGD,True duplicates,0.2826060154086351,1.7817971654138541e-43,0.0366306974737867,0.0111559555739338,-0.297521733649465,3.280287142523871e-48
Minimal,0.025,0.5,0,0,Bm05_iter1,Bp_higher_1e6,Bp_higher_WGD,All,0.3041465244394439,1.1633806295074783e-54,0.1135784800592515,7.929668858863697e-16,-0.3318598380575741,2.449364458466423e-65
Minimal,0.025,0.5,0,0,Bm05_iter1,Bp_higher_1e6,Bp_higher_WGD,True duplicates,0.2769822896948676,1.7431217068018902e-41,0.0435933473189683,0.0025653217559956,-0.2758452754821309,3.8035592598633286e-41
Mixed,0.025,0.33,0,0,Bm033_iter1,Bp_higher_1e6,Bp_higher_WGD,All,0.5235463972394235,5.226185224273129e-176,0.1804201767705265,7.546908739915604e-38,0.8973028991524639,0.0
Mixed,0.025,0.33,0,0,Bm033_iter1,Bp_higher_1e6,Bp_higher_WGD,True duplicates,0.3708829094694309,4.379053640718712e-71,0.0687987037594914,2.656313587533055e-06,0.9579391002622728,0.0
No Cost,0.025,0.33,0,0,Bm033_iter1,Bp_higher_1e6,Bp_higher_WGD,All,0.5392680286828847,1.184020639381447e-188,0.1628329982638112,4.709105758849217e-31,0.6178795474367276,3.579765789852723e-263
No Cost,0.025,0.33,0,0,Bm033_iter1,Bp_higher_1e6,Bp_higher_WGD,True duplicates,0.4628817786715068,4.610403491557039e-110,0.0244675574427267,0.0984168581667269,0.5571996996052186,1.3379256396969631e-168
ADS,0.025,0.33,0,0,Bm033_iter1,Bp_higher_1e6,Bp_higher_WGD,All,0.3402867985098878,8.213518740015221e-69,0.102030749535691,4.768497682349302e-13,-0.4991788646366184,1.1192069786200006e-157
ADS,0.025,0.33,0,0,Bm033_iter1,Bp_higher_1e6,Bp_higher_WGD,True duplicates,0.3187708909313984,8.357651799144853e-55,0.029053988348586,0.0447787181850028,-0.4657176019823337,1.2453225251888575e-122
Minimal,0.025,0.33,0,0,Bm033_iter1,Bp_higher_1e6,Bp_higher_WGD,All,0.3353779421724707,8.947735511257524e-67,0.0805096624411296,1.1929904929328916e-08,-0.5025663280906125,3.8803039001640575e-160
Minimal,0.025,0.33,0,0,Bm033_iter1,Bp_higher_1e6,Bp_higher_WGD,True duplicates,0.3151353137323948,1.1893322542351323e-53,0.0125577663839792,0.3855822281262013,-0.4415076062726402,3.245345500342166e-109
Mixed,0.025,5.0,0,0,Bm5_iter2,Bp_higher_1e6,Bp_higher_WGD,All,0.4615397346463576,3.9595638770726877e-132,0.1077817325049895,2.1440042730907848e-14,0.9572010911361748,0.0
Mixed,0.025,5.0,0,0,Bm5_iter2,Bp_higher_1e6,Bp_higher_WGD,True duplicates,0.366871243209576,3.495757295535049e-71,0.0344329812947185,0.0181921803447013,0.9654526245153656,0.0
No Cost,0.025,5.0,0,0,Bm5_iter2,Bp_higher_1e6,Bp_higher_WGD,All,0.5722160541785688,1.94237619720761e-217,-0.3365877012771777,1.0700682508612399e-132,0.9417827552292408,0.0
No Cost,0.025,5.0,0,0,Bm5_iter2,Bp_higher_1e6,Bp_higher_WGD,True duplicates,0.4677998371922878,1.1154508857040183e-117,-0.2349955354246344,1.9354277914237226e-59,0.911035038095004,0.0
ADS,0.025,5.0,0,0,Bm5_iter2,Bp_higher_1e6,Bp_higher_WGD,All,0.3503328545172567,4.255283598115708e-73,0.0679413339147923,1.5204172709599031e-06,0.6653085716013716,2.0316e-319
ADS,0.025,5.0,0,0,Bm5_iter2,Bp_higher_1e6,Bp_higher_WGD,True duplicates,0.333199253575985,6.21868887596488e-60,0.0123882830952462,0.3924248156878356,0.606558375090846,5.2625132048764527e-228
Minimal,0.025,5.0,0,0,Bm5_iter2,Bp_higher_1e6,Bp_higher_WGD,All,0.3597190156350425,3.0260430036179184e-77,0.0719009834300058,3.5903914043311274e-07,0.6891476333356215,0.0
Minimal,0.025,5.0,0,0,Bm5_iter2,Bp_higher_1e6,Bp_higher_WGD,True duplicates,0.3399170566353999,1.7744737396956477e-62,0.0158238820664349,0.2745928563600668,0.6362156139177592,1.0598906440114686e-257
Mixed,0.025,0.2,0,0,Bm020_iter2,Bp_higher_1e6,Bp_higher_WGD,All,0.5562375159420027,4.4803029229981215e-203,0.2058165187772466,5.768896657272837e-49,0.8315675637068104,0.0
Mixed,0.025,0.2,0,0,Bm020_iter2,Bp_higher_1e6,Bp_higher_WGD,True duplicates,0.4052084474078549,8.805134452865383e-85,0.0578715451866605,8.218852960972479e-05,0.9659233600546748,0.0
No Cost,0.025,0.2,0,0,Bm020_iter2,Bp_higher_1e6,Bp_higher_WGD,All,0.5953496525039444,1.0910039958947368e-239,0.2702380837050494,2.081726011860106e-84,0.375100049776008,2.36994763164878e-84
No Cost,0.025,0.2,0,0,Bm020_iter2,Bp_higher_1e6,Bp_higher_WGD,True duplicates,0.4614836406639542,3.627109273493653e-104,0.0731784577718634,9.856668918839433e-07,0.4552050435584708,4.6748501592527177e-101
ADS,0.025,0.2,0,0,Bm020_iter2,Bp_higher_1e6,Bp_higher_WGD,All,0.3668274780843965,1.757895586729456e-80,0.0956110488480141,1.24789047203038e-11,-0.6439557159609146,7.400670068346209e-293
ADS,0.025,0.2,0,0,Bm020_iter2,Bp_higher_1e6,Bp_higher_WGD,True duplicates,0.3418643978817709,2.8374818216095417e-63,0.0257911966927768,0.0748650863973508,-0.597531281123036,6.7481503106461866e-220
Minimal,0.025,0.2,0,0,Bm020_iter2,Bp_higher_1e6,Bp_higher_WGD,All,0.3399871271659404,1.096367467886377e-68,0.0882247843273023,4.129235803306733e-10,-0.6507434108709458,4.558859006560779e-301
Minimal,0.025,0.2,0,0,Bm020_iter2,Bp_higher_1e6,Bp_higher_WGD,True duplicates,0.3051300047732463,1.0770449162414977e-50,0.0313067769348505,0.0301369649587228,-0.6112331289717124,2.0779542468196664e-235
Mixed,0.025,0.1,0,0,Bm01_iter1,Bp_higher_1e6,Bp_higher_WGD,All,0.525943175094908,6.812325175491752e-178,0.2158020792923063,9.095701116063815e-54,0.7366852627016423,0.0
Mixed,0.025,0.1,0,0,Bm01_iter1,Bp_higher_1e6,Bp_higher_WGD,True duplicates,0.3570339449845784,1.281995897916787e-65,0.082083246368077,2.0863568276519145e-08,0.9593226189725526,0.0
No Cost,0.025,0.1,0,0,Bm01_iter1,Bp_higher_1e6,Bp_higher_WGD,All,0.6760720794995327,0.0,0.3627624296764705,2.2772854940039997e-155,0.0404546007767361,0.0431199376032531
No Cost,0.025,0.1,0,0,Bm01_iter1,Bp_higher_1e6,Bp_higher_WGD,True duplicates,0.4841748316488203,2.5771762019171754e-111,0.115198649070757,1.9970935445287083e-14,0.2658036018394032,7.817561528747861e-32
ADS,0.025,0.1,0,0,Bm01_iter1,Bp_higher_1e6,Bp_higher_WGD,All,0.3173798039967686,1.2845815708790833e-59,0.0524709348622619,0.0002057216995552,-0.8004892014862725,0.0
ADS,0.025,0.1,0,0,Bm01_iter1,Bp_higher_1e6,Bp_higher_WGD,True duplicates,0.3105307765498669,1.486108258822741e-52,0.0198871612437222,0.1684154528455508,-0.7560170171307058,0.0
Minimal,0.025,0.1,0,0,Bm01_iter1,Bp_higher_1e6,Bp_higher_WGD,All,0.3408972971675675,4.5559287929486727e-69,0.0387171587203621,0.0061803061203741,-0.819281318157011,0.0
Minimal,0.025,0.1,0,0,Bm01_iter1,Bp_higher_1e6,Bp_higher_WGD,True duplicates,0.3178680849099807,1.9269679710185954e-54,-0.0104308220422255,0.4714253106304424,-0.7776302394486967,0.0
Mixed,0.025,4.0,0,0,Bm4_iter2,Bp_higher_1e6,Bp_higher_WGD,All,0.499645274951244,5.150359225024343e-158,0.1013744759116403,6.721641714059571e-13,0.9540812396289984,0.0
Mixed,0.025,4.0,0,0,Bm4_iter2,Bp_higher_1e6,Bp_higher_WGD,True duplicates,0.4142032951513118,3.7519616456095154e-92,0.0296267329671318,0.0421442784028668,0.9600395416635142,0.0
No Cost,0.025,4.0,0,0,Bm4_iter2,Bp_higher_1e6,Bp_higher_WGD,All,0.5315320924691349,2.3919825565751718e-182,-0.293360056777421,8.26706388293159e-100,0.9306362210937956,0.0
No Cost,0.025,4.0,0,0,Bm4_iter2,Bp_higher_1e6,Bp_higher_WGD,True duplicates,0.4377266328726828,1.9464273036062202e-101,-0.1918005245082667,8.647624907262969e-40,0.8940339461166866,0.0
ADS,0.025,4.0,0,0,Bm4_iter2,Bp_higher_1e6,Bp_higher_WGD,All,0.3685518933363029,2.8026802173959907e-81,0.0861470796823481,1.0518279434969387e-09,0.6138601143456184,7.644051829044815e-259
ADS,0.025,4.0,0,0,Bm4_iter2,Bp_higher_1e6,Bp_higher_WGD,True duplicates,0.3319301796181569,1.214038503073075e-59,0.026176794255124,0.0704993640690161,0.5643944588735942,1.498929408123863e-191
Minimal,0.025,4.0,0,0,Bm4_iter2,Bp_higher_1e6,Bp_higher_WGD,All,0.3764852109576337,5.194864934343167e-85,0.0701345729555771,6.900736026246312e-07,0.6231203395712543,6.508436611487407e-269
Minimal,0.025,4.0,0,0,Bm4_iter2,Bp_higher_1e6,Bp_higher_WGD,True duplicates,0.3555600018425656,7.967713610145417e-69,0.0010150782572494,0.944082509174309,0.5800779719387029,6.4669940133223074e-205
Mixed,0.025,0.25,0,0,Bm025_iter3,Bp_higher_1e6,Bp_higher_WGD,All,0.4708847409415586,3.544951268030643e-138,0.1677468778431758,7.041764221386698e-33,0.8648395930943351,0.0
Mixed,0.025,0.25,0,0,Bm025_iter3,Bp_higher_1e6,Bp_higher_WGD,True duplicates,0.3281296076383016,2.323150866168621e-56,0.0609939875802759,2.865811443585525e-05,0.9603723306351022,0.0
No Cost,0.025,0.25,0,0,Bm025_iter3,Bp_higher_1e6,Bp_higher_WGD,All,0.5457821381411422,4.313964746156138e-194,0.2066247770410142,2.4073625238144266e-49,0.4827545368887259,3.903711770545965e-146
No Cost,0.025,0.25,0,0,Bm025_iter3,Bp_higher_1e6,Bp_higher_WGD,True duplicates,0.4264079828306303,2.1230017353598302e-91,0.0612154072611108,3.589950272370401e-05,0.4840847769970169,5.7077688355159305e-121
ADS,0.025,0.25,0,0,Bm025_iter3,Bp_higher_1e6,Bp_higher_WGD,All,0.3504225891876143,3.8898711506072914e-73,0.0801243062355046,1.4003146721845245e-08,-0.5945606452737032,6.709639852349111e-239
ADS,0.025,0.25,0,0,Bm025_iter3,Bp_higher_1e6,Bp_higher_WGD,True duplicates,0.3283828822108647,1.6304782378371856e-58,0.0142690686323941,0.3238745796190454,-0.5498867670586645,1.6255870724478581e-180
Minimal,0.025,0.25,0,0,Bm025_iter3,Bp_higher_1e6,Bp_higher_WGD,All,0.3050858769097403,5.274929725615434e-55,0.0880011562941063,4.571162515595683e-10,-0.5879401078944174,2.2946842921220353e-232
Minimal,0.025,0.25,0,0,Bm025_iter3,Bp_higher_1e6,Bp_higher_WGD,True duplicates,0.2793170699584718,2.0413562463049873e-42,0.0321559019721972,0.0259544159703996,-0.5555410666767318,4.240398046854951e-186
Mixed,0.025,1.0,0,0,Bm1_iter3,Bp_higher_1e6,Bp_higher_WGD,All,0.4684174207387874,1.4613912237974835e-136,0.1404440824510111,1.9044989247215893e-23,0.9309129722420756,0.0
Mixed,0.025,1.0,0,0,Bm1_iter3,Bp_higher_1e6,Bp_higher_WGD,True duplicates,0.3599928876218798,5.779807252262323e-69,0.0636202705317823,1.2140075671092108e-05,0.9614811730996736,0.0
No Cost,0.025,1.0,0,0,Bm1_iter3,Bp_higher_1e6,Bp_higher_WGD,All,0.4669709470353516,1.2749988814167582e-135,-0.055185089598895,9.454751397491887e-05,0.7955411525665845,0.0
No Cost,0.025,1.0,0,0,Bm1_iter3,Bp_higher_1e6,Bp_higher_WGD,True duplicates,0.4102164472515404,1.5957703615916304e-86,-0.0714965771686455,1.171729992405114e-06,0.7163043495540179,0.0
ADS,0.025,1.0,0,0,Bm1_iter3,Bp_higher_1e6,Bp_higher_WGD,All,0.3333817301410768,5.882864598838938e-66,0.1161124019163114,1.7775986793364806e-16,-0.022029106628657,0.2708800846664225
ADS,0.025,1.0,0,0,Bm1_iter3,Bp_higher_1e6,Bp_higher_WGD,True duplicates,0.2770805852917872,2.1579381248980823e-41,0.0243402713315971,0.0925821860802044,-0.0315282547360181,0.1326638114630289
Minimal,0.025,1.0,0,0,Bm1_iter3,Bp_higher_1e6,Bp_higher_WGD,All,0.33614568731931,4.3205306123357625e-67,0.1191573389664919,2.8215878435692216e-17,-0.0214403300864528,0.2838981408136155
Minimal,0.025,1.0,0,0,Bm1_iter3,Bp_higher_1e6,Bp_higher_WGD,True duplicates,0.2919855707086453,1.6200073863389435e-46,0.0425406080460281,0.0031870573995867,-0.0246986888977218,0.2359879995822723
Mixed,0.025,0.16,0,0,Bm016_iter1,Bp_higher_1e6,Bp_higher_WGD,All,0.5194708578993373,7.740890183777243e-173,0.1914023771175445,1.8273994948101162e-42,0.8010258123881301,0.0
Mixed,0.025,0.16,0,0,Bm016_iter1,Bp_higher_1e6,Bp_higher_WGD,True duplicates,0.3677370416062596,1.3230603072738668e-69,0.0533106748384951,0.0002788744858304,0.9616740651588987,0.0
No Cost,0.025,0.16,0,0,Bm016_iter1,Bp_higher_1e6,Bp_higher_WGD,All,0.6006056349129016,5.325505508963018e-245,0.2836233642940943,3.8262931469928674e-93,0.3363537569846011,3.545631551551042e-67
No Cost,0.025,0.16,0,0,Bm016_iter1,Bp_higher_1e6,Bp_higher_WGD,True duplicates,0.4534652687320099,2.6063323779643765e-102,0.094701238890609,1.8959459223644027e-10,0.3788565469696572,1.7684769204873027e-69
ADS,0.025,0.16,0,0,Bm016_iter1,Bp_higher_1e6,Bp_higher_WGD,All,0.3682973012955682,3.6780017722915037e-81,0.0799413043412263,1.510638378062878e-08,-0.7196868709898995,0.0
ADS,0.025,0.16,0,0,Bm016_iter1,Bp_higher_1e6,Bp_higher_WGD,True duplicates,0.3498705650641968,5.571984913716409e-67,0.0282005973620596,0.0509328896215771,-0.670377056988922,4.4463676144231596e-299
Minimal,0.025,0.16,0,0,Bm016_iter1,Bp_higher_1e6,Bp_higher_WGD,All,0.3436515114962418,3.1382774670076714e-70,0.0771267360549357,4.7491606266314616e-08,-0.7253560727929717,0.0
Minimal,0.025,0.16,0,0,Bm016_iter1,Bp_higher_1e6,Bp_higher_WGD,True duplicates,0.3086645470226165,1.7724029621895438e-51,0.0206718327294018,0.1530963723762889,-0.6749495543919197,8.08629112337731e-303
Mixed,0.025,2.0,0,0,Bm2_iter3,Bp_higher_1e6,Bp_higher_WGD,All,0.4556900635664102,1.9446002212855128e-128,0.14311582449493,2.7080696562894402e-24,0.947275080460013,0.0
Mixed,0.025,2.0,0,0,Bm2_iter3,Bp_higher_1e6,Bp_higher_WGD,True duplicates,0.348373263407619,1.0425981341562196e-63,0.0482674067007681,0.0009361691808973,0.9622196638510376,0.0
No Cost,0.025,2.0,0,0,Bm2_iter3,Bp_higher_1e6,Bp_higher_WGD,All,0.4941452121192339,4.504344116504373e-154,-0.1719786598448113,1.6996669936614735e-34,0.8717379737180759,0.0
No Cost,0.025,2.0,0,0,Bm2_iter3,Bp_higher_1e6,Bp_higher_WGD,True duplicates,0.4188168291397019,2.828943782090737e-91,-0.1359419497278554,1.5182587107606405e-20,0.8128126651056632,0.0
ADS,0.025,2.0,0,0,Bm2_iter3,Bp_higher_1e6,Bp_higher_WGD,All,0.3374827355972377,1.2099103263920216e-67,0.1114023171393947,2.789836928527491e-15,0.3228465010634402,9.686170805145569e-62
ADS,0.025,2.0,0,0,Bm2_iter3,Bp_higher_1e6,Bp_higher_WGD,True duplicates,0.2963639013258022,1.5652310365292376e-47,0.0295108537649421,0.0412436140286414,0.2810853576194302,9.707668106973933e-43
Minimal,0.025,2.0,0,0,Bm2_iter3,Bp_higher_1e6,Bp_higher_WGD,All,0.3303257332361173,1.0231349539137996e-64,0.1333810076980958,2.759850840310182e-21,0.3100529330644693,7.668533503383129e-57
Minimal,0.025,2.0,0,0,Bm2_iter3,Bp_higher_1e6,Bp_higher_WGD,True duplicates,0.2983267051421013,3.1348843234792234e-48,0.0656682810730932,5.436722762939105e-06,0.2849825857595723,5.46191862597649e-44
Mixed,0.025,3.0,0,0,Bm3_iter3,Bp_higher_1e6,Bp_higher_WGD,All,0.4717013869602219,1.0282322949233787e-138,0.1400336532231259,2.561352852561159e-23,0.9435380893980944,0.0
Mixed,0.025,3.0,0,0,Bm3_iter3,Bp_higher_1e6,Bp_higher_WGD,True duplicates,0.3686282144094698,6.713441546092839e-72,0.0681155516140117,2.9260544021949415e-06,0.9611710842100588,0.0
No Cost,0.025,3.0,0,0,Bm3_iter3,Bp_higher_1e6,Bp_higher_WGD,All,0.5232046940167512,9.675636109596463e-176,-0.224473330071809,3.8668493681589495e-58,0.9085991418558628,0.0
No Cost,0.025,3.0,0,0,Bm3_iter3,Bp_higher_1e6,Bp_higher_WGD,True duplicates,0.463413732485372,3.494265436065391e-115,-0.1670672330235378,1.736063711866368e-30,0.8645633107695351,0.0
ADS,0.025,3.0,0,0,Bm3_iter3,Bp_higher_1e6,Bp_higher_WGD,All,0.3649370772699324,1.2988702112668327e-79,0.1047284116960243,1.1364551361471175e-13,0.4676302720688436,4.756265053514672e-136
ADS,0.025,3.0,0,0,Bm3_iter3,Bp_higher_1e6,Bp_higher_WGD,True duplicates,0.3409158672499526,1.008766466109713e-62,0.0275546487999624,0.0572062435203905,0.4218079305056889,2.31912027336366e-98
Minimal,0.025,3.0,0,0,Bm3_iter3,Bp_higher_1e6,Bp_higher_WGD,All,0.3186508157841305,4.160993969167958e-60,0.1085066204989652,1.432960275191095e-14,0.4883761196121792,5.146421293908996e-150
Minimal,0.025,3.0,0,0,Bm3_iter3,Bp_higher_1e6,Bp_higher_WGD,True duplicates,0.2960702672683299,2.5679746884320247e-47,0.040928715238262,0.0046611452516287,0.453465842121427,6.183346673697798e-116
Mixed,0.025,4.0,0,0,Bm4_iter3,Bp_higher_1e6,Bp_higher_WGD,All,0.461974056379849,2.0926984724359023e-132,0.1518250392860405,3.610814351140398e-27,0.9484069951371192,0.0
Mixed,0.025,4.0,0,0,Bm4_iter3,Bp_higher_1e6,Bp_higher_WGD,True duplicates,0.3769972142919365,3.0458316803422243e-76,0.0747537530056627,2.646392957462798e-07,0.964088238965216,0.0
No Cost,0.025,4.0,0,0,Bm4_iter3,Bp_higher_1e6,Bp_higher_WGD,All,0.5248376888380303,5.064758314161973e-177,-0.2565920672992755,5.3136582690514244e-76,0.923265819146531,0.0
No Cost,0.025,4.0,0,0,Bm4_iter3,Bp_higher_1e6,Bp_higher_WGD,True duplicates,0.4602146312287435,2.4342739626077188e-115,-0.1825108517201449,1.9985667242551524e-36,0.8902017765058343,0.0
ADS,0.025,4.0,0,0,Bm4_iter3,Bp_higher_1e6,Bp_higher_WGD,All,0.3557954351032696,1.7058790053749624e-75,0.0956526918283275,1.222561910878151e-11,0.6025640843782536,5.2705498714577034e-247
ADS,0.025,4.0,0,0,Bm4_iter3,Bp_higher_1e6,Bp_higher_WGD,True duplicates,0.3352650497716258,1.1274166655273046e-60,0.023277633011681,0.1080621186290899,0.5512281610777977,2.1967713327917603e-180
Minimal,0.025,4.0,0,0,Bm4_iter3,Bp_higher_1e6,Bp_higher_WGD,All,0.3151062118249939,9.518490072868936e-59,0.0984420758945731,3.0345452454863645e-12,0.5822483729677397,7.218899252223738e-227
Minimal,0.025,4.0,0,0,Bm4_iter3,Bp_higher_1e6,Bp_higher_WGD,True duplicates,0.2822025828276306,6.1889454399556874e-43,0.0349958543373994,0.0155793946742445,0.5307110535474561,1.4105628942493665e-165
Mixed,0.025,0.2,0,0,Bm020_iter3,Bp_higher_1e6,Bp_higher_WGD,All,0.4989110714417715,1.7466555928278874e-157,0.1961632165249199,1.481144119060555e-44,0.8498421611907458,0.0
Mixed,0.025,0.2,0,0,Bm020_iter3,Bp_higher_1e6,Bp_higher_WGD,True duplicates,0.361956595501867,3.344889161119521e-69,0.0888519747429885,1.0316647306338616e-09,0.9617432612162616,0.0
No Cost,0.025,0.2,0,0,Bm020_iter3,Bp_higher_1e6,Bp_higher_WGD,All,0.5825176284348207,3.9887796016790965e-227,0.2457413315725079,1.1434375968774972e-69,0.4168527220564355,1.1063554416751215e-105
No Cost,0.025,0.2,0,0,Bm020_iter3,Bp_higher_1e6,Bp_higher_WGD,True duplicates,0.4407152315327982,1.4435331749796257e-96,0.0583798131273967,8.656596445955835e-05,0.4256682461162125,1.5609581774942085e-89
ADS,0.025,0.2,0,0,Bm020_iter3,Bp_higher_1e6,Bp_higher_WGD,All,0.3493523479923757,1.132842847622382e-72,0.0982729949161491,3.3056943235911748e-12,-0.6471815576290493,9.850938213976648e-297
ADS,0.025,0.2,0,0,Bm020_iter3,Bp_higher_1e6,Bp_higher_WGD,True duplicates,0.3298756041014578,3.461182134945048e-59,0.0397453893227065,0.0059544642628138,-0.6092745061518409,1.6815638701418703e-232
Minimal,0.025,0.2,0,0,Bm020_iter3,Bp_higher_1e6,Bp_higher_WGD,All,0.3392371320379411,2.255577791782746e-68,0.0997759075891834,1.5370103707523657e-12,-0.6584793102206897,1.09660628394824e-310
Minimal,0.025,0.2,0,0,Bm020_iter3,Bp_higher_1e6,Bp_higher_WGD,True duplicates,0.3234367945798067,9.047852870502668e-57,0.0467593980056408,0.0012159729980482,-0.6120066380882888,7.757663904595193e-235
Mixed,0.025,5.0,0,0,Bm5_iter3,Bp_higher_1e6,Bp_higher_WGD,All,0.4453910982065757,4.120519983939263e-122,0.1360823384616742,4.243763291580226e-22,0.9522497221519556,0.0
Mixed,0.025,5.0,0,0,Bm5_iter3,Bp_higher_1e6,Bp_higher_WGD,True duplicates,0.3610798358894296,1.2222217836220202e-68,0.0457680360706251,0.0017039170968701,0.9633682410817964,0.0
No Cost,0.025,5.0,0,0,Bm5_iter3,Bp_higher_1e6,Bp_higher_WGD,All,0.5092054057608649,4.855319713100363e-165,-0.3013492181381458,1.7739569157593117e-105,0.9336559568729532,0.0
No Cost,0.025,5.0,0,0,Bm5_iter3,Bp_higher_1e6,Bp_higher_WGD,True duplicates,0.4295397030524891,2.412994826647875e-99,-0.2197283292902344,1.8714125956960778e-52,0.9046346659143096,0.0
ADS,0.025,5.0,0,0,Bm5_iter3,Bp_higher_1e6,Bp_higher_WGD,All,0.3507746742359479,2.7341185491890682e-73,0.1158080002637651,2.1311078724724214e-16,0.6433547274487565,3.8563297248208142e-292
ADS,0.025,5.0,0,0,Bm5_iter3,Bp_higher_1e6,Bp_higher_WGD,True duplicates,0.3187243577805847,8.223554276834802e-55,0.0546441480004391,0.0001589631821084,0.5872102349039119,1.064522752280892e-210
Minimal,0.025,5.0,0,0,Bm5_iter3,Bp_higher_1e6,Bp_higher_WGD,All,0.3276014394242303,1.269810936983498e-63,0.1108865775028717,3.745520668310353e-15,0.6409119663539147,3.044637636999642e-289
Minimal,0.025,5.0,0,0,Bm5_iter3,Bp_higher_1e6,Bp_higher_WGD,True duplicates,0.3198899638320766,2.8697098804216343e-55,0.0505194690815852,0.000479571080697,0.5805776604148685,4.430135065454182e-205
