Model,Run,Iter,Mut_corr,pearson,r_pval,spearman,rho_pval
ADS,Bm05,iter1,0,-0.6161983416973712,1.8638700071739973e-209,-0.543039927759982,8.383040614973212e-154
ADS,Bm05,iter2,0,-0.607392154935796,5.6038318111406465e-202,-0.5287318141829536,1.8604652606417396e-144
ADS,Bm05,iter3,0,-0.6218808448006843,2.0773660711374626e-214,-0.5626061486515372,2.4456606961045276e-167
ADS,Bm10,iter1,0,0.9820278207675492,0.0,0.9661796415449103,0.0
ADS,Bm10,iter2,0,0.981338773217004,0.0,0.9674564973641243,0.0
ADS,Bm10,iter3,0,0.9824503144599439,0.0,0.9702879370719842,0.0
ADS,Bm1,iter1,0,-0.01265328874562616,0.5717057485993668,-0.014714709678677421,0.5107399073746158
ADS,Bm1,iter2,0,0.03231189124070397,0.14859684248582267,0.016594243148560787,0.4582665597152086
ADS,Bm1,iter3,0,-0.005659944523581442,0.8002958822522352,0.0009752222438055609,0.9652344044285438
ADS,Bm2,iter1,0,0.6154882600390449,7.624476343952024e-209,0.5463281250820312,5.141541721999456e-156
ADS,Bm2,iter2,0,0.6002268174125173,4.59297957398768e-196,0.5227664791916197,1.0853989425859523e-140
ADS,Bm2,iter3,0,0.6316012142041254,4.0187983091470125e-223,0.5690424462606116,5.433899666962688e-172
ADS,Bm3,iter1,0,0.8132457616863764,0.0,0.736357072089268,0.0
ADS,Bm3,iter2,0,0.8095561535166033,0.0,0.7384684411171102,0.0
ADS,Bm3,iter3,0,0.8215550382788989,0.0,0.7648158847039711,0.0
ADS,Bm4,iter1,0,0.8883023789370692,0.0,0.8229960467490117,0.0
ADS,Bm4,iter2,0,0.8882066068135626,0.0,0.8320032175008043,0.0
ADS,Bm4,iter3,0,0.8923364241437115,0.0,0.8411616137904033,0.0
ADS,Bm5,iter1,0,0.9277372347183008,0.0,0.8800172470043117,0.0
ADS,Bm5,iter2,0,0.928179595274735,0.0,0.8847232401808099,0.0
ADS,Bm5,iter3,0,0.9323023754462246,0.0,0.8944563031140756,0.0
ADS,Bm6,iter1,0,0.9468136248988046,0.0,0.9139987459996864,0.0
ADS,Bm6,iter2,0,0.9514442859938292,0.0,0.9194701383675347,0.0
ADS,Bm6,iter3,0,0.9517747526651066,0.0,0.9229789497447373,0.0
ADS,Bm7,iter1,0,0.9622037354436516,0.0,0.9303277785819446,0.0
ADS,Bm7,iter2,0,0.964783238350791,0.0,0.9387578676894669,0.0
ADS,Bm7,iter3,0,0.9645513982850593,0.0,0.9405143591285897,0.0
ADS,Bm8,iter1,0,0.9719029684492602,0.0,0.9514305533576383,0.0
ADS,Bm8,iter2,0,0.9728502927718367,0.0,0.9501106970276743,0.0
ADS,Bm8,iter3,0,0.9717773375087666,0.0,0.9518133054533263,0.0
ADS,Bm9,iter1,0,0.9769742985325304,0.0,0.9582729835682458,0.0
ADS,Bm9,iter2,0,0.9791537227685789,0.0,0.9608867537216883,0.0
ADS,Bm9,iter3,0,0.9784047845650334,0.0,0.9629718037429508,0.0
ADS,Bm05,iter1,0.1,-0.6038848093220188,4.591275879812961e-199,-0.5234104908526227,4.291714524665139e-141
ADS,Bm05,iter2,0.1,-0.6086346371875213,5.100648771743759e-203,-0.5375974403993601,3.4010431070224815e-150
ADS,Bm05,iter3,0.1,-0.6195348543703603,2.3694383164459093e-212,-0.5733653498413375,3.560695842878628e-175
ADS,Bm10,iter1,0.1,0.9824320219181609,0.0,0.9665471596367899,0.0
ADS,Bm10,iter2,0.1,0.9822097088866388,0.0,0.969458619864655,0.0
ADS,Bm10,iter3,0.1,0.9811216364986431,0.0,0.9671316287829071,0.0
ADS,Bm1,iter1,0.1,0.01565436255118652,0.48412119226260414,0.034900048225012054,0.11869440389827537
ADS,Bm1,iter2,0.1,0.0073429966612739705,0.74276958393799,-0.005600861900215475,0.802337162684837
ADS,Bm1,iter3,0.1,-0.003433671705766233,0.8780332313031303,-0.01940347235086809,0.38578378696826454
ADS,Bm2,iter1,0.1,0.6197645733331831,1.4927363828869324e-212,0.5459836469959118,8.790502388309379e-156
ADS,Bm2,iter2,0.1,0.6104258051469108,1.5811100530964648e-204,0.5283942420985605,3.0531513357921985e-144
ADS,Bm2,iter3,0.1,0.6342794112277417,1.406790315528214e-225,0.5547357771839443,8.732399722507301e-162
ADS,Bm3,iter1,0.1,0.8146112425040272,0.0,0.747315032328758,0.0
ADS,Bm3,iter2,0.1,0.8075676007583592,0.0,0.7395402093850523,0.0
ADS,Bm3,iter3,0.1,0.8027564692709193,0.0,0.7400748890187223,0.0
ADS,Bm4,iter1,0.1,0.8869195937407435,0.0,0.8328718167179542,0.0
ADS,Bm4,iter2,0.1,0.8855885858064885,0.0,0.8293786458446615,0.0
ADS,Bm4,iter3,0.1,0.8913175664961066,0.0,0.8438549934637484,0.0
ADS,Bm5,iter1,0.1,0.9252779497075829,0.0,0.8829679772419943,0.0
ADS,Bm5,iter2,0.1,0.9282358540241764,0.0,0.8905390086347522,0.0
ADS,Bm5,iter3,0.1,0.926550689835677,0.0,0.8896875199218801,0.0
ADS,Bm6,iter1,0.1,0.9489643269535641,0.0,0.9144634521158631,0.0
ADS,Bm6,iter2,0.1,0.948899638372261,0.0,0.9146811771702943,0.0
ADS,Bm6,iter3,0.1,0.9477747924971451,0.0,0.9174849238712308,0.0
ADS,Bm7,iter1,0.1,0.9631529701054589,0.0,0.9377996269499067,0.0
ADS,Bm7,iter2,0.1,0.9615752287954937,0.0,0.9335588423897105,0.0
ADS,Bm7,iter3,0.1,0.9620606340574608,0.0,0.9375765318941329,0.0
ADS,Bm8,iter1,0.1,0.9719343268569975,0.0,0.9502182860545714,0.0
ADS,Bm8,iter2,0.1,0.9704797088634196,0.0,0.9469250127312531,0.0
ADS,Bm8,iter3,0.1,0.9716967444601727,0.0,0.953702668425667,0.0
ADS,Bm9,iter1,0.1,0.9769152535864924,0.0,0.9602549445637361,0.0
ADS,Bm9,iter2,0.1,0.9780460958846113,0.0,0.9597366749341688,0.0
ADS,Bm9,iter3,0.1,0.977238176405141,0.0,0.9620338730084682,0.0
ADS,Bm05,iter1,-0.1,-0.6211685306686612,8.789671792012515e-214,-0.5316844329211082,2.385445924079779e-146
ADS,Bm05,iter2,-0.1,-0.6160544117191643,2.480560443409209e-209,-0.5467629871907468,2.61018769083539e-156
ADS,Bm05,iter3,-0.1,-0.6683471864995845,4.502630862049613e-259,-0.5972685473171369,1.1484778044599838e-193
ADS,Bm10,iter1,-0.1,0.9843928126363194,0.0,0.9675804093951025,0.0
ADS,Bm10,iter2,-0.1,0.9836324886996651,0.0,0.9670215932553983,0.0
ADS,Bm10,iter3,-0.1,0.9837415285153926,0.0,0.9702158875539717,0.0
ADS,Bm1,iter1,-0.1,-0.04290138432139692,0.055074004188381,-0.03740812085203021,0.09442941277257885
ADS,Bm1,iter2,-0.1,0.0335991899131155,0.13307486325126178,0.041298388324597084,0.06481192355679667
ADS,Bm1,iter3,-0.1,-0.053549358827727545,0.016619394786099365,-0.01793462248365562,0.42277064209150395
ADS,Bm2,iter1,-0.1,0.6451563923406045,8.30902519256675e-236,0.563553676388419,5.125997059713608e-168
ADS,Bm2,iter2,-0.1,0.6431250311243126,7.269389537409476e-234,0.5628738537184634,1.573580782397091e-167
ADS,Bm2,iter3,-0.1,0.651753254370097,3.233082277070323e-242,0.5642435565608891,1.6379545993957973e-168
ADS,Bm3,iter1,-0.1,0.8306672230369072,0.0,0.762949428237357,0.0
ADS,Bm3,iter2,-0.1,0.8195544550107158,0.0,0.7384294306073577,0.0
ADS,Bm3,iter3,-0.1,0.8258003267963843,0.0,0.7601729815432453,0.0
ADS,Bm4,iter1,-0.1,0.9009532509475942,0.0,0.847461259865315,0.0
ADS,Bm4,iter2,-0.1,0.8994874141123478,0.0,0.8445446186361547,0.0
ADS,Bm4,iter3,-0.1,0.8965697077251888,0.0,0.8430664822666204,0.0
ADS,Bm5,iter1,-0.1,0.933099593520331,0.0,0.8859093249773312,0.0
ADS,Bm5,iter2,-0.1,0.9350186850505916,0.0,0.8915099288774821,0.0
ADS,Bm5,iter3,-0.1,0.9349752741417882,0.0,0.8955908418977105,0.0
ADS,Bm6,iter1,-0.1,0.9561257511987307,0.0,0.923416996354249,0.0
ADS,Bm6,iter2,-0.1,0.9543085568728333,0.0,0.9153243713310929,0.0
ADS,Bm6,iter3,-0.1,0.9553508763534927,0.0,0.9239892374973094,0.0
ADS,Bm7,iter1,-0.1,0.965989092651852,0.0,0.9369408707352176,0.0
ADS,Bm7,iter2,-0.1,0.9659212856886754,0.0,0.9402479935619983,0.0
ADS,Bm7,iter3,-0.1,0.9672276509259476,0.0,0.9414432493608123,0.0
ADS,Bm8,iter1,-0.1,0.975078807528171,0.0,0.9539112809778202,0.0
ADS,Bm8,iter2,-0.1,0.9750326257476956,0.0,0.9514400963600242,0.0
ADS,Bm8,iter3,-0.1,0.9749659531196224,0.0,0.9538238414559603,0.0
ADS,Bm9,iter1,-0.1,0.9802029065515223,0.0,0.9608471387117845,0.0
ADS,Bm9,iter2,-0.1,0.9807519624719233,0.0,0.9623473325868331,0.0
ADS,Bm9,iter3,-0.1,0.9805026252699945,0.0,0.9633819533454883,0.0
ADS,Bm05,iter1,0.2,-0.5983092766184226,1.6570798321505816e-194,-0.5213041633260408,8.858195319773205e-140
ADS,Bm05,iter2,0.2,-0.6076764407027733,3.2414443902046126e-202,-0.551754635938659,1.0135998532807021e-159
ADS,Bm05,iter3,0.2,-0.6175863972635047,1.1747790362152444e-210,-0.5674435553608888,7.955584060632901e-171
ADS,Bm10,iter1,0.2,0.9811902501849532,0.0,0.9665213656303413,0.0
ADS,Bm10,iter2,0.2,0.9805203448383306,0.0,0.9678317089579273,0.0
ADS,Bm10,iter3,0.2,0.9811777538383584,0.0,0.9687403416850855,0.0
ADS,Bm1,iter1,0.2,0.023971356913672817,0.28393774047023607,0.0231785307946327,0.3001710979181138
ADS,Bm1,iter2,0.2,0.014118624248910866,0.5280138601816972,-0.0001904100476025119,0.9932100263982915
ADS,Bm1,iter3,0.2,0.0009933798367996096,0.9645875272851079,-0.00904812076203019,0.6859189208527815
ADS,Bm2,iter1,0.2,0.6099210577017465,4.21773002044937e-204,0.5460416985104246,8.031208894529357e-156
ADS,Bm2,iter2,0.2,0.5947020485165386,1.3194697397003173e-191,0.5239019434754858,2.1112710728182187e-141
ADS,Bm2,iter3,0.2,0.620306802129519,5.008145793130211e-213,0.5484979566244892,1.7286066875676965e-157
ADS,Bm3,iter1,0.2,0.8092914234519333,0.0,0.749499611874903,0.0
ADS,Bm3,iter2,0.2,0.804198288289483,0.0,0.743919131979783,0.0
ADS,Bm3,iter3,0.2,0.8071745586844217,0.0,0.7510913537728384,0.0
ADS,Bm4,iter1,0.2,0.8894567795514845,0.0,0.8394474433618608,0.0
ADS,Bm4,iter2,0.2,0.8811534851385734,0.0,0.8309041627260406,0.0
ADS,Bm4,iter3,0.2,0.8884097154288907,0.0,0.8435083778770945,0.0
ADS,Bm5,iter1,0.2,0.9262834301432438,0.0,0.8886599611649902,0.0
ADS,Bm5,iter2,0.2,0.9224593972784674,0.0,0.8803736185934046,0.0
ADS,Bm5,iter3,0.2,0.9246285248675989,0.0,0.8924329946082487,0.0
ADS,Bm6,iter1,0.2,0.9482754671092775,0.0,0.9177643304410826,0.0
ADS,Bm6,iter2,0.2,0.9488395131818581,0.0,0.9190883387720845,0.0
ADS,Bm6,iter3,0.2,0.9483489696716992,0.0,0.9202506290626572,0.0
ADS,Bm7,iter1,0.2,0.961184648727774,0.0,0.9365852206463052,0.0
ADS,Bm7,iter2,0.2,0.9611715504276742,0.0,0.9338988984747247,0.0
ADS,Bm7,iter3,0.2,0.9607650953374485,0.0,0.938116083529021,0.0
ADS,Bm8,iter1,0.2,0.9722437326983193,0.0,0.9504120096030023,0.0
ADS,Bm8,iter2,0.2,0.9704439534443645,0.0,0.949582195895549,0.0
ADS,Bm8,iter3,0.2,0.9712419112646623,0.0,0.9522982735745683,0.0
ADS,Bm9,iter1,0.2,0.9779349026438898,0.0,0.9615239193809799,0.0
ADS,Bm9,iter2,0.2,0.9761272490734971,0.0,0.9595006588751647,0.0
ADS,Bm9,iter3,0.2,0.9767190203997962,0.0,0.9633897188474295,0.0
ADS,Bm05,iter1,-0.2,-0.6361293403603537,2.7392388288228213e-227,-0.5473915998478999,9.779255591601994e-157
ADS,Bm05,iter2,-0.2,-0.6237260508325134,4.865717354293644e-216,-0.5465235451308862,3.7917403206423774e-156
ADS,Bm05,iter3,-0.2,-0.6484807865260892,5.120551442281761e-239,-0.5815099168774792,2.648136437537975e-181
ADS,Bm10,iter1,-0.2,0.9863235905554326,0.0,0.9712461823115456,0.0
ADS,Bm10,iter2,-0.2,0.9855295719767285,0.0,0.969888867972217,0.0
ADS,Bm10,iter3,-0.2,0.9860033032534445,0.0,0.971294255823564,0.0
ADS,Bm1,iter1,-0.2,-0.06791488397967221,0.002374782413217018,-0.0568102252025563,0.011050606025142509
ADS,Bm1,iter2,-0.2,0.03669222898948113,0.10091103917940772,0.03219132954783238,0.15011852374564086
ADS,Bm1,iter3,-0.2,-0.0476029941098685,0.03327523976324504,-0.0396146724036681,0.07652584135236092
ADS,Bm2,iter1,-0.2,0.6512735081449028,9.575922352033646e-242,0.5712986808246702,1.2006874372991854e-173
ADS,Bm2,iter2,-0.2,0.6641206335174069,1.1215766628195786e-254,0.5917447689361922,2.9609818453234077e-189
ADS,Bm2,iter3,-0.2,0.6747457859391136,7.208456959385411e-266,0.5896830619207655,1.2477426548769674e-187
ADS,Bm3,iter1,-0.2,0.8332605290385944,0.0,0.7540159195039798,0.0
ADS,Bm3,iter2,-0.2,0.8364369396424671,0.0,0.7641347555336889,0.0
ADS,Bm3,iter3,-0.2,0.8274641163745043,0.0,0.7565240866310217,0.0
ADS,Bm4,iter1,-0.2,0.904945079573636,0.0,0.8465409226352305,0.0
ADS,Bm4,iter2,-0.2,0.9076522105044618,0.0,0.8457963389490846,0.0
ADS,Bm4,iter3,-0.2,0.9074436786479578,0.0,0.8447301806825452,0.0
ADS,Bm5,iter1,-0.2,0.9379480297518275,0.0,0.8914674308668576,0.0
ADS,Bm5,iter2,-0.2,0.94026965554869,0.0,0.9009833072458268,0.0
ADS,Bm5,iter3,-0.2,0.941035268771423,0.0,0.8976696939174234,0.0
ADS,Bm6,iter1,-0.2,0.9585544763188815,0.0,0.9256725829181458,0.0
ADS,Bm6,iter2,-0.2,0.9589239696819224,0.0,0.9240532725133181,0.0
ADS,Bm6,iter3,-0.2,0.9603543137787349,0.0,0.9331336357834088,0.0
ADS,Bm7,iter1,-0.2,0.971284820168582,0.0,0.9429363107340777,0.0
ADS,Bm7,iter2,-0.2,0.9704702033355996,0.0,0.942984847746212,0.0
ADS,Bm7,iter3,-0.2,0.9698268152324874,0.0,0.9465097841274459,0.0
ADS,Bm8,iter1,-0.2,0.9765254801487131,0.0,0.9528739107184776,0.0
ADS,Bm8,iter2,-0.2,0.9762124825871474,0.0,0.951777584444396,0.0
ADS,Bm8,iter3,-0.2,0.9783668250990202,0.0,0.9588317772079442,0.0
ADS,Bm9,iter1,-0.2,0.9815464255855322,0.0,0.9626950521737629,0.0
ADS,Bm9,iter2,-0.2,0.9815369248819904,0.0,0.9644781101195274,0.0
ADS,Bm9,iter3,-0.2,0.9823988880135579,0.0,0.965953580988395,0.0
ADS,Bm05,iter1,0.3,-0.6078903272083088,2.1463844346222404e-202,-0.5409382952345737,2.1114171483505288e-152
ADS,Bm05,iter2,0.3,-0.6008370040599734,1.4599522295672586e-196,-0.5411039087759771,1.6387720926842047e-152
ADS,Bm05,iter3,0.3,-0.6022517838538608,1.0141320613538523e-197,-0.5719423219855805,4.0248475286827108e-174
ADS,Bm10,iter1,0.3,0.9824561148052811,0.0,0.9690557347639336,0.0
ADS,Bm10,iter2,0.3,0.9805672454768251,0.0,0.9663174840793709,0.0
ADS,Bm10,iter3,0.3,0.9800970560318986,0.0,0.9669970772492693,0.0
ADS,Bm1,iter1,0.3,0.027501985875442968,0.21892569279993138,0.03365710891427722,0.13240715521229768
ADS,Bm1,iter2,0.3,0.02376847672777017,0.2880341048275832,0.010390369097592275,0.6423658720133794
ADS,Bm1,iter3,0.3,0.014143939274386015,0.5272742531979446,0.011550808387702097,0.6056713428874615
ADS,Bm2,iter1,0.3,0.6021561965924007,1.2148773158015404e-197,0.5584415821103955,2.2138579486853416e-164
ADS,Bm2,iter2,0.3,0.6052418614648789,3.4592485177165153e-200,0.5357917849479462,5.178109198800771e-149
ADS,Bm2,iter3,0.3,0.6025215962053737,6.0889977435487174e-198,0.5443117105779277,1.1766732552664854e-154
ADS,Bm3,iter1,0.3,0.7968275718780757,0.0,0.7350583912645977,0.0
ADS,Bm3,iter2,0.3,0.8089344732357486,0.0,0.7517210779302694,0.0
ADS,Bm3,iter3,0.3,0.8037916719885697,0.0,0.7535383118845779,0.0
ADS,Bm4,iter1,0.3,0.8892872763582804,0.0,0.8450734467683617,0.0
ADS,Bm4,iter2,0.3,0.8869154537262928,0.0,0.8422936655734163,0.0
ADS,Bm4,iter3,0.3,0.8833102006295512,0.0,0.8412149778037444,0.0
ADS,Bm5,iter1,0.3,0.9294187523532599,0.0,0.895037484259371,0.0
ADS,Bm5,iter2,0.3,0.9233957921364466,0.0,0.8862855160713788,0.0
ADS,Bm5,iter3,0.3,0.9223533886594362,0.0,0.8864101391025347,0.0
ADS,Bm6,iter1,0.3,0.9468162192244949,0.0,0.9145984236496059,0.0
ADS,Bm6,iter2,0.3,0.9464342578584537,0.0,0.9160793050198263,0.0
ADS,Bm6,iter3,0.3,0.9477395213412313,0.0,0.9233041123260278,0.0
ADS,Bm7,iter1,0.3,0.9601311017277325,0.0,0.937821660455415,0.0
ADS,Bm7,iter2,0.3,0.9608914985494981,0.0,0.936448296112074,0.0
ADS,Bm7,iter3,0.3,0.961516567938244,0.0,0.9417955154488789,0.0
ADS,Bm8,iter1,0.3,0.9711688062132924,0.0,0.9519959769989942,0.0
ADS,Bm8,iter2,0.3,0.9701574839972045,0.0,0.9472508368127093,0.0
ADS,Bm8,iter3,0.3,0.9698020728365473,0.0,0.9527904731976182,0.0
ADS,Bm9,iter1,0.3,0.9765633804749307,0.0,0.9604402981100744,0.0
ADS,Bm9,iter2,0.3,0.9767341188170264,0.0,0.9608224772056193,0.0
ADS,Bm9,iter3,0.3,0.9756446136761768,0.0,0.963004844251211,0.0
ADS,Bm05,iter1,-0.3,-0.6453815858625355,5.050748662272585e-236,-0.5633871973467992,6.747915879069837e-168
ADS,Bm05,iter2,-0.3,-0.6426189361603735,2.2030295856310157e-233,-0.5646571636642909,8.254393121425377e-169
ADS,Bm05,iter3,-0.3,-0.676676767232677,5.93093026698233e-268,-0.5965551756387939,4.3117897492297378e-193
ADS,Bm10,iter1,-0.3,0.9875174041835719,0.0,0.9717506639376658,0.0
ADS,Bm10,iter2,-0.3,0.9869764290414191,0.0,0.9724420411105102,0.0
ADS,Bm10,iter3,-0.3,0.9879172442731494,0.0,0.9751912312978078,0.0
ADS,Bm1,iter1,-0.3,-0.05904363963150598,0.008262138296263419,-0.01902828625707156,0.3950383684107075
ADS,Bm1,iter2,-0.3,0.020726505437707085,0.35421865040530737,0.030048418512104626,0.17918478513209807
ADS,Bm1,iter3,-0.3,-0.06156886410106323,0.0058811510195375255,-0.04690969322742331,0.035930902142358855
ADS,Bm2,iter1,-0.3,0.6832225654199477,3.8518055937025844e-275,0.6068404502101126,1.6187703869136744e-201
ADS,Bm2,iter2,-0.3,0.6717088652192313,1.272108277819914e-262,0.5923819495954873,9.26698055943228e-190
ADS,Bm2,iter3,-0.3,0.6946988136737342,3.2866633375158464e-288,0.6120252690063173,6.975372852040426e-206
ADS,Bm3,iter1,-0.3,0.852788762156053,0.0,0.7749637337409334,0.0
ADS,Bm3,iter2,-0.3,0.8473015840481293,0.0,0.7771328092832023,0.0
ADS,Bm3,iter3,-0.3,0.8520816351518595,0.0,0.7850241372560343,0.0
ADS,Bm4,iter1,-0.3,0.9136174953803797,0.0,0.8605398336349582,0.0
ADS,Bm4,iter2,-0.3,0.9169835789859806,0.0,0.8606877471719366,0.0
ADS,Bm4,iter3,-0.3,0.9132018408935253,0.0,0.8594314833578708,0.0
ADS,Bm5,iter1,-0.3,0.9477643139036501,0.0,0.9052984978246245,0.0
ADS,Bm5,iter2,-0.3,0.9463353707813054,0.0,0.904354184588546,0.0
ADS,Bm5,iter3,-0.3,0.9507687227183912,0.0,0.911321219830305,0.0
ADS,Bm6,iter1,-0.3,0.9649716898889765,0.0,0.9305126386281597,0.0
ADS,Bm6,iter2,-0.3,0.9624230474378637,0.0,0.9283205965801492,0.0
ADS,Bm6,iter3,-0.3,0.9648392133312315,0.0,0.9343049950762489,0.0
ADS,Bm7,iter1,-0.3,0.9733708775081312,0.0,0.9454203143550787,0.0
ADS,Bm7,iter2,-0.3,0.9730374224796268,0.0,0.9454797188699298,0.0
ADS,Bm7,iter3,-0.3,0.9727605337421049,0.0,0.9494214198553549,0.0
ADS,Bm8,iter1,-0.3,0.979562427957685,0.0,0.9556668934167234,0.0
ADS,Bm8,iter2,-0.3,0.9787859964887451,0.0,0.9566439381609846,0.0
ADS,Bm8,iter3,-0.3,0.9809548992096984,0.0,0.9626341836585457,0.0
ADS,Bm9,iter1,-0.3,0.9835943120355665,0.0,0.9645244286311071,0.0
ADS,Bm9,iter2,-0.3,0.9837686504601517,0.0,0.9653030533257633,0.0
ADS,Bm9,iter3,-0.3,0.9849562952547479,0.0,0.9684505236126308,0.0
ADS,Bm05,iter1,0.4,-0.6113724274728451,2.498776952903029e-205,-0.5626922576730644,2.1223442935511245e-167
ADS,Bm05,iter2,0.4,-0.611807475090928,1.0680325912409152e-205,-0.5470859987714998,1.5765130258263087e-156
ADS,Bm05,iter3,0.4,-0.5843131030922095,1.8761445679668554e-183,-0.551718508429627,1.0733971695042488e-159
ADS,Bm10,iter1,0.4,0.9816995838006194,0.0,0.9695854793963696,0.0
ADS,Bm10,iter2,0.4,0.9807696917759009,0.0,0.9675239448809861,0.0
ADS,Bm10,iter3,0.4,0.9812634864840326,0.0,0.9709966047491512,0.0
ADS,Bm1,iter1,0.4,0.020908551723460848,0.35000662628728196,0.017762300940575237,0.4272418535337795
ADS,Bm1,iter2,0.4,0.0142911565376644,0.5229836263489022,0.006861867215466803,0.759084068535256
ADS,Bm1,iter3,0.4,0.01650416389462927,0.4607104789072833,0.011597825899456474,0.6042045279115331
ADS,Bm2,iter1,0.4,0.6117994022131579,1.0850248396858515e-205,0.5676570609142653,5.564170870214214e-171
ADS,Bm2,iter2,0.4,0.6090052279776396,2.4904435610135475e-203,0.5471533322883331,1.4191263383307062e-156
ADS,Bm2,iter3,0.4,0.6010132292032233,1.0480546021451697e-196,0.5486250846562712,1.4159093205194889e-157
ADS,Bm3,iter1,0.4,0.8171829202149383,0.0,0.763779444444861,0.0
ADS,Bm3,iter2,0.4,0.8038269635940923,0.0,0.7562714910678727,0.0
ADS,Bm3,iter3,0.4,0.8078467186473164,0.0,0.7598495304623826,0.0
ADS,Bm4,iter1,0.4,0.8822509429938674,0.0,0.8394727393681848,0.0
ADS,Bm4,iter2,0.4,0.8828304041755317,0.0,0.8394938173734544,0.0
ADS,Bm4,iter3,0.4,0.8847726227995554,0.0,0.8426799606699902,0.0
ADS,Bm5,iter1,0.4,0.9253305494744724,0.0,0.8884587451146863,0.0
ADS,Bm5,iter2,0.4,0.9244980145514938,0.0,0.892974724243681,0.0
ADS,Bm5,iter3,0.4,0.9239400598349111,0.0,0.8949781997445498,0.0
ADS,Bm6,iter1,0.4,0.9488276025401117,0.0,0.9258470494617623,0.0
ADS,Bm6,iter2,0.4,0.947020610892999,0.0,0.9178761929690482,0.0
ADS,Bm6,iter3,0.4,0.9467095784637833,0.0,0.9234943873735969,0.0
ADS,Bm7,iter1,0.4,0.9636209931142065,0.0,0.9436544269136067,0.0
ADS,Bm7,iter2,0.4,0.9613468376992305,0.0,0.938369564092391,0.0
ADS,Bm7,iter3,0.4,0.961296522691077,0.0,0.9423771090942772,0.0
ADS,Bm8,iter1,0.4,0.9708356922014008,0.0,0.9542623650655911,0.0
ADS,Bm8,iter2,0.4,0.9686252084025262,0.0,0.9503913650978414,0.0
ADS,Bm8,iter3,0.4,0.9707419298976052,0.0,0.9546956311739078,0.0
ADS,Bm9,iter1,0.4,0.9770314273886551,0.0,0.9620390915097728,0.0
ADS,Bm9,iter2,0.4,0.9764322999862954,0.0,0.9626979291744822,0.0
ADS,Bm9,iter3,0.4,0.9754534336133612,0.0,0.9630546502636625,0.0
ADS,Bm05,iter1,-0.4,-0.6880526924344759,1.443771194094768e-280,-0.5962796720699179,7.180524101672391e-193
ADS,Bm05,iter2,-0.4,-0.6732691778202384,2.762477289346296e-264,-0.5882534415633603,1.6437933366363893e-186
ADS,Bm05,iter3,-0.4,-0.7030810525283857,3.747288694387515e-298,-0.6254162853540713,1.5278009421735486e-217
ADS,Bm10,iter1,-0.4,0.9889654820764335,0.0,0.9741890990472747,0.0
ADS,Bm10,iter2,-0.4,0.9892111855689649,0.0,0.9736167919041979,0.0
ADS,Bm10,iter3,-0.4,0.9893187268058626,0.0,0.9762559795639948,0.0
ADS,Bm1,iter1,-0.4,-0.056959702968096,0.010840727550388651,-0.035642815410703854,0.11104696103210104
ADS,Bm1,iter2,-0.4,0.007470039428117029,0.7384805843661786,0.012298024574506143,0.5825516887017499
ADS,Bm1,iter3,-0.4,-0.03541325750135521,0.11336779972117439,-0.023783594945898736,0.2877274857423629
ADS,Bm2,iter1,-0.4,0.7087061975689386,5.041357572106478e-305,0.6174255973563993,1.619318003610308e-210
ADS,Bm2,iter2,-0.4,0.7003465847984994,7.170975500699753e-295,0.6204949101237275,3.427003672781124e-213
ADS,Bm2,iter3,-0.4,0.7167826556621468,3.50205778e-315,0.6242055930513982,1.82659923309318e-216
ADS,Bm3,iter1,-0.4,0.862185463387126,0.0,0.7855794268948567,0.0
ADS,Bm3,iter2,-0.4,0.8559779179929752,0.0,0.7887982071995518,0.0
ADS,Bm3,iter3,-0.4,0.8640385087832253,0.0,0.7973600398400099,0.0
ADS,Bm4,iter1,-0.4,0.9252872856735834,0.0,0.8748441567110391,0.0
ADS,Bm4,iter2,-0.4,0.9248309927834086,0.0,0.8721623195405799,0.0
ADS,Bm4,iter3,-0.4,0.9262005213997422,0.0,0.8742679735669934,0.0
ADS,Bm5,iter1,-0.4,0.9527960349121145,0.0,0.9097035624258906,0.0
ADS,Bm5,iter2,-0.4,0.9517482308861827,0.0,0.9154151513537877,0.0
ADS,Bm5,iter3,-0.4,0.9557683814636864,0.0,0.9188263622065905,0.0
ADS,Bm6,iter1,-0.4,0.968092146617132,0.0,0.9345987146496787,0.0
ADS,Bm6,iter2,-0.4,0.967273609620786,0.0,0.9349708047427012,0.0
ADS,Bm6,iter3,-0.4,0.9682978945006433,0.0,0.9347804156951038,0.0
ADS,Bm7,iter1,-0.4,0.9760981367240567,0.0,0.9487072141768035,0.0
ADS,Bm7,iter2,-0.4,0.9766135409211943,0.0,0.9534192388548096,0.0
ADS,Bm7,iter3,-0.4,0.9782013035554902,0.0,0.9552438228109558,0.0
ADS,Bm8,iter1,-0.4,0.9822352885214882,0.0,0.9635143973785993,0.0
ADS,Bm8,iter2,-0.4,0.9828740223181442,0.0,0.9609891017472754,0.0
ADS,Bm8,iter3,-0.4,0.9815817576943866,0.0,0.9620130830032707,0.0
ADS,Bm9,iter1,-0.4,0.985977205379325,0.0,0.9696070989017748,0.0
ADS,Bm9,iter2,-0.4,0.9870113224549005,0.0,0.9694462073615517,0.0
ADS,Bm9,iter3,-0.4,0.9861046348449988,0.0,0.9696329034082259,0.0
ADS,Bm05,iter1,0.5,-0.6118693324346631,9.463484128808907e-206,-0.5505532616383154,6.792784986115448e-159
ADS,Bm05,iter2,0.5,-0.6141549308596383,1.063569249773666e-207,-0.571721892430473,5.853734290474858e-174
ADS,Bm05,iter3,0.5,-0.5951032360028611,6.303320295256373e-192,-0.5690250552562638,5.595305090874152e-172
ADS,Bm10,iter1,0.5,0.9828213309125721,0.0,0.9727603966900992,0.0
ADS,Bm10,iter2,0.5,0.9814247685337607,0.0,0.9693976223494055,0.0
ADS,Bm10,iter3,0.5,0.9807843278308757,0.0,0.9708640782160195,0.0
ADS,Bm1,iter1,0.5,0.01164374225372532,0.6027736061656078,0.02441550460387615,0.27510807924796765
ADS,Bm1,iter2,0.5,0.01112566198877544,0.6190063795502152,0.0023320490830122703,0.9169889333885326
ADS,Bm1,iter3,0.5,0.00341674640949219,0.8786297646476986,0.007758547939636985,0.7287707958954915
ADS,Bm2,iter1,0.5,0.6208604611586096,1.638360974858181e-213,0.5827294741823685,3.0922488435433896e-182
ADS,Bm2,iter2,0.5,0.6270436726280761,5.346731309232573e-219,0.5707690771922693,2.9459200109860655e-173
ADS,Bm2,iter3,0.5,0.613269446265462,6.079327160781981e-207,0.5515646068911516,1.3701659547911468e-159
ADS,Bm3,iter1,0.5,0.8126082546210418,0.0,0.7627912426978106,0.0
ADS,Bm3,iter2,0.5,0.8096100522666434,0.0,0.7561545735386435,0.0
ADS,Bm3,iter3,0.5,0.8130991005128428,0.0,0.7718601099650274,0.0
ADS,Bm4,iter1,0.5,0.890631788363638,0.0,0.8523755895938973,0.0
ADS,Bm4,iter2,0.5,0.8875562767958222,0.0,0.8468068712017177,0.0
ADS,Bm4,iter3,0.5,0.8915113696972438,0.0,0.8599970164992541,0.0
ADS,Bm5,iter1,0.5,0.9294338421469195,0.0,0.9012010398002599,0.0
ADS,Bm5,iter2,0.5,0.9248945687554257,0.0,0.8955447453861863,0.0
ADS,Bm5,iter3,0.5,0.9256551448453865,0.0,0.9025002621250655,0.0
ADS,Bm6,iter1,0.5,0.9490900010833276,0.0,0.9239226074806519,0.0
ADS,Bm6,iter2,0.5,0.9495486906457891,0.0,0.923788156447039,0.0
ADS,Bm6,iter3,0.5,0.949636524367486,0.0,0.9319569079892269,0.0
ADS,Bm7,iter1,0.5,0.9633830742958305,0.0,0.9433470528367631,0.0
ADS,Bm7,iter2,0.5,0.9630155625047956,0.0,0.9433522233380558,0.0
ADS,Bm7,iter3,0.5,0.9624723757161266,0.0,0.9448616422154106,0.0
ADS,Bm8,iter1,0.5,0.971501517285923,0.0,0.9558751819687956,0.0
ADS,Bm8,iter2,0.5,0.9710923478197746,0.0,0.9565544751386187,0.0
ADS,Bm8,iter3,0.5,0.9706060870208633,0.0,0.9568327972081992,0.0
ADS,Bm9,iter1,0.5,0.9783005314549346,0.0,0.965489411872353,0.0
ADS,Bm9,iter2,0.5,0.9775361294180047,0.0,0.9641032270258068,0.0
ADS,Bm9,iter3,0.5,0.976828838261865,0.0,0.9647866121966531,0.0
ADS,Bm05,iter1,0.6,-0.6241595674054491,2.006848711703576e-216,-0.566098496024624,7.520634428115199e-170
ADS,Bm05,iter2,0.6,-0.6220004170727096,1.6300231501271934e-214,-0.5797778799444699,5.505054480992597e-180
ADS,Bm05,iter3,0.6,-0.6126274331385292,2.1442373305224823e-206,-0.5940301260075315,4.53652922848908e-191
ADS,Bm10,iter1,0.6,0.9827374969905079,0.0,0.9732071538017882,0.0
ADS,Bm10,iter2,0.6,0.98293079446115,0.0,0.9738738814684704,0.0
ADS,Bm10,iter3,0.6,0.9823564372717823,0.0,0.9734349018587254,0.0
ADS,Bm1,iter1,0.6,-0.00867556237622102,0.6982027660795321,0.010416076104019026,0.6415430156927199
ADS,Bm1,iter2,0.6,0.01997133545685084,0.37203074755959475,0.01507519576879894,0.5004384425147241
ADS,Bm1,iter3,0.6,-0.019261472839383176,0.389270765757959,-0.01737691184422796,0.4373405534277053
ADS,Bm2,iter1,0.6,0.6427603199646513,1.616564278644387e-233,0.601024783756196,1.0255151763373942e-196
ADS,Bm2,iter2,0.6,0.6287371618238738,1.5986033272514302e-220,0.580157248039312,2.8365859540389725e-180
ADS,Bm2,iter3,0.6,0.6265941753969845,1.3524054478650353e-218,0.5797618929404732,5.660939438934848e-180
ADS,Bm3,iter1,0.6,0.8259846472826831,0.0,0.7858537529634382,0.0
ADS,Bm3,iter2,0.6,0.817951142361523,0.0,0.7765025976256494,0.0
ADS,Bm3,iter3,0.6,0.8193558205195193,0.0,0.7801654995413749,0.0
ADS,Bm4,iter1,0.6,0.8968179902384676,0.0,0.8654318388579597,0.0
ADS,Bm4,iter2,0.6,0.893478289161689,0.0,0.856856296214074,0.0
ADS,Bm4,iter3,0.6,0.892272617926541,0.0,0.8639398154849538,0.0
ADS,Bm5,iter1,0.6,0.9334018680586035,0.0,0.9089908117477028,0.0
ADS,Bm5,iter2,0.6,0.9315467788798599,0.0,0.9032387663096917,0.0
ADS,Bm5,iter3,0.6,0.9323034757291684,0.0,0.9115982248995562,0.0
ADS,Bm6,iter1,0.6,0.9549244583342249,0.0,0.934764748191187,0.0
ADS,Bm6,iter2,0.6,0.953605624224928,0.0,0.9340282930070732,0.0
ADS,Bm6,iter3,0.6,0.9529582609714319,0.0,0.9362857485714371,0.0
ADS,Bm7,iter1,0.6,0.9645632899169561,0.0,0.9487325236831308,0.0
ADS,Bm7,iter2,0.6,0.9643949691195839,0.0,0.9475945543986386,0.0
ADS,Bm7,iter3,0.6,0.964287683045949,0.0,0.9470673342668335,0.0
ADS,Bm8,iter1,0.6,0.9741261961111198,0.0,0.9611238902809726,0.0
ADS,Bm8,iter2,0.6,0.9735798451613353,0.0,0.959293532823383,0.0
ADS,Bm8,iter3,0.6,0.9728996700679073,0.0,0.9604791061197765,0.0
ADS,Bm9,iter1,0.6,0.9795371869790541,0.0,0.9682319045579761,0.0
ADS,Bm9,iter2,0.6,0.9783278336092902,0.0,0.9662894310723579,0.0
ADS,Bm9,iter3,0.6,0.9791114410714422,0.0,0.9682836500709125,0.0
ADS,Bm05,iter1,0.7,-0.6520889679514115,1.5104897987192483e-242,-0.6074906868726717,4.6356507956595645e-202
ADS,Bm05,iter2,0.7,-0.6583965848972516,7.766136844438093e-249,-0.6313317033329258,7.07773071213043e-223
ADS,Bm05,iter3,0.7,-0.6623926629881651,6.707171571043449e-253,-0.6171787722946931,2.6491980668221995e-210
ADS,Bm10,iter1,0.7,0.9856145638434346,0.0,0.978537976634494,0.0
ADS,Bm10,iter2,0.7,0.9845595015892288,0.0,0.9775305928826481,0.0
ADS,Bm10,iter3,0.7,0.984788541070989,0.0,0.9778965644741411,0.0
ADS,Bm1,iter1,0.7,0.002188809960005593,0.9220708761409873,0.015439115359778838,0.49015161718462397
ADS,Bm1,iter2,0.7,0.006839329955694048,0.7598509762313633,0.007404763851190962,0.7406833000963036
ADS,Bm1,iter3,0.7,-0.02126912141829773,0.34175826135068155,-0.013003699750924937,0.5611028810569028
ADS,Bm2,iter1,0.7,0.65801738785713,1.873180284210709e-248,0.6191681552920388,4.95012126170647e-212
ADS,Bm2,iter2,0.7,0.668112525803309,7.933387896027467e-259,0.6298879694719923,1.4536519587739102e-221
ADS,Bm2,iter3,0.7,0.652794744077533,3.0403817266743617e-243,0.6015212073803019,4.026463587340334e-197
ADS,Bm3,iter1,0.7,0.8402079519127139,0.0,0.800602316150579,0.0
ADS,Bm3,iter2,0.7,0.8365449856529756,0.0,0.8010873262718315,0.0
ADS,Bm3,iter3,0.7,0.8414217872294525,0.0,0.8076737949184488,0.0
ADS,Bm4,iter1,0.7,0.9085452492878754,0.0,0.8793971078492768,0.0
ADS,Bm4,iter2,0.7,0.9045900859578231,0.0,0.8778076054519013,0.0
ADS,Bm4,iter3,0.7,0.9058928411148247,0.0,0.8773263738315934,0.0
ADS,Bm5,iter1,0.7,0.940030243609574,0.0,0.9180503250125813,0.0
ADS,Bm5,iter2,0.7,0.9423224265779089,0.0,0.9205668336417083,0.0
ADS,Bm5,iter3,0.7,0.9383251009336738,0.0,0.919968775992194,0.0
ADS,Bm6,iter1,0.7,0.9591878092130446,0.0,0.942854260713565,0.0
ADS,Bm6,iter2,0.7,0.9579150561491909,0.0,0.9405268796317198,0.0
ADS,Bm6,iter3,0.7,0.9585539633365951,0.0,0.9450149347537335,0.0
ADS,Bm7,iter1,0.7,0.9705210349440808,0.0,0.9570593272648318,0.0
ADS,Bm7,iter2,0.7,0.9680393954733849,0.0,0.9528768942192234,0.0
ADS,Bm7,iter3,0.7,0.969273659529527,0.0,0.9573522338380585,0.0
ADS,Bm8,iter1,0.7,0.9776211827821453,0.0,0.9691236112809029,0.0
ADS,Bm8,iter2,0.7,0.9764009515585464,0.0,0.964060612015153,0.0
ADS,Bm8,iter3,0.7,0.9759159340945387,0.0,0.9662140260535066,0.0
ADS,Bm9,iter1,0.7,0.9816206152162557,0.0,0.9715198048799512,0.0
ADS,Bm9,iter2,0.7,0.9817982147944111,0.0,0.9727358941839735,0.0
ADS,Bm9,iter3,0.7,0.9807302345321671,0.0,0.9737044144261036,0.0
Mixed,Bm05,iter1,0,0.463794152107776,3.171146525267813e-107,0.7439435414858854,0.0
Mixed,Bm05,iter2,0,0.3228969887206939,9.316877387897083e-50,0.7005933566483391,3.638695136052495e-295
Mixed,Bm05,iter3,0,0.35452717685845,2.6574170692097756e-60,0.7400729735182433,0.0
Mixed,Bm10,iter1,0,0.979885283750366,0.0,0.9701267905316976,0.0
Mixed,Bm10,iter2,0,0.980542945757456,0.0,0.9726965101741274,0.0
Mixed,Bm10,iter3,0,0.979411938632561,0.0,0.9690223147555784,0.0
Mixed,Bm1,iter1,0,0.7833227456444417,0.0,0.838903955725989,0.0
Mixed,Bm1,iter2,0,0.7464203097427382,0.0,0.8242883090720771,0.0
Mixed,Bm1,iter3,0,0.766919548970334,0.0,0.8387416601854151,0.0
Mixed,Bm2,iter1,0,0.8562208947269158,0.0,0.8620105720026431,0.0
Mixed,Bm2,iter2,0,0.8830258634034602,0.0,0.8966941071735269,0.0
Mixed,Bm2,iter3,0,0.8699165306524929,0.0,0.8795017118754278,0.0
Mixed,Bm3,iter1,0,0.9066018116866965,0.0,0.8966389296597325,0.0
Mixed,Bm3,iter2,0,0.9100673254616278,0.0,0.9082773275693319,0.0
Mixed,Bm3,iter3,0,0.9129512095131178,0.0,0.908077071519268,0.0
Mixed,Bm4,iter1,0,0.9301345421972971,0.0,0.9178740704685175,0.0
Mixed,Bm4,iter2,0,0.9309646243941094,0.0,0.9247775971943993,0.0
Mixed,Bm4,iter3,0,0.9333153872732357,0.0,0.9189029717257429,0.0
Mixed,Bm5,iter1,0,0.9446847695556394,0.0,0.9297030464257616,0.0
Mixed,Bm5,iter2,0,0.9446208618648917,0.0,0.9322678310669579,0.0
Mixed,Bm5,iter3,0,0.94437593734563,0.0,0.9305934091483523,0.0
Mixed,Bm6,iter1,0,0.9549961328006203,0.0,0.9402450670612666,0.0
Mixed,Bm6,iter2,0,0.955792036680458,0.0,0.9458664954666238,0.0
Mixed,Bm6,iter3,0,0.9551569507913042,0.0,0.9423248355812088,0.0
Mixed,Bm7,iter1,0,0.9640311320197361,0.0,0.9524889821222454,0.0
Mixed,Bm7,iter2,0,0.9642035766151725,0.0,0.9572660318165078,0.0
Mixed,Bm7,iter3,0,0.9644985740867605,0.0,0.9531181647795411,0.0
Mixed,Bm8,iter1,0,0.9707707233535469,0.0,0.9583161715790428,0.0
Mixed,Bm8,iter2,0,0.9720522793376167,0.0,0.9616981219245305,0.0
Mixed,Bm8,iter3,0,0.9701760925911478,0.0,0.959345056336264,0.0
Mixed,Bm9,iter1,0,0.9753190349485248,0.0,0.9660565635141409,0.0
Mixed,Bm9,iter2,0,0.9765279472244566,0.0,0.9697646439411609,0.0
Mixed,Bm9,iter3,0,0.9754081856819512,0.0,0.9639983994995998,0.0
Mixed,Bm05,iter1,0.1,0.397798901382402,8.16260771575076e-77,0.7176408069102017,2.7798653e-316
Mixed,Bm05,iter2,0.1,0.2564124617961443,2.1552118102850605e-31,0.6818255679563919,1.3659882964964758e-273
Mixed,Bm05,iter3,0.1,0.27842731791460296,6.244512567873113e-37,0.7235037008759252,0.0
Mixed,Bm10,iter1,0.1,0.9795290637942283,0.0,0.9698502189625547,0.0
Mixed,Bm10,iter2,0.1,0.979560144385602,0.0,0.9721444680361169,0.0
Mixed,Bm10,iter3,0.1,0.981216184248153,0.0,0.9718889624722405,0.0
Mixed,Bm1,iter1,0.1,0.7464148665145374,0.0,0.8325687371421843,0.0
Mixed,Bm1,iter2,0.1,0.7100342858160555,1.1381812293091655e-306,0.811719763929941,0.0
Mixed,Bm1,iter3,0.1,0.7517008522574662,0.0,0.8356061614015402,0.0
Mixed,Bm2,iter1,0.1,0.8571269281637137,0.0,0.875652923913231,0.0
Mixed,Bm2,iter2,0.1,0.8722550088881517,0.0,0.8845814391453597,0.0
Mixed,Bm2,iter3,0.1,0.8714835290872968,0.0,0.8888246027061507,0.0
Mixed,Bm3,iter1,0.1,0.8990509523839726,0.0,0.9000801705200425,0.0
Mixed,Bm3,iter2,0.1,0.9043038221484614,0.0,0.8981966005491502,0.0
Mixed,Bm3,iter3,0.1,0.9096805429702102,0.0,0.8979681984920495,0.0
Mixed,Bm4,iter1,0.1,0.9234000720388931,0.0,0.911118923779731,0.0
Mixed,Bm4,iter2,0.1,0.9298964695394994,0.0,0.9156565299141324,0.0
Mixed,Bm4,iter3,0.1,0.9309983288704041,0.0,0.91783588045897,0.0
Mixed,Bm5,iter1,0.1,0.9400615242905013,0.0,0.9280364740091185,0.0
Mixed,Bm5,iter2,0.1,0.9439243514728618,0.0,0.9270085792521447,0.0
Mixed,Bm5,iter3,0.1,0.9483186244699768,0.0,0.9343461310865327,0.0
Mixed,Bm6,iter1,0.1,0.954515505059512,0.0,0.9397139949284987,0.0
Mixed,Bm6,iter2,0.1,0.9524273710894163,0.0,0.9404021111005278,0.0
Mixed,Bm6,iter3,0.1,0.9578722342431909,0.0,0.9453269048317261,0.0
Mixed,Bm7,iter1,0.1,0.9621813851588802,0.0,0.94833751958438,0.0
Mixed,Bm7,iter2,0.1,0.9644325467262286,0.0,0.9534387973596993,0.0
Mixed,Bm7,iter3,0.1,0.9647634193831461,0.0,0.9548635577158894,0.0
Mixed,Bm8,iter1,0.1,0.9697075821194527,0.0,0.9580989895247474,0.0
Mixed,Bm8,iter2,0.1,0.9712389341959287,0.0,0.9597980429495109,0.0
Mixed,Bm8,iter3,0.1,0.9712889873330486,0.0,0.9609534212383551,0.0
Mixed,Bm9,iter1,0.1,0.9750379309508621,0.0,0.9641157745289435,0.0
Mixed,Bm9,iter2,0.1,0.9764345008501385,0.0,0.9680763155190788,0.0
Mixed,Bm9,iter3,0.1,0.9758482193992419,0.0,0.9668882672220667,0.0
Mixed,Bm05,iter1,-0.1,0.5057177991832018,2.4767805685024765e-130,0.7423086340771585,0.0
Mixed,Bm05,iter2,-0.1,0.4087968138379116,2.0116223000745177e-81,0.7206121591530397,4.002e-320
Mixed,Bm05,iter3,-0.1,0.39657548379308205,2.5928878077553345e-76,0.7624636906159227,0.0
Mixed,Bm10,iter1,-0.1,0.9811114368631977,0.0,0.9720814020203505,0.0
Mixed,Bm10,iter2,-0.1,0.9822138741154578,0.0,0.9728995967248993,0.0
Mixed,Bm10,iter3,-0.1,0.9820566621977529,0.0,0.9721026900256724,0.0
Mixed,Bm1,iter1,-0.1,0.7847637196905648,0.0,0.8451620817905204,0.0
Mixed,Bm1,iter2,-0.1,0.7662929250276109,0.0,0.8509584072396017,0.0
Mixed,Bm1,iter3,-0.1,0.7552383936554876,0.0,0.8415053043763261,0.0
Mixed,Bm2,iter1,-0.1,0.8807082089715959,0.0,0.8835395028848757,0.0
Mixed,Bm2,iter2,-0.1,0.8821802970162493,0.0,0.8844957231239309,0.0
Mixed,Bm2,iter3,-0.1,0.8880577791104782,0.0,0.8856846789211698,0.0
Mixed,Bm3,iter1,-0.1,0.9151326140952862,0.0,0.9078994369748592,0.0
Mixed,Bm3,iter2,-0.1,0.9148359150668692,0.0,0.9029617132404284,0.0
Mixed,Bm3,iter3,-0.1,0.9207947054854592,0.0,0.9072956463239114,0.0
Mixed,Bm4,iter1,-0.1,0.9304540396831241,0.0,0.9190272557568138,0.0
Mixed,Bm4,iter2,-0.1,0.9350782941378449,0.0,0.9221105665276415,0.0
Mixed,Bm4,iter3,-0.1,0.9424263361991698,0.0,0.9281136670284167,0.0
Mixed,Bm5,iter1,-0.1,0.9474569227874929,0.0,0.932313140078285,0.0
Mixed,Bm5,iter2,-0.1,0.946960079170849,0.0,0.9320349935087482,0.0
Mixed,Bm5,iter3,-0.1,0.9508106961095887,0.0,0.9377548039387009,0.0
Mixed,Bm6,iter1,-0.1,0.9571866821486337,0.0,0.9415587313896828,0.0
Mixed,Bm6,iter2,-0.1,0.9577865582701461,0.0,0.944453844613461,0.0
Mixed,Bm6,iter3,-0.1,0.9614315107519041,0.0,0.9480341625085406,0.0
Mixed,Bm7,iter1,-0.1,0.965267195156553,0.0,0.9527217896804473,0.0
Mixed,Bm7,iter2,-0.1,0.9667063155858362,0.0,0.9560226410056603,0.0
Mixed,Bm7,iter3,-0.1,0.9690570512622269,0.0,0.9559930969982742,0.0
Mixed,Bm8,iter1,-0.1,0.9717277458860933,0.0,0.9597632669408167,0.0
Mixed,Bm8,iter2,-0.1,0.972960871448801,0.0,0.961469971867493,0.0
Mixed,Bm8,iter3,-0.1,0.9735884333968688,0.0,0.9614399028599756,0.0
Mixed,Bm9,iter1,-0.1,0.9777734070142893,0.0,0.9672442728110682,0.0
Mixed,Bm9,iter2,-0.1,0.977840634549924,0.0,0.9680013935003484,0.0
Mixed,Bm9,iter3,-0.1,0.9791122024585798,0.0,0.9690405502601376,0.0
Mixed,Bm05,iter1,0.2,0.3133290729021724,8.331270561717858e-47,0.680866688216672,1.563792070630906e-272
Mixed,Bm05,iter2,0.2,0.2091155851387653,3.3638134655651316e-21,0.6706574651643663,1.6577772514306595e-261
Mixed,Bm05,iter3,0.2,0.18020987292613982,4.63265384478335e-16,0.6955551013887754,3.287104805581694e-289
Mixed,Bm10,iter1,0.2,0.9789825728495277,0.0,0.9676288999072249,0.0
Mixed,Bm10,iter2,0.2,0.979479359603189,0.0,0.9712333138083283,0.0
Mixed,Bm10,iter3,0.2,0.9803491349041991,0.0,0.9718595984648997,0.0
Mixed,Bm1,iter1,0.2,0.7244109567284407,0.0,0.8220553665138416,0.0
Mixed,Bm1,iter2,0.2,0.6974455370730948,1.9799834501240977e-291,0.8076021009005252,0.0
Mixed,Bm1,iter3,0.2,0.7141232426002445,8.4776733351e-312,0.8214368593592148,0.0
Mixed,Bm2,iter1,0.2,0.8425622691317496,0.0,0.8607375351843837,0.0
Mixed,Bm2,iter2,0.2,0.8625800695581669,0.0,0.8780173370043342,0.0
Mixed,Bm2,iter3,0.2,0.8554217789310519,0.0,0.8734416578604145,0.0
Mixed,Bm3,iter1,0.2,0.8905806419656882,0.0,0.8878030664507665,0.0
Mixed,Bm3,iter2,0.2,0.9034580073618066,0.0,0.9007051186762796,0.0
Mixed,Bm3,iter3,0.2,0.9038946539305796,0.0,0.902974035743509,0.0
Mixed,Bm4,iter1,0.2,0.9171421938513514,0.0,0.9074501478625369,0.0
Mixed,Bm4,iter2,0.2,0.92523996814398,0.0,0.9137649949412486,0.0
Mixed,Bm4,iter3,0.2,0.9259977596455703,0.0,0.9154830713707678,0.0
Mixed,Bm5,iter1,0.2,0.9396860878302353,0.0,0.9261090005272501,0.0
Mixed,Bm5,iter2,0.2,0.9398225520506887,0.0,0.9266456091614023,0.0
Mixed,Bm5,iter3,0.2,0.9429193606927493,0.0,0.9287967266991817,0.0
Mixed,Bm6,iter1,0.2,0.9525516010211836,0.0,0.9408516867129216,0.0
Mixed,Bm6,iter2,0.2,0.9530942704024004,0.0,0.9429415517353879,0.0
Mixed,Bm6,iter3,0.2,0.9560352955121894,0.0,0.9448738897184723,0.0
Mixed,Bm7,iter1,0.2,0.962507491927615,0.0,0.9484798036199509,0.0
Mixed,Bm7,iter2,0.2,0.9634757804297203,0.0,0.9521043340260835,0.0
Mixed,Bm7,iter3,0.2,0.964610558179219,0.0,0.953806732451683,0.0
Mixed,Bm8,iter1,0.2,0.9695188691843222,0.0,0.9569552362388091,0.0
Mixed,Bm8,iter2,0.2,0.9707047209993667,0.0,0.9598325099581275,0.0
Mixed,Bm8,iter3,0.2,0.9703592558242862,0.0,0.9602639025659756,0.0
Mixed,Bm9,iter1,0.2,0.975077003991355,0.0,0.9647003576750893,0.0
Mixed,Bm9,iter2,0.2,0.9753060654370781,0.0,0.9670445642611409,0.0
Mixed,Bm9,iter3,0.2,0.9759127479014125,0.0,0.9680853455213363,0.0
Mixed,Bm05,iter1,-0.2,0.5538055543272209,3.869454231544407e-161,0.7704304626076156,0.0
Mixed,Bm05,iter2,-0.2,0.47638894790117203,7.839176369498778e-114,0.752378972094743,0.0
Mixed,Bm05,iter3,-0.2,0.43424889349003903,8.986807407209237e-93,0.770062916015729,0.0
Mixed,Bm10,iter1,-0.2,0.9822897831576846,0.0,0.971876555969139,0.0
Mixed,Bm10,iter2,-0.2,0.9833787389576512,0.0,0.973751499437875,0.0
Mixed,Bm10,iter3,-0.2,0.9838990258560807,0.0,0.9743525795881449,0.0
Mixed,Bm1,iter1,-0.2,0.8070870531203345,0.0,0.8543103200775799,0.0
Mixed,Bm1,iter2,-0.2,0.791412475499473,0.0,0.8518704344676086,0.0
Mixed,Bm1,iter3,-0.2,0.7812608207456296,0.0,0.8395643698910925,0.0
Mixed,Bm2,iter1,-0.2,0.8934920044603022,0.0,0.8957453614363402,0.0
Mixed,Bm2,iter2,-0.2,0.8887998636630391,0.0,0.8895530823882706,0.0
Mixed,Bm2,iter3,-0.2,0.8995794500331235,0.0,0.8934525523631381,0.0
Mixed,Bm3,iter1,-0.2,0.9230568328619513,0.0,0.9150572257643065,0.0
Mixed,Bm3,iter2,-0.2,0.9207687592564169,0.0,0.9076717309179327,0.0
Mixed,Bm3,iter3,-0.2,0.9276322901572505,0.0,0.9099960354990089,0.0
Mixed,Bm4,iter1,-0.2,0.9397086489694986,0.0,0.9244418536104633,0.0
Mixed,Bm4,iter2,-0.2,0.9376410036864352,0.0,0.9219663924915981,0.0
Mixed,Bm4,iter3,-0.2,0.9449997413951332,0.0,0.9284697956174487,0.0
Mixed,Bm5,iter1,-0.2,0.9480252703158318,0.0,0.933854396463599,0.0
Mixed,Bm5,iter2,-0.2,0.951534422560933,0.0,0.9408996207249052,0.0
Mixed,Bm5,iter3,-0.2,0.9543298145427872,0.0,0.9448929427232357,0.0
Mixed,Bm6,iter1,-0.2,0.9593864434003363,0.0,0.944912451728113,0.0
Mixed,Bm6,iter2,-0.2,0.9625043482476952,0.0,0.945976911994228,0.0
Mixed,Bm6,iter3,-0.2,0.9617250282822951,0.0,0.9516132204033049,0.0
Mixed,Bm7,iter1,-0.2,0.9674179740420256,0.0,0.9545782381445596,0.0
Mixed,Bm7,iter2,-0.2,0.9700787241237958,0.0,0.9580693270173317,0.0
Mixed,Bm7,iter3,-0.2,0.9704597146193435,0.0,0.9582503710625927,0.0
Mixed,Bm8,iter1,-0.2,0.9738801049760417,0.0,0.9607800001950001,0.0
Mixed,Bm8,iter2,-0.2,0.97460392987043,0.0,0.9649695927423981,0.0
Mixed,Bm8,iter3,-0.2,0.9772808577992227,0.0,0.9650436102609025,0.0
Mixed,Bm9,iter1,-0.2,0.9785993552512862,0.0,0.968273576068394,0.0
Mixed,Bm9,iter2,-0.2,0.9795578452774072,0.0,0.9713133988283497,0.0
Mixed,Bm9,iter3,-0.2,0.979604520730627,0.0,0.969318068329517,0.0
Mixed,Bm05,iter1,0.3,0.1500483447835005,1.5367512068330336e-11,0.6572275028068757,1.1676148155637614e-247
Mixed,Bm05,iter2,0.3,0.11012755060411358,7.93343901756433e-07,0.6685019541254885,3.0981436428869404e-259
Mixed,Bm05,iter3,0.3,0.14182153906742595,1.881523247206534e-10,0.670731323682831,1.3846820324516224e-261
Mixed,Bm10,iter1,0.3,0.9792100469121545,0.0,0.9710535132633782,0.0
Mixed,Bm10,iter2,0.3,0.9798645962091419,0.0,0.9725521711380427,0.0
Mixed,Bm10,iter3,0.3,0.9797092869162652,0.0,0.9724276171069043,0.0
Mixed,Bm1,iter1,0.3,0.6856716103159393,7.041271259862307e-278,0.7957638669409668,0.0
Mixed,Bm1,iter2,0.3,0.6698657976637783,1.137761930883329e-260,0.8071050142762536,0.0
Mixed,Bm1,iter3,0.3,0.6864512600626722,9.33920916503153e-279,0.809842636460659,0.0
Mixed,Bm2,iter1,0.3,0.8393370713670862,0.0,0.8556810729202682,0.0
Mixed,Bm2,iter2,0.3,0.8568841853741376,0.0,0.8772804408201103,0.0
Mixed,Bm2,iter3,0.3,0.8484214687023304,0.0,0.8708960942240236,0.0
Mixed,Bm3,iter1,0.3,0.8963657903356037,0.0,0.8933572303393076,0.0
Mixed,Bm3,iter2,0.3,0.8977017405307381,0.0,0.8991941382985346,0.0
Mixed,Bm3,iter3,0.3,0.8964613056292443,0.0,0.8934284323571079,0.0
Mixed,Bm4,iter1,0.3,0.9173833871844665,0.0,0.9066331756582939,0.0
Mixed,Bm4,iter2,0.3,0.924009089772089,0.0,0.9133204083301022,0.0
Mixed,Bm4,iter3,0.3,0.9249365542814063,0.0,0.9145062186265545,0.0
Mixed,Bm5,iter1,0.3,0.9356416745699608,0.0,0.922214696553674,0.0
Mixed,Bm5,iter2,0.3,0.9400363004207474,0.0,0.9303058590764646,0.0
Mixed,Bm5,iter3,0.3,0.9450719682336521,0.0,0.9289103547275886,0.0
Mixed,Bm6,iter1,0.3,0.9527197444190832,0.0,0.9386821056705263,0.0
Mixed,Bm6,iter2,0.3,0.9542716401649867,0.0,0.942218952054738,0.0
Mixed,Bm6,iter3,0.3,0.9551311081543046,0.0,0.9444193806048451,0.0
Mixed,Bm7,iter1,0.3,0.9626676139724353,0.0,0.9476835599208899,0.0
Mixed,Bm7,iter2,0.3,0.963812093449923,0.0,0.9537233744308434,0.0
Mixed,Bm7,iter3,0.3,0.9634250013867248,0.0,0.9542195190548796,0.0
Mixed,Bm8,iter1,0.3,0.9698331625265595,0.0,0.958763212190803,0.0
Mixed,Bm8,iter2,0.3,0.9697901926641557,0.0,0.9604254931063732,0.0
Mixed,Bm8,iter3,0.3,0.9707974031629965,0.0,0.963379731844933,0.0
Mixed,Bm9,iter1,0.3,0.9749102150961113,0.0,0.9638203374550842,0.0
Mixed,Bm9,iter2,0.3,0.976143266319053,0.0,0.9668704622176156,0.0
Mixed,Bm9,iter3,0.3,0.9759988295401205,0.0,0.9680537300134325,0.0
Mixed,Bm05,iter1,-0.3,0.5648811156934865,5.693265397964945e-169,0.7767404301851075,0.0
Mixed,Bm05,iter2,-0.3,0.5099464959289389,7.573560690328809e-133,0.7569325712331428,0.0
Mixed,Bm05,iter3,-0.3,0.45553667910803614,4.842049878480415e-103,0.7770941512735378,0.0
Mixed,Bm10,iter1,-0.3,0.9836943635643166,0.0,0.9749339557334891,0.0
Mixed,Bm10,iter2,-0.3,0.9849755210891393,0.0,0.9756030444007611,0.0
Mixed,Bm10,iter3,-0.3,0.9852983292923974,0.0,0.9750739912684978,0.0
Mixed,Bm1,iter1,-0.3,0.8106210213194436,0.0,0.8616393309098327,0.0
Mixed,Bm1,iter2,-0.3,0.7763293958072205,0.0,0.8516686649171662,0.0
Mixed,Bm1,iter3,-0.3,0.8112149356615306,0.0,0.8462915685728922,0.0
Mixed,Bm2,iter1,-0.3,0.9027792935217511,0.0,0.9034048808512201,0.0
Mixed,Bm2,iter2,-0.3,0.8923824791327286,0.0,0.8928502167125542,0.0
Mixed,Bm2,iter3,-0.3,0.9106654190402214,0.0,0.8958991954747989,0.0
Mixed,Bm3,iter1,-0.3,0.9222390124005684,0.0,0.9144730776182692,0.0
Mixed,Bm3,iter2,-0.3,0.9266413674004963,0.0,0.9157688514422128,0.0
Mixed,Bm3,iter3,-0.3,0.9338561554375994,0.0,0.9193159983289996,0.0
Mixed,Bm4,iter1,-0.3,0.9422287977467181,0.0,0.9307679071919768,0.0
Mixed,Bm4,iter2,-0.3,0.944704054470494,0.0,0.9312035508008876,0.0
Mixed,Bm4,iter3,-0.3,0.9474609050952235,0.0,0.9351097617774403,0.0
Mixed,Bm5,iter1,-0.3,0.953455330936269,0.0,0.9395149163787289,0.0
Mixed,Bm5,iter2,-0.3,0.9548462047925227,0.0,0.9408724497181125,0.0
Mixed,Bm5,iter3,-0.3,0.9591505311859159,0.0,0.9467901671975417,0.0
Mixed,Bm6,iter1,-0.3,0.963921772679468,0.0,0.9485806276451568,0.0
Mixed,Bm6,iter2,-0.3,0.9651925353008014,0.0,0.953946176986544,0.0
Mixed,Bm6,iter3,-0.3,0.967041774287542,0.0,0.9532902628225656,0.0
Mixed,Bm7,iter1,-0.3,0.9709008104751176,0.0,0.9570487447621862,0.0
Mixed,Bm7,iter2,-0.3,0.9716587473330388,0.0,0.9585492851373214,0.0
Mixed,Bm7,iter3,-0.3,0.9743886458144345,0.0,0.9600620130155032,0.0
Mixed,Bm8,iter1,-0.3,0.9768898946648998,0.0,0.9660919965229992,0.0
Mixed,Bm8,iter2,-0.3,0.9771489622411467,0.0,0.9663090210772552,0.0
Mixed,Bm8,iter3,-0.3,0.9793262115438728,0.0,0.9679313209828303,0.0
Mixed,Bm9,iter1,-0.3,0.9807420358885073,0.0,0.9710634432658608,0.0
Mixed,Bm9,iter2,-0.3,0.9815009887413996,0.0,0.9707137841784459,0.0
Mixed,Bm9,iter3,-0.3,0.9824698365801223,0.0,0.9720059655014913,0.0
Mixed,Bm05,iter1,0.4,0.022813180902661358,0.3078558950552009,0.6177074234268558,9.225743490826547e-211
Mixed,Bm05,iter2,0.4,-0.003572427884502294,0.8731453983147425,0.638726540181635,1.0379145124954906e-229
Mixed,Bm05,iter3,0.4,-0.007785379692566388,0.7278699483708888,0.6096882984220746,6.62703320253516e-204
Mixed,Bm10,iter1,0.4,0.9792308200183406,0.0,0.9709097517274379,0.0
Mixed,Bm10,iter2,0.4,0.9810967529617327,0.0,0.9740669585167395,0.0
Mixed,Bm10,iter3,0.4,0.9810180901911656,0.0,0.9748480882120221,0.0
Mixed,Bm1,iter1,0.4,0.6341433874535733,1.877357843184295e-225,0.7753826073456518,0.0
Mixed,Bm1,iter2,0.4,0.6261903933042494,3.108659793531363e-218,0.7831808242952061,0.0
Mixed,Bm1,iter3,0.4,0.6506161991475488,4.225586074347913e-241,0.7823150435787609,0.0
Mixed,Bm2,iter1,0.4,0.8281076629936022,0.0,0.8602057745514435,0.0
Mixed,Bm2,iter2,0.4,0.841978031071311,0.0,0.8756980394245099,0.0
Mixed,Bm2,iter3,0.4,0.831828601982346,0.0,0.8578299929574983,0.0
Mixed,Bm3,iter1,0.4,0.8920990672304098,0.0,0.892198876049719,0.0
Mixed,Bm3,iter2,0.4,0.8930810356363035,0.0,0.8965722261430566,0.0
Mixed,Bm3,iter3,0.4,0.8933810839624576,0.0,0.8966392971598244,0.0
Mixed,Bm4,iter1,0.4,0.9170581192681734,0.0,0.904911508227877,0.0
Mixed,Bm4,iter2,0.4,0.9223739835403378,0.0,0.9143452730863182,0.0
Mixed,Bm4,iter3,0.4,0.9235509860281517,0.0,0.9080700125175032,0.0
Mixed,Bm5,iter1,0.4,0.9399997409754538,0.0,0.9265241961310489,0.0
Mixed,Bm5,iter2,0.4,0.938690429321734,0.0,0.9279178464794615,0.0
Mixed,Bm5,iter3,0.4,0.9405049980207052,0.0,0.9308357027089257,0.0
Mixed,Bm6,iter1,0.4,0.9538061855591999,0.0,0.9415643338910836,0.0
Mixed,Bm6,iter2,0.4,0.9539448734796923,0.0,0.9441548975387243,0.0
Mixed,Bm6,iter3,0.4,0.954941415655343,0.0,0.9456835104208776,0.0
Mixed,Bm7,iter1,0.4,0.9638113834503657,0.0,0.9505754706438677,0.0
Mixed,Bm7,iter2,0.4,0.9645832622312618,0.0,0.954181656045414,0.0
Mixed,Bm7,iter3,0.4,0.9639160918046424,0.0,0.9562839455709863,0.0
Mixed,Bm8,iter1,0.4,0.9714575459019544,0.0,0.9602851005712751,0.0
Mixed,Bm8,iter2,0.4,0.9717415446610654,0.0,0.9617517694379423,0.0
Mixed,Bm8,iter3,0.4,0.9713412712265743,0.0,0.9623909255977313,0.0
Mixed,Bm9,iter1,0.4,0.9760634694863095,0.0,0.9661777500444375,0.0
Mixed,Bm9,iter2,0.4,0.9766749106756233,0.0,0.9693024143256035,0.0
Mixed,Bm9,iter3,0.4,0.9768170496948667,0.0,0.9686493036623259,0.0
Mixed,Bm05,iter1,-0.4,0.6236213571731548,6.024819621734953e-216,0.7802494185623546,0.0
Mixed,Bm05,iter2,-0.4,0.5254473264691304,2.2513873195419822e-142,0.7792569298142324,0.0
Mixed,Bm05,iter3,-0.4,0.5120411832631193,4.1736594536778977e-134,0.7774536653634163,0.0
Mixed,Bm10,iter1,-0.4,0.985680765858717,0.0,0.9766888256722064,0.0
Mixed,Bm10,iter2,-0.4,0.986594786017711,0.0,0.9782427660606915,0.0
Mixed,Bm10,iter3,-0.4,0.9874761491201176,0.0,0.978018424504606,0.0
Mixed,Bm1,iter1,-0.4,0.8231559429897317,0.0,0.8591834387958596,0.0
Mixed,Bm1,iter2,-0.4,0.809381276390696,0.0,0.8713809738452435,0.0
Mixed,Bm1,iter3,-0.4,0.821400621674631,0.0,0.8560523515130878,0.0
Mixed,Bm2,iter1,-0.4,0.9029742162118264,0.0,0.898962568240642,0.0
Mixed,Bm2,iter2,-0.4,0.9058120986777987,0.0,0.9005242726310682,0.0
Mixed,Bm2,iter3,-0.4,0.9182113695218856,0.0,0.9044136011034002,0.0
Mixed,Bm3,iter1,-0.4,0.9334696025120163,0.0,0.9206547216636802,0.0
Mixed,Bm3,iter2,-0.4,0.9357174794983529,0.0,0.918648688662172,0.0
Mixed,Bm3,iter3,-0.4,0.9416108130024564,0.0,0.9224949581237395,0.0
Mixed,Bm4,iter1,-0.4,0.9468888044439051,0.0,0.9342982345745586,0.0
Mixed,Bm4,iter2,-0.4,0.9502128045389991,0.0,0.9354846628711657,0.0
Mixed,Bm4,iter3,-0.4,0.9560002399478524,0.0,0.936382272095568,0.0
Mixed,Bm5,iter1,-0.4,0.958372575786707,0.0,0.9418999154749788,0.0
Mixed,Bm5,iter2,-0.4,0.9598463849473503,0.0,0.9455019383754846,0.0
Mixed,Bm5,iter3,-0.4,0.9657098692088752,0.0,0.9485929696482422,0.0
Mixed,Bm6,iter1,-0.4,0.9678737290338021,0.0,0.9533788108447027,0.0
Mixed,Bm6,iter2,-0.4,0.9685291232644166,0.0,0.9530160282540071,0.0
Mixed,Bm6,iter3,-0.4,0.9717674990538404,0.0,0.955467132366783,0.0
Mixed,Bm7,iter1,-0.4,0.9740851797981972,0.0,0.9615313953828488,0.0
Mixed,Bm7,iter2,-0.4,0.9751778618466375,0.0,0.9601369965342492,0.0
Mixed,Bm7,iter3,-0.4,0.9775068007231691,0.0,0.9636578454144613,0.0
Mixed,Bm8,iter1,-0.4,0.9793754462515245,0.0,0.9687623241905808,0.0
Mixed,Bm8,iter2,-0.4,0.9796768869954969,0.0,0.9685476261369065,0.0
Mixed,Bm8,iter3,-0.4,0.9812062123414251,0.0,0.9689779987444997,0.0
Mixed,Bm9,iter1,-0.4,0.9830663937895827,0.0,0.9725169436292358,0.0
Mixed,Bm9,iter2,-0.4,0.9838826772252323,0.0,0.972801847700462,0.0
Mixed,Bm9,iter3,-0.4,0.9849045383103321,0.0,0.9743635535908883,0.0
Mixed,Bm05,iter1,0.5,-0.19283180992607638,3.316385890875992e-18,0.5721567155391788,2.7951307004299887e-174
Mixed,Bm05,iter2,0.5,-0.14547523724148642,6.293981948890356e-11,0.601134564283641,8.340950038360214e-197
Mixed,Bm05,iter3,0.5,-0.1535468381874149,5.073457762186097e-12,0.560635779658945,6.202334459533274e-166
Mixed,Bm10,iter1,0.5,0.9814194167021617,0.0,0.9749965132491283,0.0
Mixed,Bm10,iter2,0.5,0.9819331192190388,0.0,0.97615348003837,0.0
Mixed,Bm10,iter3,0.5,0.9820044533329237,0.0,0.9764194196048549,0.0
Mixed,Bm1,iter1,0.5,0.6082604137202745,1.0510131137241102e-202,0.768074688018672,0.0
Mixed,Bm1,iter2,0.5,0.6050470885236118,5.0175109134523536e-200,0.7751352317838079,0.0
Mixed,Bm1,iter3,0.5,0.6044447549288628,1.5821167972078768e-199,0.7780300030075007,0.0
Mixed,Bm2,iter1,0.5,0.8258140846159577,0.0,0.851325971831493,0.0
Mixed,Bm2,iter2,0.5,0.8238900812753953,0.0,0.8603734415933604,0.0
Mixed,Bm2,iter3,0.5,0.8314860881065038,0.0,0.8636741909185478,0.0
Mixed,Bm3,iter1,0.5,0.8847215357994567,0.0,0.8810106957526739,0.0
Mixed,Bm3,iter2,0.5,0.8986373522288498,0.0,0.8998221149555287,0.0
Mixed,Bm3,iter3,0.5,0.8883725985719616,0.0,0.8919802269950567,0.0
Mixed,Bm4,iter1,0.5,0.9173868356891807,0.0,0.9053156728289182,0.0
Mixed,Bm4,iter2,0.5,0.9240855239435953,0.0,0.9159555834888957,0.0
Mixed,Bm4,iter3,0.5,0.9249034026645022,0.0,0.9106682111670528,0.0
Mixed,Bm5,iter1,0.5,0.9387288026649114,0.0,0.9244895446223861,0.0
Mixed,Bm5,iter2,0.5,0.9445535728530967,0.0,0.9338362404590601,0.0
Mixed,Bm5,iter3,0.5,0.9444558920246737,0.0,0.9340738345184586,0.0
Mixed,Bm6,iter1,0.5,0.956605158348476,0.0,0.9452961878240469,0.0
Mixed,Bm6,iter2,0.5,0.9561009529447031,0.0,0.944780379695095,0.0
Mixed,Bm6,iter3,0.5,0.9559041509380568,0.0,0.9460533670133418,0.0
Mixed,Bm7,iter1,0.5,0.9649017631629166,0.0,0.9526480106620026,0.0
Mixed,Bm7,iter2,0.5,0.9658419755957324,0.0,0.9567806106951526,0.0
Mixed,Bm7,iter3,0.5,0.9665736332235169,0.0,0.9575672348918088,0.0
Mixed,Bm8,iter1,0.5,0.9719093203521185,0.0,0.9630583042645761,0.0
Mixed,Bm8,iter2,0.5,0.9725693289511163,0.0,0.9625389816347454,0.0
Mixed,Bm8,iter3,0.5,0.9724290566264714,0.0,0.9634434098608524,0.0
Mixed,Bm9,iter1,0.5,0.9771969862217408,0.0,0.9676445854111463,0.0
Mixed,Bm9,iter2,0.5,0.9784792023230875,0.0,0.9699503829875956,0.0
Mixed,Bm9,iter3,0.5,0.9782212649760282,0.0,0.9718915889728972,0.0
Mixed,Bm05,iter1,0.6,-0.39244134376926854,1.2427562031715888e-74,0.500680587670147,2.2051046887719344e-127
Mixed,Bm05,iter2,0.6,-0.31521891497000865,2.2196338261153017e-47,0.532494587623647,7.163623352353475e-147
Mixed,Bm05,iter3,0.6,-0.3717563619417542,1.4114426088361622e-66,0.47272276618069153,7.01601991449245e-112
Mixed,Bm10,iter1,0.6,0.9832432467262079,0.0,0.9769008222252056,0.0
Mixed,Bm10,iter2,0.6,0.9835946421097317,0.0,0.9772540528135131,0.0
Mixed,Bm10,iter3,0.6,0.9834744544900631,0.0,0.9779810894952724,0.0
Mixed,Bm1,iter1,0.6,0.543818383427819,2.5227401130706322e-154,0.7508337572084393,0.0
Mixed,Bm1,iter2,0.6,0.5258975471723893,1.1703080903914197e-142,0.7451804747951186,0.0
Mixed,Bm1,iter3,0.6,0.5281254708046241,4.52747430798544e-144,0.7441689090422273,0.0
Mixed,Bm2,iter1,0.6,0.8157094197604653,0.0,0.8457389459347365,0.0
Mixed,Bm2,iter2,0.6,0.8139815578075429,0.0,0.8523622275905569,0.0
Mixed,Bm2,iter3,0.6,0.8272162379435148,0.0,0.8609986432496608,0.0
Mixed,Bm3,iter1,0.6,0.8880953810618482,0.0,0.8811730782932695,0.0
Mixed,Bm3,iter2,0.6,0.89840364953791,0.0,0.8983620535905135,0.0
Mixed,Bm3,iter3,0.6,0.8876805803595014,0.0,0.8905275336318833,0.0
Mixed,Bm4,iter1,0.6,0.9231921102898888,0.0,0.9105174341293584,0.0
Mixed,Bm4,iter2,0.6,0.9267642171915209,0.0,0.9131645552911387,0.0
Mixed,Bm4,iter3,0.6,0.9280148895271942,0.0,0.9159248379812094,0.0
Mixed,Bm5,iter1,0.6,0.9435045213298743,0.0,0.9282168505542127,0.0
Mixed,Bm5,iter2,0.6,0.9438166386665187,0.0,0.934034432508608,0.0
Mixed,Bm5,iter3,0.6,0.946266876789791,0.0,0.935692408423102,0.0
Mixed,Bm6,iter1,0.6,0.9582402211810261,0.0,0.947004236751059,0.0
Mixed,Bm6,iter2,0.6,0.9581648816342383,0.0,0.9477937379484344,0.0
Mixed,Bm6,iter3,0.6,0.9588514118955145,0.0,0.9506036631509158,0.0
Mixed,Bm7,iter1,0.6,0.9691549519221592,0.0,0.9591823092955774,0.0
Mixed,Bm7,iter2,0.6,0.9693462457504622,0.0,0.9589630647407661,0.0
Mixed,Bm7,iter3,0.6,0.9670846220248119,0.0,0.9591271992817998,0.0
Mixed,Bm8,iter1,0.6,0.9751069914397399,0.0,0.9660547080136769,0.0
Mixed,Bm8,iter2,0.6,0.9748575293568411,0.0,0.9675787788946946,0.0
Mixed,Bm8,iter3,0.6,0.974997811952865,0.0,0.968214488053622,0.0
Mixed,Bm9,iter1,0.6,0.9802109829494197,0.0,0.9729979382494844,0.0
Mixed,Bm9,iter2,0.6,0.9801318654536619,0.0,0.9730236992559248,0.0
Mixed,Bm9,iter3,0.6,0.9806897060320683,0.0,0.9747486006871502,0.0
Mixed,Bm05,iter1,0.7,-0.6085092834088895,6.499008039008216e-203,0.3822645445661361,1.3497944958506312e-70
Mixed,Bm05,iter2,0.7,-0.5963384205323171,6.440828834593773e-193,0.36560644340161086,2.7152774051896686e-64
Mixed,Bm05,iter3,0.7,-0.583454209266752,8.593147730872732e-183,0.408176148044037,3.7004931633111797e-81
Mixed,Bm10,iter1,0.7,0.9854699276912764,0.0,0.9802040795510198,0.0
Mixed,Bm10,iter2,0.7,0.985516481242801,0.0,0.9813427868356966,0.0
Mixed,Bm10,iter3,0.7,0.9858353138306145,0.0,0.9816969684242419,0.0
Mixed,Bm1,iter1,0.7,0.433322129587502,2.4222672314109515e-92,0.7001662165415541,1.1768917508770469e-294
Mixed,Bm1,iter2,0.7,0.4415301302563463,3.3372100781927833e-96,0.7086740056685014,5.525072508845893e-305
Mixed,Bm1,iter3,0.7,0.4799780061001976,9.127268095266611e-116,0.7527253866813466,0.0
Mixed,Bm2,iter1,0.7,0.8137324916982573,0.0,0.854005592001398,0.0
Mixed,Bm2,iter2,0.7,0.8149596841796712,0.0,0.8592079338019836,0.0
Mixed,Bm2,iter3,0.7,0.8317119636147754,0.0,0.8670659992664997,0.0
Mixed,Bm3,iter1,0.7,0.8956281168057034,0.0,0.8887555606888902,0.0
Mixed,Bm3,iter2,0.7,0.9026112393746812,0.0,0.8992819528204881,0.0
Mixed,Bm3,iter3,0.7,0.8965513139161215,0.0,0.8927997626999407,0.0
Mixed,Bm4,iter1,0.7,0.9264125772209526,0.0,0.9113336128334031,0.0
Mixed,Bm4,iter2,0.7,0.9338414010834206,0.0,0.9242977485744371,0.0
Mixed,Bm4,iter3,0.7,0.9338559614722621,0.0,0.9203681960920489,0.0
Mixed,Bm5,iter1,0.7,0.9495422767483521,0.0,0.9397619019404756,0.0
Mixed,Bm5,iter2,0.7,0.9500948975498171,0.0,0.9399668379917094,0.0
Mixed,Bm5,iter3,0.7,0.9508577079263875,0.0,0.9419982134995534,0.0
Mixed,Bm6,iter1,0.7,0.9640751830456393,0.0,0.9552119988029997,0.0
Mixed,Bm6,iter2,0.7,0.9648913985378497,0.0,0.9560319170079792,0.0
Mixed,Bm6,iter3,0.7,0.9636180225564303,0.0,0.955676779919195,0.0
Mixed,Bm7,iter1,0.7,0.972813708552809,0.0,0.9638914104728526,0.0
Mixed,Bm7,iter2,0.7,0.9730946815845556,0.0,0.9642012550503136,0.0
Mixed,Bm7,iter3,0.7,0.9724237458227569,0.0,0.9642428440607109,0.0
Mixed,Bm8,iter1,0.7,0.977560795505729,0.0,0.9700018810004702,0.0
Mixed,Bm8,iter2,0.7,0.9787067962509672,0.0,0.9701537440384361,0.0
Mixed,Bm8,iter3,0.7,0.9784611699382343,0.0,0.9712126213031553,0.0
Mixed,Bm9,iter1,0.7,0.9825194925384886,0.0,0.9759319344829834,0.0
Mixed,Bm9,iter2,0.7,0.98246404485349,0.0,0.9765323771330943,0.0
Mixed,Bm9,iter3,0.7,0.9830611468845194,0.0,0.9775580023895006,0.0
Minimal,Bm05,iter1,0,-0.6073818688211847,5.715875894227799e-202,-0.5242000685500171,1.3721616847210204e-141
Minimal,Bm05,iter2,0,-0.6174703963348964,1.4808464484267101e-210,-0.5419371544842886,4.56947805918884e-153
Minimal,Bm05,iter3,0,-0.6055540548586538,1.90491700375288e-200,-0.5401597095399274,6.9365957310482425e-152
Minimal,Bm10,iter1,0,0.980983737174732,0.0,0.9672149643037411,0.0
Minimal,Bm10,iter2,0,0.9829691323558476,0.0,0.9673663173415792,0.0
Minimal,Bm10,iter3,0,0.9830478855602517,0.0,0.969177128294282,0.0
Minimal,Bm1,iter1,0,-0.006274164817343395,0.7791579627643902,-0.008193716048429013,0.7142074994669998
Minimal,Bm1,iter2,0,-0.006488044539239093,0.7718347315762543,-0.02686403171600793,0.22980487422707027
Minimal,Bm1,iter3,0,-0.018440735230656077,0.40979794733607205,-0.0171487827871957,0.443382551511564
Minimal,Bm2,iter1,0,0.5918096836153338,2.6308138590766046e-189,0.5213754703438676,7.998131607856303e-140
Minimal,Bm2,iter2,0,0.6297651858149267,1.878312804888552e-221,0.535680516420129,6.120803722305893e-149
Minimal,Bm2,iter3,0,0.6191307405851834,5.33628356151698e-212,0.5579636009909003,4.8064786634503876e-164
Minimal,Bm3,iter1,0,0.8036877466692665,0.0,0.7315252138813035,0.0
Minimal,Bm3,iter2,0,0.8167629112877901,0.0,0.7517970184492546,0.0
Minimal,Bm3,iter3,0,0.8034083090843296,0.0,0.7465442901360725,0.0
Minimal,Bm4,iter1,0,0.88553505316357,0.0,0.8375537663884416,0.0
Minimal,Bm4,iter2,0,0.8929724352041332,0.0,0.8378281854570464,0.0
Minimal,Bm4,iter3,0,0.8909191770772903,0.0,0.8451521037880259,0.0
Minimal,Bm5,iter1,0,0.9259399281449293,0.0,0.8847199341799834,0.0
Minimal,Bm5,iter2,0,0.9304292255767712,0.0,0.8908996837249209,0.0
Minimal,Bm5,iter3,0,0.9257998426751373,0.0,0.8904794706198677,0.0
Minimal,Bm6,iter1,0,0.9459220477623291,0.0,0.9141254615313653,0.0
Minimal,Bm6,iter2,0,0.952669983979193,0.0,0.9214702493675623,0.0
Minimal,Bm6,iter3,0,0.9512060070374668,0.0,0.9218685429671357,0.0
Minimal,Bm7,iter1,0,0.9599183013907482,0.0,0.9348134922033731,0.0
Minimal,Bm7,iter2,0,0.9643743054834634,0.0,0.9366556261639064,0.0
Minimal,Bm7,iter3,0,0.9664251101606371,0.0,0.9435236313809079,0.0
Minimal,Bm8,iter1,0,0.969537951709446,0.0,0.950904260226065,0.0
Minimal,Bm8,iter2,0,0.9725080587011868,0.0,0.9512733473183367,0.0
Minimal,Bm8,iter3,0,0.9724532663435368,0.0,0.95499391974848,0.0
Minimal,Bm9,iter1,0,0.9767883443942662,0.0,0.9603534390883597,0.0
Minimal,Bm9,iter2,0,0.9787298516271454,0.0,0.9604890346222585,0.0
Minimal,Bm9,iter3,0,0.977943373438955,0.0,0.9627275811818952,0.0
Minimal,Bm05,iter1,0.1,-0.5929373036414282,3.359753463155849e-190,-0.5145988526497132,1.1790765571004686e-135
Minimal,Bm05,iter2,0.1,-0.6095259128977661,9.080931073966593e-204,-0.5407497316874329,2.817122571558961e-152
Minimal,Bm05,iter3,0.1,-0.6085755546303709,5.717748423420015e-203,-0.5546672511668128,9.746075887285219e-162
Minimal,Bm10,iter1,0.1,0.981628656647508,0.0,0.9650626332656583,0.0
Minimal,Bm10,iter2,0.1,0.98169670428861,0.0,0.965692244923061,0.0
Minimal,Bm10,iter3,0.1,0.9824818506094783,0.0,0.9692062988015747,0.0
Minimal,Bm1,iter1,0.1,0.013393425855460106,0.5494232501773685,0.004135832533958134,0.8533504455945923
Minimal,Bm1,iter2,0.1,0.011324200387101732,0.6127631082788244,-0.01215924603981151,0.5868144020057339
Minimal,Bm1,iter3,0.1,-0.006763222860594394,0.7624425216022117,-0.002780580695145174,0.9010984535934792
Minimal,Bm2,iter1,0.1,0.6391610347548428,4.0623680499801457e-230,0.5716149349037337,7.0198263801932255e-174
Minimal,Bm2,iter2,0.1,0.5995409315287885,1.6608113167400201e-195,0.5375980688995172,3.397811385464303e-150
Minimal,Bm2,iter3,0.1,0.6480486989659074,1.345377052365017e-238,0.5934374248593561,1.3451284864712775e-190
Minimal,Bm3,iter1,0.1,0.8081807206304491,0.0,0.7415281133820283,0.0
Minimal,Bm3,iter2,0.1,0.8069344436090519,0.0,0.7345517091379272,0.0
Minimal,Bm3,iter3,0.1,0.8262082293642308,0.0,0.7674496948624238,0.0
Minimal,Bm4,iter1,0.1,0.8838140152526084,0.0,0.8278947179736795,0.0
Minimal,Bm4,iter2,0.1,0.88771819770409,0.0,0.8276702699175674,0.0
Minimal,Bm4,iter3,0.1,0.899148183252364,0.0,0.851493551873388,0.0
Minimal,Bm5,iter1,0.1,0.926548475171704,0.0,0.8879203124800781,0.0
Minimal,Bm5,iter2,0.1,0.9298817047807593,0.0,0.8871216852804213,0.0
Minimal,Bm5,iter3,0.1,0.9322165283655934,0.0,0.8928600327150081,0.0
Minimal,Bm6,iter1,0.1,0.9479232308502177,0.0,0.9151086652771663,0.0
Minimal,Bm6,iter2,0.1,0.9493137106560579,0.0,0.9135081273770318,0.0
Minimal,Bm6,iter3,0.1,0.9529597395017007,0.0,0.922278532069633,0.0
Minimal,Bm7,iter1,0.1,0.9623243315793983,0.0,0.9362033970508492,0.0
Minimal,Bm7,iter2,0.1,0.9631548824014207,0.0,0.9364743256185813,0.0
Minimal,Bm7,iter3,0.1,0.9666666164939146,0.0,0.94553780038445,0.0
Minimal,Bm8,iter1,0.1,0.9705149598338529,0.0,0.9478500614625153,0.0
Minimal,Bm8,iter2,0.1,0.9713028865508766,0.0,0.9467107781776944,0.0
Minimal,Bm8,iter3,0.1,0.9735250702886953,0.0,0.955213416303354,0.0
Minimal,Bm9,iter1,0.1,0.9781601355401184,0.0,0.9595166443791612,0.0
Minimal,Bm9,iter2,0.1,0.9773423501426387,0.0,0.9571236907809227,0.0
Minimal,Bm9,iter3,0.1,0.9780618212261863,0.0,0.9583730815932704,0.0
Minimal,Bm05,iter1,-0.1,-0.6126333560609518,2.1194754612521843e-206,-0.5427588261897066,1.292379247516726e-153
Minimal,Bm05,iter2,-0.1,-0.6310508054983968,1.2759029934755616e-222,-0.5494255163563792,4.02289358827629e-158
Minimal,Bm05,iter3,-0.1,-0.6295444439527409,2.976813611331819e-221,-0.5728591672147918,8.448191270186496e-175
Minimal,Bm10,iter1,-0.1,0.9837144644220794,0.0,0.967524372381093,0.0
Minimal,Bm10,iter2,-0.1,0.9836804579082499,0.0,0.9663853695963422,0.0
Minimal,Bm10,iter3,-0.1,0.9855097962062771,0.0,0.9703081000770251,0.0
Minimal,Bm1,iter1,-0.1,0.014554264594914634,0.5153602411751648,-0.012686907171726792,0.5706843934852934
Minimal,Bm1,iter2,-0.1,-0.0024824594103836466,0.9116562149239378,-0.015504375876093967,0.48831900663452354
Minimal,Bm1,iter3,-0.1,-0.07093947988987392,0.0015008117458058243,-0.03464036366009091,0.12146337450386543
Minimal,Bm2,iter1,-0.1,0.653506262825555,6.014223482408627e-244,0.5579905229976307,4.6012776201911715e-164
Minimal,Bm2,iter2,-0.1,0.6150096995855641,1.9662907697596836e-208,0.5448616077154019,5.021198841629705e-155
Minimal,Bm2,iter3,-0.1,0.6620992228297603,1.3399175896213124e-252,0.5944360501090125,2.152133434438928e-191
Minimal,Bm3,iter1,-0.1,0.8297639239615997,0.0,0.7570832747708187,0.0
Minimal,Bm3,iter2,-0.1,0.8160075984293916,0.0,0.7424609891152473,0.0
Minimal,Bm3,iter3,-0.1,0.8404704441898965,0.0,0.7741694145423537,0.0
Minimal,Bm4,iter1,-0.1,0.8958974703517724,0.0,0.839745364436341,0.0
Minimal,Bm4,iter2,-0.1,0.8971607723723722,0.0,0.8381042875260718,0.0
Minimal,Bm4,iter3,-0.1,0.9064582568014669,0.0,0.8524542481135619,0.0
Minimal,Bm5,iter1,-0.1,0.9356796864792869,0.0,0.8931333477833369,0.0
Minimal,Bm5,iter2,-0.1,0.9332192912418573,0.0,0.8895370773842693,0.0
Minimal,Bm5,iter3,-0.1,0.94052501603228,0.0,0.9006742186685547,0.0
Minimal,Bm6,iter1,-0.1,0.954557033870898,0.0,0.9155243333810832,0.0
Minimal,Bm6,iter2,-0.1,0.9574804013685334,0.0,0.9222726670681667,0.0
Minimal,Bm6,iter3,-0.1,0.9589709901486203,0.0,0.9262827755706938,0.0
Minimal,Bm7,iter1,-0.1,0.9668275857589722,0.0,0.9366401731600432,0.0
Minimal,Bm7,iter2,-0.1,0.9675298075301453,0.0,0.9405383111345776,0.0
Minimal,Bm7,iter3,-0.1,0.9694786895755603,0.0,0.9413483263370815,0.0
Minimal,Bm8,iter1,-0.1,0.9742943890724234,0.0,0.9522320980580246,0.0
Minimal,Bm8,iter2,-0.1,0.9740042198953016,0.0,0.9520278175069544,0.0
Minimal,Bm8,iter3,-0.1,0.9778486422326775,0.0,0.9538801484700371,0.0
Minimal,Bm9,iter1,-0.1,0.9798814748599318,0.0,0.9606753136688285,0.0
Minimal,Bm9,iter2,-0.1,0.979910117344255,0.0,0.9618983284745821,0.0
Minimal,Bm9,iter3,-0.1,0.982142586381731,0.0,0.9629498167374542,0.0
Minimal,Bm05,iter1,0.2,-0.5971031135780509,1.5613068950515022e-193,-0.5226719416679854,1.2435652061244583e-140
Minimal,Bm05,iter2,0.2,-0.6172976222829076,2.0902528174498506e-210,-0.5450082072520518,4.000292913657105e-155
Minimal,Bm05,iter3,0.2,-0.5927748234949859,4.521805070385839e-190,-0.543366327841582,5.0686881797244394e-154
Minimal,Bm10,iter1,0.2,0.9810315008513124,0.0,0.969019604254901,0.0
Minimal,Bm10,iter2,0.2,0.9805164988860493,0.0,0.9631122232780559,0.0
Minimal,Bm10,iter3,0.2,0.981459601134024,0.0,0.9662765775691444,0.0
Minimal,Bm1,iter1,0.2,0.014492471390834082,0.5171454651180277,0.009776039444009862,0.6621585694134178
Minimal,Bm1,iter2,0.2,0.029653037874091383,0.18497667134916754,0.008122817030704258,0.7165732824316293
Minimal,Bm1,iter3,0.2,0.0005348013464984286,0.9809307051335663,-0.001970791992697998,0.9298119146457686
Minimal,Bm2,iter1,0.2,0.6282793750385418,4.137497411723475e-220,0.5541373445343362,2.276595981047235e-161
Minimal,Bm2,iter2,0.2,0.598121319799809,2.3518933157387165e-194,0.5285972821493204,2.2666520121061352e-144
Minimal,Bm2,iter3,0.2,0.6363244841138731,1.80509304718105e-227,0.5830132397533099,1.873678730795443e-182
Minimal,Bm3,iter1,0.2,0.7940953251672784,0.0,0.7339526584881645,0.0
Minimal,Bm3,iter2,0.2,0.8002799273085244,0.0,0.7245829061457265,0.0
Minimal,Bm3,iter3,0.2,0.8207944435527276,0.0,0.7712649413162352,0.0
Minimal,Bm4,iter1,0.2,0.8818129797124571,0.0,0.8307661536915385,0.0
Minimal,Bm4,iter2,0.2,0.8855757676961271,0.0,0.8352664668166168,0.0
Minimal,Bm4,iter3,0.2,0.8898006847936475,0.0,0.8528104607026151,0.0
Minimal,Bm5,iter1,0.2,0.9251004197636703,0.0,0.8860908085227021,0.0
Minimal,Bm5,iter2,0.2,0.9238429942371489,0.0,0.8837315704328925,0.0
Minimal,Bm5,iter3,0.2,0.9294938465501748,0.0,0.8976654819163705,0.0
Minimal,Bm6,iter1,0.2,0.9469084949560551,0.0,0.9158934024733505,0.0
Minimal,Bm6,iter2,0.2,0.94791088350462,0.0,0.9153434963358741,0.0
Minimal,Bm6,iter3,0.2,0.9516651823385801,0.0,0.9204665841166461,0.0
Minimal,Bm7,iter1,0.2,0.9597159835730891,0.0,0.9313580328395082,0.0
Minimal,Bm7,iter2,0.2,0.9607749485582922,0.0,0.9337530954382739,0.0
Minimal,Bm7,iter3,0.2,0.9630197215692373,0.0,0.9403972045993011,0.0
Minimal,Bm8,iter1,0.2,0.9690943921013215,0.0,0.9483597600899399,0.0
Minimal,Bm8,iter2,0.2,0.9697656167356556,0.0,0.9463729285932321,0.0
Minimal,Bm8,iter3,0.2,0.9724183496066432,0.0,0.9516630444157609,0.0
Minimal,Bm9,iter1,0.2,0.9753342792672643,0.0,0.9579367179841795,0.0
Minimal,Bm9,iter2,0.2,0.9761512522501445,0.0,0.9574053233513308,0.0
Minimal,Bm9,iter3,0.2,0.9775976808359899,0.0,0.9630128362532091,0.0
Minimal,Bm05,iter1,-0.2,-0.6348196860674686,4.465351464730033e-226,-0.5645776171444042,9.417956440903159e-169
Minimal,Bm05,iter2,-0.2,-0.6449443370366088,1.327284661248761e-235,-0.5613803828450957,1.8324555513270786e-166
Minimal,Bm05,iter3,-0.2,-0.6602333470372381,1.071876644979617e-250,-0.5833792608448152,9.81134621774812e-183
Minimal,Bm10,iter1,-0.2,0.9846654227831005,0.0,0.9657535904383976,0.0
Minimal,Bm10,iter2,-0.2,0.9856383721261499,0.0,0.9699018579754645,0.0
Minimal,Bm10,iter3,-0.2,0.987435973347439,0.0,0.9739476859869214,0.0
Minimal,Bm1,iter1,-0.2,-0.01971709224218741,0.3781502866217953,-0.03294745423686356,0.14076892844192695
Minimal,Bm1,iter2,-0.2,0.006452919282871512,0.7730360447603862,0.001905955976488994,0.9321153239794018
Minimal,Bm1,iter3,-0.2,-0.08772528617913075,8.554257590396223e-05,-0.04549220937305234,0.04192592059484677
Minimal,Bm2,iter1,-0.2,0.6574731206096593,6.613572942988198e-248,0.5641603185400796,1.879948792821453e-168
Minimal,Bm2,iter2,-0.2,0.6402356917378306,3.9659300708675067e-231,0.5687212391803098,9.327799510662395e-172
Minimal,Bm2,iter3,-0.2,0.673548728509027,1.387483318149665e-264,0.6019218169804542,1.891252121018132e-197
Minimal,Bm3,iter1,-0.2,0.8323033958537613,0.0,0.7725499571374893,0.0
Minimal,Bm3,iter2,-0.2,0.8305967732369977,0.0,0.7603811425952857,0.0
Minimal,Bm3,iter3,-0.2,0.8457180689568594,0.0,0.7757412664353166,0.0
Minimal,Bm4,iter1,-0.2,0.9040938441881738,0.0,0.8456155424038856,0.0
Minimal,Bm4,iter2,-0.2,0.9047161939014557,0.0,0.8412691788172947,0.0
Minimal,Bm4,iter3,-0.2,0.9164977318143142,0.0,0.8597364229341057,0.0
Minimal,Bm5,iter1,-0.2,0.9375871647153182,0.0,0.8935179103794776,0.0
Minimal,Bm5,iter2,-0.2,0.94011784098922,0.0,0.8967138006784501,0.0
Minimal,Bm5,iter3,-0.2,0.9467197020062922,0.0,0.9046921331730333,0.0
Minimal,Bm6,iter1,-0.2,0.9593240211861507,0.0,0.9244248976062245,0.0
Minimal,Bm6,iter2,-0.2,0.9579087062270835,0.0,0.9206118651529662,0.0
Minimal,Bm6,iter3,-0.2,0.9632685234173557,0.0,0.9282210205552551,0.0
Minimal,Bm7,iter1,-0.2,0.9703218148507534,0.0,0.9428952662238165,0.0
Minimal,Bm7,iter2,-0.2,0.9694790784782505,0.0,0.9379457329864332,0.0
Minimal,Bm7,iter3,-0.2,0.972428559237055,0.0,0.9451618252904563,0.0
Minimal,Bm8,iter1,-0.2,0.9776877658198813,0.0,0.9544413361103339,0.0
Minimal,Bm8,iter2,-0.2,0.977380925275809,0.0,0.9563564000891001,0.0
Minimal,Bm8,iter3,-0.2,0.9788489140319352,0.0,0.9575921393980348,0.0
Minimal,Bm9,iter1,-0.2,0.981242397209725,0.0,0.9604075321018829,0.0
Minimal,Bm9,iter2,-0.2,0.981525464733385,0.0,0.9600840465210115,0.0
Minimal,Bm9,iter3,-0.2,0.9833559546547606,0.0,0.9670843052710764,0.0
Minimal,Bm05,iter1,0.3,-0.5827524061256855,2.969608324849377e-182,-0.5259195369798841,1.1334717405948889e-142
Minimal,Bm05,iter2,0.3,-0.6172682959610064,2.2161411820317272e-210,-0.5509775577443893,3.472523531441524e-159
Minimal,Bm05,iter3,0.3,-0.5921930111023439,1.3081296838533768e-189,-0.5444886986221746,8.947313941518007e-155
Minimal,Bm10,iter1,0.3,0.9803377429873726,0.0,0.9663158130789533,0.0
Minimal,Bm10,iter2,0.3,0.9815767059453273,0.0,0.96848376062094,0.0
Minimal,Bm10,iter3,0.3,0.981458370803978,0.0,0.9680323910080977,0.0
Minimal,Bm1,iter1,0.3,-0.006039716610939898,0.7872080012479207,0.00792078648019662,0.7233295629445415
Minimal,Bm1,iter2,0.3,0.0123008740678366,0.5824643153435276,-0.0006396466599116649,0.9771931928546886
Minimal,Bm1,iter3,0.3,0.01666056012094542,0.4564719829202809,0.013430854857713715,0.5483078835951114
Minimal,Bm2,iter1,0.3,0.613284870238787,5.897780656573521e-207,0.5396419424104856,1.5272928686817031e-151
Minimal,Bm2,iter2,0.3,0.5940967322734011,4.014353039236579e-191,0.5275220248805063,1.0951315176281245e-143
Minimal,Bm2,iter3,0.3,0.6344571284785937,9.647279276660723e-226,0.5643886125971531,1.288168725541855e-168
Minimal,Bm3,iter1,0.3,0.7974696537342854,0.0,0.7402881515720379,0.0
Minimal,Bm3,iter2,0.3,0.7972601696484413,0.0,0.7247452061863016,0.0
Minimal,Bm3,iter3,0.3,0.8171401157117828,0.0,0.7701392270348068,0.0
Minimal,Bm4,iter1,0.3,0.8843536335112326,0.0,0.8378856294714073,0.0
Minimal,Bm4,iter2,0.3,0.8812435056332752,0.0,0.8344695871173967,0.0
Minimal,Bm4,iter3,0.3,0.8924624225032396,0.0,0.8511280617820155,0.0
Minimal,Bm5,iter1,0.3,0.9266940479628389,0.0,0.8899926814981705,0.0
Minimal,Bm5,iter2,0.3,0.9235487680482269,0.0,0.8905992171498042,0.0
Minimal,Bm5,iter3,0.3,0.9295952284797617,0.0,0.8961286730321681,0.0
Minimal,Bm6,iter1,0.3,0.9466015873048912,0.0,0.9160780390195096,0.0
Minimal,Bm6,iter2,0.3,0.9481459046431236,0.0,0.9199318699829674,0.0
Minimal,Bm6,iter3,0.3,0.9509044280035692,0.0,0.9245720761430191,0.0
Minimal,Bm7,iter1,0.3,0.9592959242317379,0.0,0.9335844608961154,0.0
Minimal,Bm7,iter2,0.3,0.9606562847224572,0.0,0.9353331523332881,0.0
Minimal,Bm7,iter3,0.3,0.9626628179083199,0.0,0.9414505348626337,0.0
Minimal,Bm8,iter1,0.3,0.9694404804039901,0.0,0.9485659201414801,0.0
Minimal,Bm8,iter2,0.3,0.9701089413014207,0.0,0.950658687664672,0.0
Minimal,Bm8,iter3,0.3,0.9719921341326085,0.0,0.9555311598827899,0.0
Minimal,Bm9,iter1,0.3,0.9768983134200441,0.0,0.9605636581409144,0.0
Minimal,Bm9,iter2,0.3,0.9764250831680075,0.0,0.9619055014763754,0.0
Minimal,Bm9,iter3,0.3,0.9777869223904686,0.0,0.9633649418412354,0.0
Minimal,Bm05,iter1,-0.3,-0.6566912236148821,4.0317338045425145e-247,-0.5795782118945529,7.801371105845165e-180
Minimal,Bm05,iter2,-0.3,-0.663901939392479,1.8851661483085296e-254,-0.5739669774917443,1.2726266689543474e-175
Minimal,Bm05,iter3,-0.3,-0.6726145301864832,1.3815598044855052e-263,-0.5979395139848785,3.2992795638422105e-194
Minimal,Bm10,iter1,-0.3,0.9873764149977609,0.0,0.9717085709271427,0.0
Minimal,Bm10,iter2,-0.3,0.9879586286357447,0.0,0.9716309849077461,0.0
Minimal,Bm10,iter3,-0.3,0.9895230356114706,0.0,0.9766651106662776,0.0
Minimal,Bm1,iter1,-0.3,-0.054019522229662414,0.015688600067252385,-0.028076131019032755,0.20945510230554068
Minimal,Bm1,iter2,-0.3,0.0254759419165003,0.25479021235555926,-0.002447141111785278,0.9129080583664497
Minimal,Bm1,iter3,-0.3,-0.07540984768745942,0.0007378109485737641,-0.04243652410913103,0.05776364862798671
Minimal,Bm2,iter1,-0.3,0.67060801023612,1.8700768666589043e-261,0.5812699483174871,4.0363938060079745e-181
Minimal,Bm2,iter2,-0.3,0.6462607635908293,7.203732332599934e-237,0.5817018329254582,1.889874116891793e-181
Minimal,Bm2,iter3,-0.3,0.6965937940382986,1.991176643602512e-290,0.614761052190263,3.2146985061912837e-208
Minimal,Bm3,iter1,-0.3,0.8509112378726047,0.0,0.779935552483888,0.0
Minimal,Bm3,iter2,-0.3,0.840231385281847,0.0,0.7699658989914747,0.0
Minimal,Bm3,iter3,-0.3,0.8650752637704513,0.0,0.7944874956218738,0.0
Minimal,Bm4,iter1,-0.3,0.9131809528015818,0.0,0.8551050142762536,0.0
Minimal,Bm4,iter2,-0.3,0.9094206778115881,0.0,0.8592564453141113,0.0
Minimal,Bm4,iter3,-0.3,0.9263059386352304,0.0,0.8692973218243305,0.0
Minimal,Bm5,iter1,-0.3,0.9442916550581202,0.0,0.9044059436014859,0.0
Minimal,Bm5,iter2,-0.3,0.9459125404633089,0.0,0.90315852078963,0.0
Minimal,Bm5,iter3,-0.3,0.9530617026712763,0.0,0.9141289850322462,0.0
Minimal,Bm6,iter1,-0.3,0.9603145418080925,0.0,0.9262155020538756,0.0
Minimal,Bm6,iter2,-0.3,0.9644279567985464,0.0,0.9273071828267957,0.0
Minimal,Bm6,iter3,-0.3,0.9669992452125737,0.0,0.9331714012928504,0.0
Minimal,Bm7,iter1,-0.3,0.9720155323624403,0.0,0.9434366208591553,0.0
Minimal,Bm7,iter2,-0.3,0.9719699298101465,0.0,0.9431911067977767,0.0
Minimal,Bm7,iter3,-0.3,0.9773007595486831,0.0,0.9500643530160882,0.0
Minimal,Bm8,iter1,-0.3,0.9792921059625447,0.0,0.9561304415326103,0.0
Minimal,Bm8,iter2,-0.3,0.9800419415904207,0.0,0.9586781021695255,0.0
Minimal,Bm8,iter3,-0.3,0.9825790506900518,0.0,0.9635684078921019,0.0
Minimal,Bm9,iter1,-0.3,0.9835629564175333,0.0,0.9661653210413301,0.0
Minimal,Bm9,iter2,-0.3,0.9847451776395848,0.0,0.9651447537861884,0.0
Minimal,Bm9,iter3,-0.3,0.9860089020982494,0.0,0.970008784002196,0.0
Minimal,Bm05,iter1,0.4,-0.6007599861671125,1.687426237013534e-196,-0.5428767337191834,1.0778549136196624e-153
Minimal,Bm05,iter2,0.4,-0.6089680614505745,2.6762116116528903e-203,-0.5431383247845811,7.20370295441943e-154
Minimal,Bm05,iter3,0.4,-0.5986143488959251,9.382039068911226e-195,-0.5636661824165455,4.256528697928279e-168
Minimal,Bm10,iter1,0.4,0.9813903623270418,0.0,0.9699166389791596,0.0
Minimal,Bm10,iter2,0.4,0.9810971816886664,0.0,0.9678513259628315,0.0
Minimal,Bm10,iter3,0.4,0.981486550892675,0.0,0.9707511881877969,0.0
Minimal,Bm1,iter1,0.4,0.002635074896240065,0.9062493756270239,-0.0010517267629316905,0.962509036406705
Minimal,Bm1,iter2,0.4,0.03446513048988602,0.12336020412421347,0.008129507032376757,0.7163499315474762
Minimal,Bm1,iter3,0.4,0.016824333005612133,0.45205714666910246,0.005918225979556494,0.7913885310952893
Minimal,Bm2,iter1,0.4,0.6122350014740124,4.6265998017034196e-206,0.5598834904708725,2.1192286590895977e-165
Minimal,Bm2,iter2,0.4,0.6123693595499123,3.5560345799590423e-206,0.5472702798175699,1.1821254219612574e-156
Minimal,Bm2,iter3,0.4,0.6209982899474029,1.2400945441162402e-213,0.5720952950238237,3.102974327684023e-174
Minimal,Bm3,iter1,0.4,0.8094574399702575,0.0,0.7558376969594243,0.0
Minimal,Bm3,iter2,0.4,0.8019954344307012,0.0,0.7507133146783286,0.0
Minimal,Bm3,iter3,0.4,0.8209806960676527,0.0,0.7735948198987049,0.0
Minimal,Bm4,iter1,0.4,0.885555293657978,0.0,0.8373009593252398,0.0
Minimal,Bm4,iter2,0.4,0.8871832591057887,0.0,0.8436678099169523,0.0
Minimal,Bm4,iter3,0.4,0.8895323366202559,0.0,0.8530349852587463,0.0
Minimal,Bm5,iter1,0.4,0.9264478396227266,0.0,0.8906508336627085,0.0
Minimal,Bm5,iter2,0.4,0.9256418211996389,0.0,0.8913896813474205,0.0
Minimal,Bm5,iter3,0.4,0.931462293251887,0.0,0.9019586089896521,0.0
Minimal,Bm6,iter1,0.4,0.9458007089942243,0.0,0.9187324321831081,0.0
Minimal,Bm6,iter2,0.4,0.9475433413355494,0.0,0.9201795470448866,0.0
Minimal,Bm6,iter3,0.4,0.9513648422177731,0.0,0.9281694775423692,0.0
Minimal,Bm7,iter1,0.4,0.9624366244051703,0.0,0.9410576022644005,0.0
Minimal,Bm7,iter2,0.4,0.961301758745305,0.0,0.9383340755835189,0.0
Minimal,Bm7,iter3,0.4,0.9628976158033022,0.0,0.9436989019247255,0.0
Minimal,Bm8,iter1,0.4,0.970772898757991,0.0,0.9541655655413912,0.0
Minimal,Bm8,iter2,0.4,0.9698846505630847,0.0,0.950696516174129,0.0
Minimal,Bm8,iter3,0.4,0.9713754412288482,0.0,0.9556120429030106,0.0
Minimal,Bm9,iter1,0.4,0.9764526438527028,0.0,0.9609568202392049,0.0
Minimal,Bm9,iter2,0.4,0.9766263604088046,0.0,0.9614871678717919,0.0
Minimal,Bm9,iter3,0.4,0.9772370872342077,0.0,0.9637955769488943,0.0
Minimal,Bm05,iter1,-0.4,-0.6928889372722948,4.156170843885845e-286,-0.6128052647013161,1.512759071724108e-206
Minimal,Bm05,iter2,-0.4,-0.6941476005732687,1.4407105911808365e-287,-0.6179598344899586,5.5713555063274814e-211
Minimal,Bm05,iter3,-0.4,-0.7050193308889556,1.6769043067404134e-300,-0.6146615256653815,3.913287336945998e-208
Minimal,Bm10,iter1,-0.4,0.9889079946349795,0.0,0.9730871582717895,0.0
Minimal,Bm10,iter2,-0.4,0.9892878285913782,0.0,0.9737865379466345,0.0
Minimal,Bm10,iter3,-0.4,0.9903832958661822,0.0,0.9762906640726661,0.0
Minimal,Bm1,iter1,-0.4,-0.033665859498790154,0.13230650165103022,-0.012725413681353421,0.5695156025570065
Minimal,Bm1,iter2,-0.4,0.03308375249433418,0.13913222640377568,0.01359549939887485,0.5434148657571747
Minimal,Bm1,iter3,-0.4,-0.0719039701604463,0.001291785062384961,-0.05121328730332182,0.021998197637566056
Minimal,Bm2,iter1,-0.4,0.6915698335584815,1.383083588251151e-284,0.5926470821617705,5.710616906002295e-190
Minimal,Bm2,iter2,-0.4,0.6840901114421225,4.157628980181536e-276,0.6068052977013243,1.7318433254472776e-201
Minimal,Bm2,iter3,-0.4,0.6998145109045019,3.088978971394597e-294,0.6126787531696882,1.938924184631041e-206
Minimal,Bm3,iter1,-0.4,0.8639263842611463,0.0,0.7952164133041033,0.0
Minimal,Bm3,iter2,-0.4,0.8459942474030859,0.0,0.7710057502514375,0.0
Minimal,Bm3,iter3,-0.4,0.8792196820572207,0.0,0.8059304494826124,0.0
Minimal,Bm4,iter1,-0.4,0.9185690868940876,0.0,0.8663179550794886,0.0
Minimal,Bm4,iter2,-0.4,0.9211104501390661,0.0,0.8678978979744744,0.0
Minimal,Bm4,iter3,-0.4,0.9364058356708309,0.0,0.8816179439044859,0.0
Minimal,Bm5,iter1,-0.4,0.9497527015650371,0.0,0.9085700796425199,0.0
Minimal,Bm5,iter2,-0.4,0.9521828207938263,0.0,0.9094159583539896,0.0
Minimal,Bm5,iter3,-0.4,0.9588159312203757,0.0,0.9157132539283135,0.0
Minimal,Bm6,iter1,-0.4,0.9681155201950209,0.0,0.933192027798007,0.0
Minimal,Bm6,iter2,-0.4,0.9673248007584184,0.0,0.9336473304118326,0.0
Minimal,Bm6,iter3,-0.4,0.9725239519302821,0.0,0.9392639873159967,0.0
Minimal,Bm7,iter1,-0.4,0.9762943834161003,0.0,0.9460794730198682,0.0
Minimal,Bm7,iter2,-0.4,0.9772519654480868,0.0,0.9532115818028954,0.0
Minimal,Bm7,iter3,-0.4,0.9805874033641379,0.0,0.9557374459343614,0.0
Minimal,Bm8,iter1,-0.4,0.9821008159179805,0.0,0.9604474996118749,0.0
Minimal,Bm8,iter2,-0.4,0.9825977097132695,0.0,0.96293732023433,0.0
Minimal,Bm8,iter3,-0.4,0.9854070126574593,0.0,0.9666932296733073,0.0
Minimal,Bm9,iter1,-0.4,0.9864032216596142,0.0,0.9680897780224446,0.0
Minimal,Bm9,iter2,-0.4,0.9860985552168529,0.0,0.9676139929034983,0.0
Minimal,Bm9,iter3,-0.4,0.9876297541639041,0.0,0.9717016379254095,0.0
Minimal,Bm05,iter1,0.5,-0.5979617361949274,3.1656005627247386e-194,-0.5493867833466959,4.275803544130345e-158
Minimal,Bm05,iter2,0.5,-0.605051743933327,4.97312465483879e-200,-0.5593961703490425,4.689421177363784e-165
Minimal,Bm05,iter3,0.5,-0.590635197122948,2.2246962099081905e-188,-0.5618833119708281,8.02813561112713e-167
Minimal,Bm10,iter1,0.5,0.9808524197303867,0.0,0.9690850117712528,0.0
Minimal,Bm10,iter2,0.5,0.9813354468383678,0.0,0.9709149657287414,0.0
Minimal,Bm10,iter3,0.5,0.9818822365004118,0.0,0.971581883895471,0.0
Minimal,Bm1,iter1,0.5,-0.015814200610423962,0.4796692687642195,-0.014248295062073762,0.5242309672850114
Minimal,Bm1,iter2,0.5,0.02309469474795978,0.3019231137766403,0.012300331575082894,0.5824809492050171
Minimal,Bm1,iter3,0.5,0.0025953613981673255,0.9076559321213744,-0.0002969070742267685,0.9894125524520188
Minimal,Bm2,iter1,0.5,0.6128917257851402,1.276657917039021e-206,0.5619201369800342,7.556952515854461e-167
Minimal,Bm2,iter2,0.5,0.6114827180336689,2.0146477699206803e-205,0.5634757468689368,5.830078128897389e-168
Minimal,Bm2,iter3,0.5,0.6336691433707693,5.1282889410174883e-225,0.5786837286709322,3.708325734506991e-179
Minimal,Bm3,iter1,0.5,0.8015994385468104,0.0,0.7497427724356931,0.0
Minimal,Bm3,iter2,0.5,0.8062316101958397,0.0,0.7584659256164814,0.0
Minimal,Bm3,iter3,0.5,0.8195641966188592,0.0,0.7736695709173926,0.0
Minimal,Bm4,iter1,0.5,0.8846457884401981,0.0,0.8438643789660947,0.0
Minimal,Bm4,iter2,0.5,0.8894671599953818,0.0,0.8483063270765817,0.0
Minimal,Bm4,iter3,0.5,0.8946916650446046,0.0,0.8622299935574983,0.0
Minimal,Bm5,iter1,0.5,0.9279666262711638,0.0,0.8977255644313911,0.0
Minimal,Bm5,iter2,0.5,0.9271323237039841,0.0,0.8955987618996905,0.0
Minimal,Bm5,iter3,0.5,0.9304759749232733,0.0,0.9027049776762444,0.0
Minimal,Bm6,iter1,0.5,0.9479594617804501,0.0,0.9205319871329969,0.0
Minimal,Bm6,iter2,0.5,0.9482702948741222,0.0,0.9235874833968707,0.0
Minimal,Bm6,iter3,0.5,0.9518225496236146,0.0,0.9309161732290432,0.0
Minimal,Bm7,iter1,0.5,0.9632088446191698,0.0,0.9425973076493269,0.0
Minimal,Bm7,iter2,0.5,0.9626827407320337,0.0,0.9423683130920782,0.0
Minimal,Bm7,iter3,0.5,0.9624246230186526,0.0,0.9450651172662792,0.0
Minimal,Bm8,iter1,0.5,0.971939019364435,0.0,0.9551057732764433,0.0
Minimal,Bm8,iter2,0.5,0.9704800663699023,0.0,0.9516097134024282,0.0
Minimal,Bm8,iter3,0.5,0.971334282701284,0.0,0.9560352500088124,0.0
Minimal,Bm9,iter1,0.5,0.976898562299618,0.0,0.9630253162563289,0.0
Minimal,Bm9,iter2,0.5,0.9776540625590932,0.0,0.9631065787766447,0.0
Minimal,Bm9,iter3,0.5,0.9766943351447296,0.0,0.9636124524031132,0.0
Minimal,Bm05,iter1,0.6,-0.6103072508182579,1.991209373415567e-204,-0.565568251892063,1.818069191126027e-169
Minimal,Bm05,iter2,0.6,-0.6405960665520241,1.8138426335366292e-231,-0.6077223019305755,2.9673071766748895e-202
Minimal,Bm05,iter3,0.6,-0.6163766898506262,1.3076985808457128e-209,-0.5927025941756485,5.15983909482273e-190
Minimal,Bm10,iter1,0.6,0.9821987572012063,0.0,0.9716844929211232,0.0
Minimal,Bm10,iter2,0.6,0.9835811806632402,0.0,0.9753277943319485,0.0
Minimal,Bm10,iter3,0.6,0.9831976203760047,0.0,0.9755053628763407,0.0
Minimal,Bm1,iter1,0.6,0.002794960955797547,0.9005896129865548,0.011804785451196361,0.5977670042870757
Minimal,Bm1,iter2,0.6,0.013810019447698718,0.5370723699528095,0.007007898251974562,0.7541206276367188
Minimal,Bm1,iter3,0.6,-0.0002759137126439413,0.9901611180693738,-0.008674316168579043,0.6982439905797913
Minimal,Bm2,iter1,0.6,0.6355484978430912,9.462095912296197e-227,0.5929810752452688,3.101283506318828e-190
Minimal,Bm2,iter2,0.6,0.6287351070300646,1.6054471533216714e-220,0.58240140010035,5.515187605486175e-182
Minimal,Bm2,iter3,0.6,0.6436260079172179,2.420725873712596e-234,0.6046097966524492,1.1552747776032868e-199
Minimal,Bm3,iter1,0.6,0.8212782632557266,0.0,0.7772183693045922,0.0
Minimal,Bm3,iter2,0.6,0.8155416892744292,0.0,0.7745390056347514,0.0
Minimal,Bm3,iter3,0.6,0.8245774507296257,0.0,0.7856964599241151,0.0
Minimal,Bm4,iter1,0.6,0.8982922196066918,0.0,0.8649487472371867,0.0
Minimal,Bm4,iter2,0.6,0.8960560486673749,0.0,0.8642709480677371,0.0
Minimal,Bm4,iter3,0.6,0.9002636594305391,0.0,0.8727233346808336,0.0
Minimal,Bm5,iter1,0.6,0.9298083184396091,0.0,0.9024240141060035,0.0
Minimal,Bm5,iter2,0.6,0.9329088053818877,0.0,0.9037650339412584,0.0
Minimal,Bm5,iter3,0.6,0.9337233332878959,0.0,0.9133590093397523,0.0
Minimal,Bm6,iter1,0.6,0.9518640906488858,0.0,0.9270799117699781,0.0
Minimal,Bm6,iter2,0.6,0.9510817192118244,0.0,0.9299745089936271,0.0
Minimal,Bm6,iter3,0.6,0.9532447094670697,0.0,0.9360791190197797,0.0
Minimal,Bm7,iter1,0.6,0.9640911864419233,0.0,0.9482970420742605,0.0
Minimal,Bm7,iter2,0.6,0.964020547421921,0.0,0.947462651865663,0.0
Minimal,Bm7,iter3,0.6,0.9672597959108056,0.0,0.9548876237219057,0.0
Minimal,Bm8,iter1,0.6,0.9718546434984306,0.0,0.9564323886080971,0.0
Minimal,Bm8,iter2,0.6,0.9725056750441166,0.0,0.9591657042914259,0.0
Minimal,Bm8,iter3,0.6,0.9734385166814585,0.0,0.9603065370766342,0.0
Minimal,Bm9,iter1,0.6,0.97749664343264,0.0,0.9660512235128059,0.0
Minimal,Bm9,iter2,0.6,0.9793132686434465,0.0,0.9691634572908643,0.0
Minimal,Bm9,iter3,0.6,0.9793450035921276,0.0,0.9695567858891965,0.0
Minimal,Bm05,iter1,0.7,-0.6612802344953155,9.20614913071524e-252,-0.6245259391314847,9.483789174154841e-217
Minimal,Bm05,iter2,0.7,-0.6510607548328181,1.5489260998016635e-241,-0.6244901086225271,1.0205577788408985e-216
Minimal,Bm05,iter3,0.7,-0.672895918258878,6.920032718834908e-264,-0.630101512525378,9.305869438649259e-222
Minimal,Bm10,iter1,0.7,0.9844327084021444,0.0,0.9758225454556363,0.0
Minimal,Bm10,iter2,0.7,0.9852025237984066,0.0,0.9771728952932237,0.0
Minimal,Bm10,iter3,0.7,0.9851597202845508,0.0,0.9767890241972561,0.0
Minimal,Bm1,iter1,0.7,0.003891348096563386,0.861929719196946,0.010808231702057925,0.6290455098088743
Minimal,Bm1,iter2,0.7,0.014045781641449642,0.530144982088831,0.017977192494298123,0.4216703149559242
Minimal,Bm1,iter3,0.7,-0.014753289018642993,0.5096321739387631,-0.01802376900594225,0.4204683545943012
Minimal,Bm2,iter1,0.7,0.6592402494029399,1.090110526639554e-249,0.6280628785157196,6.4835242482425405e-220
Minimal,Bm2,iter2,0.7,0.6633447935627528,7.063559095358659e-254,0.6228076227019057,3.162340322480479e-215
Minimal,Bm2,iter3,0.7,0.6696492830383685,1.924785738684716e-260,0.6359788859947214,3.7773794782970377e-227
Minimal,Bm3,iter1,0.7,0.8330460488351654,0.0,0.7949592877398219,0.0
Minimal,Bm3,iter2,0.7,0.8399503738072174,0.0,0.8037770699442675,0.0
Minimal,Bm3,iter3,0.7,0.8408340796732362,0.0,0.8084596676149169,0.0
Minimal,Bm4,iter1,0.7,0.905321724085071,0.0,0.8795021363755342,0.0
Minimal,Bm4,iter2,0.7,0.9044488667494743,0.0,0.8711880542970134,0.0
Minimal,Bm4,iter3,0.7,0.909602232808749,0.0,0.8846944416736103,0.0
Minimal,Bm5,iter1,0.7,0.9395139201683427,0.0,0.9191083937770983,0.0
Minimal,Bm5,iter2,0.7,0.9399343583072657,0.0,0.9170800782700194,0.0
Minimal,Bm5,iter3,0.7,0.940833001698717,0.0,0.9205102506275626,0.0
Minimal,Bm6,iter1,0.7,0.957677104764089,0.0,0.9400703155175788,0.0
Minimal,Bm6,iter2,0.7,0.9590098985333253,0.0,0.9405024581256146,0.0
Minimal,Bm6,iter3,0.7,0.9591592731638244,0.0,0.9436135294033824,0.0
Minimal,Bm7,iter1,0.7,0.9685306283430484,0.0,0.9527149361787342,0.0
Minimal,Bm7,iter2,0.7,0.969490853728286,0.0,0.9584497226124306,0.0
Minimal,Bm7,iter3,0.7,0.96947241328635,0.0,0.9563974040993511,0.0
Minimal,Bm8,iter1,0.7,0.9762796704891501,0.0,0.9655997113999276,0.0
Minimal,Bm8,iter2,0.7,0.9764791773155915,0.0,0.9657762509440627,0.0
Minimal,Bm8,iter3,0.7,0.9760222814369199,0.0,0.9663153150788287,0.0
Minimal,Bm9,iter1,0.7,0.9808932948603664,0.0,0.970793456698364,0.0
Minimal,Bm9,iter2,0.7,0.9814431137011965,0.0,0.9724815631203907,0.0
Minimal,Bm9,iter3,0.7,0.9809510515262938,0.0,0.9722958225739556,0.0
