Systematic Name,Half-life [min],R2
YJL153C,6,0.99
YGL158W,7,0.95
YOL101C,7,0.96
YOL154W,7,0.98
YNR050C,7,1
YDL039C,8,0.95
YGL055W,8,0.97
YBR291C,9,0.93
YJR109C,9,0.94
YJL200C,9,0.95
YER150W,9,0.97
YDR234W,9,0.98
YNR075C-A,9,0.98
YJR073C,9,1
YIR034C,10,0.84
YBR169C,10,0.87
YOR338W,10,0.87
YER103W,10,0.89
YML130C,10,0.9
YFR023W,10,0.9
YBR115C,10,0.92
YLR307W,10,0.92
YDL037C,10,0.93
YDL182W,10,0.94
YJL034W,10,0.95
YGL256W,10,0.97
YHR055C,10,0.97
YLL039C,10,0.98
YPR015C,10,0.98
YGR032W,10,0.98
YKL073W,10,0.99
YLR413W,10,0.99
YMR173W,10,0.99
YMR246W,10,1
YBR050C,10,1
YNL202W,10,1
YJL116C,10,1
YNL036W,11,0.81
YHR018C,11,0.87
YMR040W,11,0.88
YCR098C,11,0.9
YDR497C,11,0.9
YBR054W,11,0.91
YBR006W,11,0.91
YOR374W,11,0.92
YOL031C,11,0.93
YPR160W,11,0.93
YBR299W,11,0.93
YNL274C,11,0.93
YDR502C,11,0.94
YPL137C,11,0.94
YDR018C,11,0.94
YCL030C,11,0.95
YOR347C,11,0.95
YHR138C,11,0.96
YKL165C,11,0.96
YMR271C,11,0.96
YIL094C,11,0.96
YOL058W,11,0.97
YGL062W,11,0.97
YBR067C,11,0.97
YPL088W,11,0.97
YBR085C-A,11,0.97
YDR492W,11,0.98
YNL234W,11,0.98
YJR097W,11,0.98
YNL332W,11,0.98
YDL124W,11,0.98
YHR043C,11,0.98
YIL116W,11,0.98
YFL014W,11,0.99
YBR301W,11,0.99
YPL019C,11,0.99
YPL231W,11,0.99
YGR052W,11,0.99
YNL112W,11,0.99
YGR286C,11,0.99
YOL002C,11,0.99
YNL220W,11,0.99
YBL004W,11,0.99
YPR112C,11,0.99
YNL015W,11,0.99
YIR033W,11,1
YKL182W,11,1
YDL126C,11,1
YKL210W,11,1
YDR533C,11,1
YPL200W,12,0.81
YLL052C,12,0.84
YLL053C,12,0.87
YDR374C,12,0.89
YMR250W,12,0.9
YFR053C,12,0.9
YER026C,12,0.91
YDL214C,12,0.91
YER053C,12,0.91
YHR137W,12,0.91
YDR216W,12,0.91
YGL156W,12,0.93
YDL131W,12,0.93
YCL026C-B,12,0.93
YIL176C,12,0.93
YBR072W,12,0.93
YDR342C,12,0.94
YBR114W,12,0.94
YDR001C,12,0.94
YDL130W-A,12,0.94
YOR289W,12,0.94
YPR193C,12,0.94
YER062C,12,0.95
YOL059W,12,0.95
YHL012W,12,0.95
YER024W,12,0.95
YJR133W,12,0.96
YGR255C,12,0.96
YPL119C,12,0.96
YML118W,12,0.97
YER169W,12,0.97
YPR096C,12,0.97
YKL015W,12,0.97
YNR065C,12,0.97
YMR120C,12,0.97
YGR157W,12,0.97
YOR120W,12,0.97
YPL061W,12,0.97
YAL008W,12,0.98
YOR222W,12,0.98
YDL021W,12,0.98
YKL218C,12,0.98
YFL031W,12,0.98
YLR241W,12,0.98
YMR062C,12,0.98
YLR237W,12,0.98
YBR296C,12,0.98
YLR014C,12,0.98
YIL072W,12,0.98
YBR034C,12,0.98
YHR071W,12,0.98
YBL054W,12,0.98
YGL157W,12,0.98
YNR016C,12,0.98
YMR229C,12,0.98
YGL260W,12,0.98
YNL208W,12,0.99
YJL109C,12,0.99
YHR049W,12,0.99
YGR053C,12,0.99
YOR011W,12,0.99
YKL014C,12,0.99
YGL121C,12,0.99
YMR008C,12,0.99
YOL165C,12,0.99
YOL124C,12,0.99
YFL055W,12,0.99
YKL078W,12,0.99
YOR116C,12,0.99
YPL126W,12,0.99
YGL120C,12,0.99
YGR244C,12,0.99
YNL256W,12,0.99
YOR336W,12,0.99
YDL148C,12,0.99
YHR197W,12,0.99
YPL012W,12,0.99
YPL093W,12,0.99
YFL007W,12,0.99
YER055C,12,0.99
YDR129C,12,0.99
YJL033W,12,0.99
YJR025C,12,0.99
YLR276C,12,0.99
YPL119C-A,12,0.99
YCL043C,12,1
YMR266W,12,1
YCL054W,12,1
YLR409C,12,1
YDR324C,12,1
YDL085W,12,1
YDR035W,12,1
YOL140W,12,1
YNL182C,12,1
YDR346C,12,1
YLR015W,12,1
YOR185C,12,1
YML131W,12,1
YDR060W,12,1
YGL026C,12,1
YDR519W,12,1
YGL117W,13,0.83
YDR218C,13,0.87
YGL255W,13,0.87
YGR008C,13,0.88
YMR011W,13,0.88
YCL042W,13,0.89
YPL087W,13,0.89
YGL037C,13,0.89
YGR097W,13,0.9
YOR302W,13,0.9
YIL172C,13,0.91
YBL100W-C,13,0.91
YHR053C,13,0.92
YGL033W,13,0.92
YNL201C,13,0.93
YOR288C,13,0.93
YEL060C,13,0.94
YDR380W,13,0.94
YGR030C,13,0.94
YGR028W,13,0.94
YKL055C,13,0.94
YBR238C,13,0.95
YGR281W,13,0.95
YPL130W,13,0.95
YGL168W,13,0.95
YDR343C,13,0.96
YBR201C-A,13,0.96
YBR053C,13,0.96
YJR103W,13,0.96
YJL114W,13,0.96
YPR047W,13,0.96
YDR275W,13,0.96
YGL077C,13,0.96
YGR019W,13,0.96
YNL044W,13,0.96
YNL134C,13,0.96
YNL204C,13,0.96
YML123C,13,0.97
YJL035C,13,0.97
YOR303W,13,0.97
YDR076W,13,0.97
YAL068C,13,0.97
YDR194C,13,0.97
YCR024C-B,13,0.97
YMR196W,13,0.97
YHR050W-A,13,0.97
YDR518W,13,0.97
YDR011W,13,0.97
YKR076W,13,0.97
YMR315W,13,0.97
YOL081W,13,0.98
YOR068C,13,0.98
YPL054W,13,0.98
YBR297W,13,0.98
YBL022C,13,0.98
YOL064C,13,0.98
YLR223C,13,0.98
YLR174W,13,0.98
YLL011W,13,0.98
YIL104C,13,0.98
YKL104C,13,0.98
YKL173W,13,0.98
YDL063C,13,0.98
YHR044C,13,0.98
YDL238C,13,0.98
YHL030W,13,0.98
YIL165C,13,0.98
YNL124W,13,0.98
YPL216W,13,0.98
YBL017C,13,0.98
YJL087C,13,0.98
YKL205W,13,0.98
YJR041C,13,0.98
YKR024C,13,0.98
YER172C,13,0.99
YLR452C,13,0.99
YIL075C,13,0.99
YCR072C,13,0.99
YNL123W,13,0.99
YNL141W,13,0.99
YCR057C,13,0.99
YOR119C,13,0.99
YPR010C,13,0.99
YDR021W,13,0.99
YIL030C,13,0.99
YMR259C,13,0.99
YOR109W,13,0.99
YJL098W,13,0.99
YER006W,13,0.99
YGR103W,13,0.99
YFL023W,13,0.99
YKR061W,13,0.99
YLR336C,13,0.99
YGL173C,13,0.99
YBR247C,13,0.99
YLR267W,13,0.99
YIL096C,13,0.99
YOR206W,13,0.99
YMR006C,13,0.99
YOL083W,13,0.99
YPL226W,13,0.99
YML004C,13,0.99
YHR202W,13,0.99
YJL198W,13,0.99
YHR196W,13,0.99
YBR218C,13,0.99
YPL217C,13,0.99
YDR379C-A,13,0.99
YHR122W,13,0.99
YLR129W,13,0.99
YKR079C,13,0.99
YML080W,13,0.99
YMR239C,13,0.99
YOL080C,13,0.99
YMR128W,13,0.99
YGR090W,13,0.99
YHL039W,13,0.99
YMR090W,13,0.99
YLR002C,13,0.99
YDR496C,13,0.99
YHR052W,13,0.99
YHR106W,13,1
YKL157W,13,1
YGL169W,13,1
YHR170W,13,1
YLR384C,13,1
YGR159C,13,1
YOR254C,13,1
YML110C,13,1
YBL039C,13,1
YEL031W,13,1
YDR101C,13,1
YGR245C,13,1
YOR243C,13,1
YBL047C,13,1
YBR142W,13,1
YLL034C,13,1
YML093W,13,1
YGR124W,13,1
YKL033W-A,13,1
YPL043W,13,1
YDL031W,13,1
YJL010C,13,1
YLL008W,13,1
YMR297W,13,1
YDL153C,13,1
YBL055C,13,1
YGR284C,13,1
YNR012W,13,1
YOR002W,13,1
YJL050W,13,1
YNL061W,13,1
YOR007C,13,1
YBL049W,13,1
YOR048C,13,1
YGL202W,13,1
YGR200C,13,1
YNL132W,13,1
YBR149W,13,1
YOR004W,13,1
YDR087C,13,1
YNL239W,13,1
YLR196W,13,1
YMR300C,13,1
YKL043W,14,0.84
YHL022C,14,0.86
YPR116W,14,0.86
YDR259C,14,0.87
YNL065W,14,0.88
YEL073C,14,0.88
YPL201C,14,0.89
YER142C,14,0.9
YGL179C,14,0.9
YGL089C,14,0.91
YGR066C,14,0.91
YOL156W,14,0.91
YLR069C,14,0.91
YCL040W,14,0.91
YAL064W,14,0.92
YDR345C,14,0.92
YJL088W,14,0.93
YGL006W,14,0.93
YJR111C,14,0.93
YOR360C,14,0.93
YOL104C,14,0.93
YGR258C,14,0.93
YNR066C,14,0.94
YPL018W,14,0.94
YPL280W,14,0.94
YPR117W,14,0.94
YJR130C,14,0.94
YGL126W,14,0.94
YJL219W,14,0.94
YBR201W,14,0.95
YOR173W,14,0.95
YML035C,14,0.95
YOR376W-A,14,0.95
YPR145C-A,14,0.95
YHR213W-A,14,0.95
YDR075W,14,0.95
YJL071W,14,0.95
YDR006C,14,0.95
YDR522C,14,0.95
YIL157C,14,0.95
YBR056W,14,0.95
YCL001W-A,14,0.95
YBR024W,14,0.95
YHR024C,14,0.95
YKR099W,14,0.96
YNR044W,14,0.96
YKR098C,14,0.96
YGR233C,14,0.96
YML005W,14,0.96
YML043C,14,0.96
YJR096W,14,0.96
YDR268W,14,0.96
YML128C,14,0.96
YDL098C,14,0.96
YMR304W,14,0.96
YOR389W,14,0.96
YBR104W,14,0.96
YLL048C,14,0.96
YHR092C,14,0.96
YDR184C,14,0.96
YER054C,14,0.96
YHR136C,14,0.96
YKL074C,14,0.97
YER039C-A,14,0.97
YBL014C,14,0.97
YMR181C,14,0.97
YGL150C,14,0.97
YBL067C,14,0.97
YDR335W,14,0.97
YML088W,14,0.97
YPL094C,14,0.97
YDR449C,14,0.97
YNR075W,14,0.97
YOL147C,14,0.97
YLR024C,14,0.97
YDR281C,14,0.97
YMR100W,14,0.97
YOR341W,14,0.97
YGR036C,14,0.97
YAL029C,14,0.97
YGR093W,14,0.97
YER069W,14,0.97
YDL210W,14,0.97
YMR170C,14,0.97
YGL119W,14,0.97
YBL064C,14,0.97
YGR165W,14,0.97
YGR132C,14,0.97
YDR273W,14,0.97
YGL195W,14,0.97
YGR211W,14,0.97
YGR145W,14,0.97
YOR321W,14,0.97
YDL147W,14,0.97
YCR054C,14,0.97
YDR481C,14,0.97
YGR168C,14,0.97
YPL006W,14,0.97
YOR213C,14,0.97
YBR141C,14,0.97
YPL277C,14,0.97
YJR119C,14,0.97
YKR056W,14,0.97
YDR334W,14,0.97
YBR155W,14,0.97
YPL193W,14,0.97
YPR048W,14,0.98
YPL179W,14,0.98
YBR287W,14,0.98
YOR339C,14,0.98
YBL093C,14,0.98
YLR419W,14,0.98
YMR096W,14,0.98
YLR216C,14,0.98
YIL067C,14,0.98
YIR002C,14,0.98
YDR127W,14,0.98
YKL209C,14,0.98
YHR112C,14,0.98
YGR128C,14,0.98
YHR027C,14,0.98
YBR256C,14,0.98
YIR038C,14,0.98
YDR402C,14,0.98
YKL220C,14,0.98
YIL091C,14,0.98
YOL067C,14,0.98
YOL141W,14,0.98
YGR123C,14,0.98
YOR298W,14,0.98
YBR140C,14,0.98
YJL058C,14,0.98
YGR271C-A,14,0.98
YMR031C,14,0.98
YDL178W,14,0.98
YCR035C,14,0.98
YJR105W,14,0.98
YER038C,14,0.98
YNL287W,14,0.98
YMR020W,14,0.98
YDR465C,14,0.98
YOR077W,14,0.98
YKL033W,14,0.98
YDR232W,14,0.98
YIR037W,14,0.98
YOR117W,14,0.98
YER007W,14,0.98
YDR363W,14,0.98
YPL146C,14,0.98
YMR247C,14,0.98
YCR009C,14,0.98
YLR173W,14,0.99
YNR019W,14,0.99
YOR014W,14,0.99
YPR097W,14,0.99
YDL160C,14,0.99
YDR135C,14,0.99
YGL137W,14,0.99
YLR410W,14,0.99
YDR398W,14,0.99
YAL026C,14,0.99
YJL012C,14,0.99
YGR071C,14,0.99
YMR012W,14,0.99
YDL073W,14,0.99
YDR020C,14,0.99
YHR033W,14,0.99
YOR154W,14,0.99
YDR238C,14,0.99
YOR207C,14,0.99
YHR099W,14,0.99
YML070W,14,0.99
YLR347C,14,0.99
YHR201C,14,0.99
YHR020W,14,0.99
YGL234W,14,0.99
YGL238W,14,0.99
YNL119W,14,0.99
YNL240C,14,0.99
YMR041C,14,0.99
YER105C,14,0.99
YML103C,14,0.99
YJL039C,14,0.99
YOR394W,14,0.99
YGR218W,14,0.99
YGR261C,14,0.99
YGL014W,14,0.99
YMR234W,14,0.99
YMR185W,14,0.99
YNL186W,14,0.99
YMR093W,14,0.99
YPL030W,14,0.99
YOR101W,14,0.99
YPL183C,14,0.99
YOL041C,14,0.99
YGR116W,14,0.99
YNL245C,14,0.99
YOL130W,14,0.99
YHR066W,14,0.99
YOR020W-A,14,0.99
YDR364C,14,0.99
YNL062C,14,0.99
YLR070C,14,0.99
YGL092W,14,0.99
YCR032W,14,0.99
YML046W,14,0.99
YMR089C,14,0.99
YDR083W,14,0.99
YBR271W,14,0.99
YDL167C,14,0.99
YDR391C,14,0.99
YHR179W,14,0.99
YER133W,14,0.99
YPR190C,14,0.99
YIR026C,14,0.99
YBR093C,14,0.99
YLR063W,14,0.99
YPL212C,14,0.99
YER082C,14,0.99
YLL035W,14,0.99
YOL098C,14,0.99
YGL246C,14,0.99
YDL244W,14,0.99
YPR144C,14,0.99
YLR028C,14,0.99
YOL021C,14,0.99
YDL112W,14,0.99
YCL027W,14,0.99
YGR217W,14,0.99
YHR029C,14,0.99
YIL109C,14,0.99
YPL229W,14,0.99
YNL207W,14,0.99
YDL145C,14,0.99
YKR082W,14,0.99
YDR427W,14,0.99
YJR055W,14,0.99
YBL023C,14,0.99
YKL021C,14,0.99
YJL090C,14,0.99
YFL044C,14,0.99
YBR058C,14,0.99
YHR070W,14,0.99
YDR038C,14,0.99
YMR129W,14,0.99
YFL004W,14,0.99
YPL010W,14,0.99
YLR354C,14,0.99
YKL174C,14,0.99
YPL154C,14,0.99
YCL049C,14,0.99
YMR206W,14,0.99
YBR008C,14,0.99
YDR155C,14,0.99
YIL003W,14,0.99
YAL059W,14,0.99
YCL036W,14,0.99
YPR021C,14,0.99
YER126C,14,0.99
YMR290C,14,0.99
YDR257C,14,0.99
YNL163C,14,0.99
YIL033C,14,0.99
YNR058W,14,0.99
YGL206C,14,0.99
YAR014C,14,0.99
YBL024W,14,0.99
YNR063W,14,0.99
YIL145C,14,0.99
YAL023C,14,0.99
YLR359W,14,0.99
YHR165C,14,0.99
YBR137W,14,0.99
YOR204W,14,0.99
YAL035W,14,1
YHR084W,14,1
YKL145W,14,1
YDL015C,14,1
YMR080C,14,1
YMR308C,14,1
YOR098C,14,1
YOL144W,14,1
YLR195C,14,1
YBR084W,14,1
YOR175C,14,1
YIL088C,14,1
YDR039C,14,1
YNL023C,14,1
YDL137W,14,1
YMR131C,14,1
YCL017C,14,1
YIL014W,14,1
YCL038C,14,1
YLR397C,14,1
YJR132W,14,1
YKR018C,14,1
YOR239W,14,1
YDR361C,14,1
YMR049C,14,1
YLR146C,14,1
YOR099W,14,1
YML099C,14,1
YGL215W,14,1
YKL125W,14,1
YDR179W-A,14,1
YML048W,14,1
YJL167W,14,1
YOR272W,14,1
YPL134C,14,1
YIL111W,14,1
YGR003W,14,1
YLR096W,14,1
YPL101W,14,1
YDR212W,14,1
YOR056C,14,1
YDL100C,14,1
YNL075W,14,1
YDR368W,14,1
YDR365C,14,1
YJR064W,14,1
YGR037C,14,1
YDR091C,14,1
YIR012W,14,1
YJR002W,14,1
YDL060W,14,1
YGL078C,14,1
YNL002C,14,1
YOR071C,14,1
YKL009W,14,1
YKL143W,14,1
YNL087W,14,1
YDL024C,15,0.81
YLR054C,15,0.82
YLR031W,15,0.83
YJL043W,15,0.84
YGL230C,15,0.85
YPL166W,15,0.85
YAR029W,15,0.85
YNL130C-A,15,0.86
YDL049C,15,0.86
YOL016C,15,0.86
YBR203W,15,0.86
YJL082W,15,0.87
YPR200C,15,0.88
YER037W,15,0.89
YDL183C,15,0.89
YGR250C,15,0.89
YNL169C,15,0.89
YLR411W,15,0.9
YNL200C,15,0.9
YDR540C,15,0.91
YDR516C,15,0.91
YBR043C,15,0.91
YGL240W,15,0.91
YMR001C-A,15,0.91
YBR285W,15,0.91
YML003W,15,0.92
YJR008W,15,0.92
YOR237W,15,0.92
YLR258W,15,0.92
YOR344C,15,0.92
YMR174C,15,0.92
YLR423C,15,0.93
YNL187W,15,0.93
YDR354W,15,0.93
YPL264C,15,0.93
YGL249W,15,0.93
YMR184W,15,0.93
YKL138C,15,0.93
YPL110C,15,0.94
YGL196W,15,0.94
YLR356W,15,0.94
YLR352W,15,0.94
YMR016C,15,0.94
YBR029C,15,0.94
YLR032W,15,0.94
YER014C-A,15,0.94
YDR430C,15,0.94
YLR023C,15,0.94
YER175C,15,0.94
YKL201C,15,0.94
YNL137C,15,0.94
YLL040C,15,0.94
YLR047C,15,0.94
YHR054C,15,0.94
YNL130C,15,0.94
YOL045W,15,0.95
YJL091C,15,0.95
YGR198W,15,0.95
YNL125C,15,0.95
YLR329W,15,0.95
YDR237W,15,0.95
YLR299W,15,0.95
YOL163W,15,0.95
YNR026C,15,0.95
YLR087C,15,0.95
YOL107W,15,0.95
YLR226W,15,0.95
YNL128W,15,0.95
YER014W,15,0.95
YBL101C,15,0.95
YNL270C,15,0.95
YJL171C,15,0.95
YNL268W,15,0.95
YGL167C,15,0.95
YJR131W,15,0.95
YGL064C,15,0.96
YOR337W,15,0.96
YLL054C,15,0.96
YAL017W,15,0.96
YOL132W,15,0.96
YGR108W,15,0.96
YDR180W,15,0.96
YOL087C,15,0.96
YGL178W,15,0.96
YKL142W,15,0.96
YLR259C,15,0.96
YDR265W,15,0.96
YPR137W,15,0.96
YJR045C,15,0.96
YNL049C,15,0.96
YGL131C,15,0.96
YLR318W,15,0.96
YMR265C,15,0.96
YMR191W,15,0.96
YJL154C,15,0.96
YJR079W,15,0.96
YLL015W,15,0.96
YBR248C,15,0.96
YPR070W,15,0.96
YIL108W,15,0.96
YOR242C,15,0.96
YKL211C,15,0.96
YOR187W,15,0.96
YDR141C,15,0.96
YEL050C,15,0.96
YFL036W,15,0.96
YLR106C,15,0.96
YOR176W,15,0.96
YDR384C,15,0.96
YJL026W,15,0.96
YJL089W,15,0.96
YBR045C,15,0.96
YER110C,15,0.96
YIL173W,15,0.97
YOR287C,15,0.97
YMR186W,15,0.97
YBR267W,15,0.97
YGR202C,15,0.97
YOL086W-A,15,0.97
YKL057C,15,0.97
YDR457W,15,0.97
YPL118W,15,0.97
YBR002C,15,0.97
YGL224C,15,0.97
YOL027C,15,0.97
YOL010W,15,0.97
YHL042W,15,0.97
YJL222W,15,0.97
YGR061C,15,0.97
YPL195W,15,0.97
YMR109W,15,0.97
YGR271W,15,0.97
YDR434W,15,0.97
YCR093W,15,0.97
YPR001W,15,0.97
YLR371W,15,0.97
YML007W,15,0.97
YEL055C,15,0.97
YNL026W,15,0.97
YGL141W,15,0.97
YDR065W,15,0.97
YKL027W,15,0.97
YPL202C,15,0.97
YNL212W,15,0.97
YER080W,15,0.97
YDR376W,15,0.97
YDR217C,15,0.97
YOL091W,15,0.97
YKL106W,15,0.97
YDR301W,15,0.97
YOR236W,15,0.97
YCL055W,15,0.97
YMR288W,15,0.97
YJL104W,15,0.97
YJL197W,15,0.97
YHR155W,15,0.97
YGR187C,15,0.97
YOL119C,15,0.97
YCR017C,15,0.97
YER155C,15,0.97
YOL057W,15,0.97
YFR021W,15,0.97
YGR057C,15,0.97
YLR342W,15,0.97
YML037C,15,0.97
YPR019W,15,0.98
YER132C,15,0.98
YKL077W,15,0.98
YGL171W,15,0.98
YJL023C,15,0.98
YDL132W,15,0.98
YDR168W,15,0.98
YOR209C,15,0.98
YNR030W,15,0.98
YLR084C,15,0.98
YOR193W,15,0.98
YLR107W,15,0.98
YNL155W,15,0.98
YCR063W,15,0.98
YGR150C,15,0.98
YLR222C,15,0.98
YNR008W,15,0.98
YPR024W,15,0.98
YDL205C,15,0.98
YER060W,15,0.98
YOR274W,15,0.98
YDL185W,15,0.98
YPL106C,15,0.98
YOL042W,15,0.98
YFL059W,15,0.98
YJR040W,15,0.98
YOR387C,15,0.98
YLR398C,15,0.98
YJL006C,15,0.98
YMR268C,15,0.98
YPR072W,15,0.98
YGR191W,15,0.98
YDR198C,15,0.98
YIL143C,15,0.98
YNR064C,15,0.98
YLR430W,15,0.98
YLR292C,15,0.98
YML092C,15,0.98
YDR249C,15,0.98
YOR335C,15,0.98
YNL001W,15,0.98
YHR017W,15,0.98
YKL151C,15,0.98
YJL084C,15,0.98
YCR037C,15,0.98
YHL024W,15,0.98
YML042W,15,0.98
YGR274C,15,0.98
YHR098C,15,0.98
YHR186C,15,0.98
YMR223W,15,0.98
YLR250W,15,0.98
YOR153W,15,0.98
YCR024C-A,15,0.98
YIL073C,15,0.98
YDR395W,15,0.98
YGR280C,15,0.98
YLR067C,15,0.98
YOL033W,15,0.98
YHL027W,15,0.98
YMR214W,15,0.98
YOR198C,15,0.98
YIL149C,15,0.98
YPR108W,15,0.98
YNL172W,15,0.98
YML108W,15,0.98
YIL129C,15,0.98
YER096W,15,0.98
YMR283C,15,0.98
YKL068W,15,0.98
YHR215W,15,0.98
YJR126C,15,0.98
YPR189W,15,0.98
YPR140W,15,0.98
YOR151C,15,0.98
YLR240W,15,0.98
YKL095W,15,0.98
YER180C,15,0.98
YPL268W,15,0.98
YGR231C,15,0.98
YOL078W,15,0.98
YGR035W-A,15,0.98
YER171W,15,0.98
YHR028C,15,0.98
YMR014W,15,0.98
YOR291W,15,0.98
YPR049C,15,0.98
YBL079W,15,0.98
YPL125W,15,0.98
YGR079W,15,0.98
YNL313C,15,0.98
YDL040C,15,0.98
YDL140C,15,0.98
YKL005C,15,0.98
YNR033W,15,0.98
YDR299W,15,0.98
YOL145C,15,0.98
YDR303C,15,0.98
YJL139C,15,0.98
YMR309C,15,0.98
YER036C,15,0.98
YLL018C-A,15,0.98
YKL010C,15,0.98
YPL257W,15,0.98
YIL083C,15,0.98
YNL250W,15,0.98
YMR095C,15,0.98
YLR274W,15,0.98
YLR138W,15,0.98
YHR073W,15,0.98
YMR238W,15,0.98
YDL122W,15,0.98
YLL019C,15,0.98
YJL207C,15,0.98
YOR165W,15,0.98
YGR095C,15,0.98
YBR102C,15,0.98
YNL221C,15,0.98
YBL008W,15,0.98
YGL099W,15,0.98
YKL080W,15,0.99
YGR054W,15,0.99
YLR003C,15,0.99
YPR159W,15,0.99
YDR325W,15,0.99
YMR092C,15,0.99
YJR151C,15,0.99
YBR235W,15,0.99
YMR218C,15,0.99
YJL020C,15,0.99
YKL126W,15,0.99
YDL007W,15,0.99
YJL130C,15,0.99
YGL233W,15,0.99
YDR283C,15,0.99
YDR435C,15,0.99
YDR170C,15,0.99
YCR042C,15,0.99
YHR187W,15,0.99
YNL138W,15,0.99
YMR211W,15,0.99
YNL115C,15,0.99
YFL002C,15,0.99
YNL101W,15,0.99
YLR266C,15,0.99
YOR259C,15,0.99
YNR053C,15,0.99
YPR172W,15,0.99
YLR427W,15,0.99
YDL111C,15,0.99
YIL038C,15,0.99
YLR243W,15,0.99
YNL085W,15,0.99
YER123W,15,0.99
YDR330W,15,0.99
YMR054W,15,0.99
YJL186W,15,0.99
YDR166C,15,0.99
YEL048C,15,0.99
YGL048C,15,0.99
YDR341C,15,0.99
YOR160W,15,0.99
YOR370C,15,0.99
YLR057W,15,0.99
YGL111W,15,0.99
YGR162W,15,0.99
YOR137C,15,0.99
YGR040W,15,0.99
YOR001W,15,0.99
YJL206C,15,0.99
YDR125C,15,0.99
YLR009W,15,0.99
YHR085W,15,0.99
YNL246W,15,0.99
YFL028C,15,0.99
YDR388W,15,0.99
YNL275W,15,0.99
YDL095W,15,0.99
YBR293W,15,0.99
YLR401C,15,0.99
YLR231C,15,0.99
YBR076W,15,0.99
YKL216W,15,0.99
YHR074W,15,0.99
YPL210C,15,0.99
YDR165W,15,0.99
YLR166C,15,0.99
YAL019W,15,0.99
YIL095W,15,0.99
YNR011C,15,0.99
YER078C,15,0.99
YPL029W,15,0.99
YGL049C,15,0.99
YNR038W,15,0.99
YCR083W,15,0.99
YBR274W,15,0.99
YBL020W,15,0.99
YNL091W,15,0.99
YLR074C,15,0.99
YGL223C,15,0.99
YCR088W,15,0.99
YEL058W,15,0.99
YOR127W,15,0.99
YDR539W,15,0.99
YIL142W,15,0.99
YMR212C,15,0.99
YGR260W,15,0.99
YER168C,15,0.99
YLR189C,15,0.99
YEL002C,15,0.99
YMR061W,15,0.99
YBL076C,15,0.99
YFR025C,15,0.99
YLR175W,15,0.99
YFL056C,15,0.99
YJL014W,15,0.99
YDR464W,15,0.99
YOL022C,15,0.99
YJR042W,15,0.99
YDL215C,15,0.99
YOR346W,15,0.99
YDL201W,15,0.99
YGR254W,15,0.99
YLR247C,15,0.99
YIL078W,15,0.99
YDR017C,15,0.99
YBR195C,15,0.99
YOR256C,15,0.99
YFR009W,15,0.99
YPR119W,15,0.99
YPR122W,15,0.99
YGR143W,15,0.99
YDL150W,15,0.99
YPR147C,15,0.99
YMR205C,15,0.99
YKL082C,15,0.99
YOR118W,15,0.99
YPR104C,15,0.99
YML010W,15,0.99
YJR003C,15,0.99
YOR168W,15,0.99
YCR008W,15,0.99
YLR248W,15,0.99
YHR183W,15,0.99
YJL129C,15,0.99
YCR028C,15,0.99
YDR160W,15,0.99
YOR361C,15,0.99
YFL041W,15,0.99
YCR004C,15,0.99
YDR188W,15,0.99
YIL090W,15,0.99
YHR065C,15,0.99
YJL156C,15,0.99
YNL022C,15,0.99
YBL098W,15,1
YGR197C,15,1
YER087C-B,15,1
YPL243W,15,1
YJL122W,15,1
YLR221C,15,1
YNL308C,15,1
YER127W,15,1
YCR015C,15,1
YKL002W,15,1
YLR450W,15,1
YGR276C,15,1
YMR313C,15,1
YPL207W,15,1
YKR081C,15,1
YDR399W,15,1
YBL016W,15,1
YBL056W,15,1
YDR248C,15,1
YJL069C,15,1
YLR007W,15,1
YKR041W,15,1
YOR233W,15,1
YBR154C,15,1
YOR217W,15,1
YIL127C,15,1
YLR320W,15,1
YAL048C,15,1
YBR111C,15,1
YNL040W,15,1
YER049W,15,1
YOR051C,15,1
YLR148W,15,1
YER125W,15,1
YDL231C,15,1
YPR073C,15,1
YDR172W,15,1
YMR150C,15,1
YGL017W,15,1
YIL103W,15,1
YLR085C,15,1
YDR037W,15,1
YPR165W,15,1
YDR432W,15,1
YNL248C,15,1
YPL157W,15,1
YPL091W,15,1
YKR070W,15,1
YDR353W,15,1
YGR267C,15,1
YLR114C,15,1
YDR372C,15,1
YPR110C,15,1
YPL063W,15,1
YMR318C,15,1
YDR120C,15,1
YKR049C,15,1
YDL078C,15,1
YPL263C,15,1
YPR098C,15,1
YGL029W,15,1
YOL061W,15,1
YBR246W,15,1
YOR164C,15,1
YFL005W,15,1
YPL245W,15,1
YFL053W,15,1
YNL004W,15,1
YER086W,15,1
YOR021C,15,1
YPR143W,15,1
YHR162W,15,1
YPR041W,15,1
YLR132C,16,0.81
YCR010C,16,0.84
YHR067W,16,0.85
YLL058W,16,0.85
YOR008C-A,16,0.86
YDR123C,16,0.87
YPL222W,16,0.88
YOL162W,16,0.88
YJL038C,16,0.89
YOL155W-A,16,0.89
YPL135W,16,0.89
YGR248W,16,0.9
YJR078W,16,0.9
YJL073W,16,0.9
YDR523C,16,0.9
YJR122W,16,0.9
YCL048W,16,0.9
YGL236C,16,0.9
YGR174C,16,0.91
YKL103C,16,0.91
YNL180C,16,0.91
YCR094W,16,0.91
YBL078C,16,0.91
YPR125W,16,0.91
YPR154W,16,0.91
YLR121C,16,0.91
YHR104W,16,0.91
YHL009C,16,0.92
YGR065C,16,0.92
YJR036C,16,0.92
YKL197C,16,0.92
YLR454W,16,0.92
YOL065C,16,0.92
YMR105C,16,0.92
YJR054W,16,0.92
YIL053W,16,0.92
YPL052W,16,0.92
YOR111W,16,0.92
YOL117W,16,0.92
YDL054C,16,0.93
YGL090W,16,0.93
YNL129W,16,0.93
YLR253W,16,0.93
YDR255C,16,0.93
YDL199C,16,0.93
YJL070C,16,0.93
YKR062W,16,0.93
YLL063C,16,0.93
YBR146W,16,0.93
YMR024W,16,0.93
YFL058W,16,0.93
YPL191C,16,0.93
YDL104C,16,0.94
YLR239C,16,0.94
YDR320C,16,0.94
YMR316W,16,0.94
YKR105C,16,0.94
YJR155W,16,0.94
YFL030W,16,0.94
YFL003C,16,0.94
YDR527W,16,0.94
YDR375C,16,0.94
YFR014C,16,0.94
YOR124C,16,0.94
YNL315C,16,0.94
YGR044C,16,0.94
YLL038C,16,0.94
YLR178C,16,0.94
YNL005C,16,0.94
YCR081W,16,0.94
YNL311C,16,0.94
YML107C,16,0.94
YGL129C,16,0.94
YDR313C,16,0.94
YML116W,16,0.94
YDR505C,16,0.95
YHR207C,16,0.95
YCR039C,16,0.95
YDR400W,16,0.95
YMR261C,16,0.95
YLR407W,16,0.95
YML097C,16,0.95
YDR034C,16,0.95
YER040W,16,0.95
YNL210W,16,0.95
YGR166W,16,0.95
YKL194C,16,0.95
YDR347W,16,0.95
YKL206C,16,0.95
YPL022W,16,0.95
YJL044C,16,0.95
YER184C,16,0.95
YIR011C,16,0.95
YOL076W,16,0.95
YER182W,16,0.96
YER124C,16,0.96
YJL157C,16,0.96
YCL057W,16,0.96
YDL102W,16,0.96
YLR422W,16,0.96
YFL040W,16,0.96
YOR371C,16,0.96
YPL254W,16,0.96
YPL092W,16,0.96
YCL056C,16,0.96
YGR184C,16,0.96
YKL023C-A,16,0.96
YPR006C,16,0.96
YGL067W,16,0.96
YBL075C,16,0.96
YNL070W,16,0.96
YOL151W,16,0.96
YDR312W,16,0.96
YFR040W,16,0.96
YFR042W,16,0.96
YNL121C,16,0.96
YIL079C,16,0.96
YLL018C,16,0.96
YKR054C,16,0.96
YPR008W,16,0.96
YNL297C,16,0.96
YKL203C,16,0.96
YBR139W,16,0.96
YDR069C,16,0.96
YOR086C,16,0.96
YMR228W,16,0.96
YOR350C,16,0.96
YKR095W,16,0.96
YBR065C,16,0.96
YGR092W,16,0.96
YDR437W,16,0.96
YDR080W,16,0.96
YKL155C,16,0.96
YBR223C,16,0.96
YGL107C,16,0.96
YPL204W,16,0.96
YBR131W,16,0.96
YGR127W,16,0.96
YLR433C,16,0.96
YGL112C,16,0.96
YHR113W,16,0.96
YHR102W,16,0.96
YLR385C,16,0.96
YOR296W,16,0.96
YER093C,16,0.96
YPL260W,16,0.96
YKL072W,16,0.96
YNL295W,16,0.97
YPR002W,16,0.97
YOL077C,16,0.97
YLR058C,16,0.97
YPL082C,16,0.97
YIL084C,16,0.97
YGL010W,16,0.97
YJR089W,16,0.97
YDR319C,16,0.97
YPR186C,16,0.97
YDR044W,16,0.97
YJR033C,16,0.97
YPL036W,16,0.97
YKR031C,16,0.97
YHL010C,16,0.97
YMR176W,16,0.97
YDL027C,16,0.97
YKL137W,16,0.97
YHR077C,16,0.97
YKR064W,16,0.97
YER008C,16,0.97
YNL014W,16,0.97
YDR394W,16,0.97
YNL139C,16,0.97
YBR080C,16,0.97
YIL014C-A,16,0.97
YNR059W,16,0.97
YOR319W,16,0.97
YER091C,16,0.97
YCL035C,16,0.97
YER136W,16,0.97
YDR389W,16,0.97
YGR229C,16,0.97
YDL194W,16,0.97
YJL208C,16,0.97
YDL019C,16,0.97
YDL234C,16,0.97
YHR088W,16,0.97
YBR229C,16,0.97
YPR184W,16,0.97
YLR224W,16,0.97
YBR097W,16,0.97
YDR027C,16,0.97
YNL271C,16,0.97
YIL128W,16,0.97
YMR066W,16,0.97
YJR066W,16,0.97
YOR229W,16,0.97
YIL107C,16,0.97
YEL032W,16,0.97
YBR017C,16,0.97
YGL151W,16,0.97
YOL055C,16,0.97
YEL069C,16,0.97
YLR251W,16,0.97
YDR014W-A,16,0.97
YHR214C-D,16,0.97
YFL025C,16,0.97
YLR227C,16,0.97
YPL249C,16,0.97
YMR287C,16,0.97
YIL048W,16,0.97
YDL160C-A,16,0.97
YDR117C,16,0.97
YHR023W,16,0.97
YKL048C,16,0.97
YNL021W,16,0.97
YLL013C,16,0.97
YBR170C,16,0.97
YMR113W,16,0.97
YGL140C,16,0.97
YGR013W,16,0.97
YOR310C,16,0.97
YNL131W,16,0.97
YHR064C,16,0.97
YER075C,16,0.97
YGR017W,16,0.97
YBR038W,16,0.97
YGL207W,16,0.97
YLR287C,16,0.97
YHR120W,16,0.98
YJL068C,16,0.98
YJL036W,16,0.98
YGL115W,16,0.98
YNL160W,16,0.98
YMR275C,16,0.98
YGR204W,16,0.98
YFR002W,16,0.98
YDL190C,16,0.98
YMR125W,16,0.98
YKR001C,16,0.98
YPL242C,16,0.98
YLR104W,16,0.98
YMR065W,16,0.98
YLR064W,16,0.98
YLR117C,16,0.98
YPL009C,16,0.98
YGL162W,16,0.98
YDL116W,16,0.98
YGL016W,16,0.98
YLR249W,16,0.98
YLR425W,16,0.98
YPR060C,16,0.98
YGR292W,16,0.98
YGL122C,16,0.98
YDR321W,16,0.98
YER021W,16,0.98
YFL050C,16,0.98
YPR201W,16,0.98
YDR235W,16,0.98
YPL001W,16,0.98
YDR054C,16,0.98
YMR026C,16,0.98
YLL003W,16,0.98
YMR219W,16,0.98
YJR056C,16,0.98
YBR143C,16,0.98
YLR363C,16,0.98
YGR081C,16,0.98
YHR056C,16,0.98
YPR164W,16,0.98
YNL217W,16,0.98
YMR088C,16,0.98
YJL001W,16,0.98
YBL106C,16,0.98
YGR100W,16,0.98
YPL085W,16,0.98
YNL083W,16,0.98
YFL033C,16,0.98
YJR065C,16,0.98
YJR031C,16,0.98
YML028W,16,0.98
YNL148C,16,0.98
YNL229C,16,0.98
YMR319C,16,0.98
YDL006W,16,0.98
YLR309C,16,0.98
YER164W,16,0.98
YPR148C,16,0.98
YDR280W,16,0.98
YGL095C,16,0.98
YOR067C,16,0.98
YMR226C,16,0.98
YNL227C,16,0.98
YBL061C,16,0.98
YLR019W,16,0.98
YMR140W,16,0.98
YLR453C,16,0.98
YKL212W,16,0.98
YBR165W,16,0.98
YIL146C,16,0.98
YDR159W,16,0.98
YJR153W,16,0.98
YJL223C,16,0.98
YER025W,16,0.98
YNR051C,16,0.98
YFR016C,16,0.98
YDR124W,16,0.98
YOR069W,16,0.98
YMR075W,16,0.98
YNL104C,16,0.98
YLR310C,16,0.98
YER013W,16,0.98
YKL047W,16,0.98
YCL059C,16,0.98
YLR199C,16,0.98
YBR094W,16,0.98
YLR429W,16,0.98
YER129W,16,0.98
YBR081C,16,0.98
YER022W,16,0.98
YDR110W,16,0.98
YLL005C,16,0.98
YDR104C,16,0.98
YLR143W,16,0.98
YLR324W,16,0.98
YIL147C,16,0.98
YOL075C,16,0.98
YOL013C,16,0.98
YLR451W,16,0.98
YHR169W,16,0.98
YHR168W,16,0.98
YOR005C,16,0.98
YMR036C,16,0.98
YKR023W,16,0.98
YML002W,16,0.98
YOR232W,16,0.98
YOR145C,16,0.98
YCR011C,16,0.98
YHR133C,16,0.98
YHR131C,16,0.98
YDL074C,16,0.98
YDR333C,16,0.98
YBR074W,16,0.98
YOR304W,16,0.98
YHR069C,16,0.98
YKL064W,16,0.98
YDL030W,16,0.98
YKR086W,16,0.98
YDL248W,16,0.98
YBR219C,16,0.98
YPR022C,16,0.98
YGR056W,16,0.98
YOR147W,16,0.98
YIL137C,16,0.98
YPL117C,16,0.98
YML121W,16,0.98
YHR057C,16,0.98
YJL054W,16,0.98
YGR126W,16,0.98
YJR138W,16,0.98
YMR217W,16,0.98
YJL061W,16,0.98
YHR005C,16,0.98
YPR056W,16,0.98
YBR023C,16,0.98
YER163C,16,0.98
YFL054C,16,0.98
YPL266W,16,0.98
YER041W,16,0.98
YBR176W,16,0.98
YAL015C,16,0.98
YPL167C,16,0.98
YLR323C,16,0.98
YEL022W,16,0.98
YNL261W,16,0.99
YGL252C,16,0.99
YJR100C,16,0.99
YMR232W,16,0.99
YGL114W,16,0.99
YAL049C,16,0.99
YKL012W,16,0.99
YGR024C,16,0.99
YAL010C,16,0.99
YMR224C,16,0.99
YBR046C,16,0.99
YJL081C,16,0.99
YOR126C,16,0.99
YCR014C,16,0.99
YOR359W,16,0.99
YDR243C,16,0.99
YPR058W,16,0.99
YPL206C,16,0.99
YLR351C,16,0.99
YDR028C,16,0.99
YNL094W,16,0.99
YGR253C,16,0.99
YKR063C,16,0.99
YNL110C,16,0.99
YGR240C,16,0.99
YGR135W,16,0.99
YER114C,16,0.99
YPL211W,16,0.99
YLL033W,16,0.99
YLR277C,16,0.99
YKR025W,16,0.99
YDR419W,16,0.99
YPL184C,16,0.99
YAR019C,16,0.99
YPL128C,16,0.99
YPR103W,16,0.99
YPR086W,16,0.99
YAL056W,16,0.99
YML072C,16,0.99
YBL007C,16,0.99
YDR477W,16,0.99
YDR040C,16,0.99
YJL008C,16,0.99
YLR163C,16,0.99
YDR221W,16,0.99
YLR035C,16,0.99
YPL141C,16,0.99
YER139C,16,0.99
YOL049W,16,0.99
YIL062C,16,0.99
YGL159W,16,0.99
YEL029C,16,0.99
YML111W,16,0.99
YDL045C,16,0.99
YER156C,16,0.99
YDR032C,16,0.99
YPR118W,16,0.99
YJR140C,16,0.99
YBL060W,16,0.99
YNL325C,16,0.99
YAR015W,16,0.99
YKR014C,16,0.99
YGR216C,16,0.99
YNL218W,16,0.99
YDL113C,16,0.99
YBR259W,16,0.99
YFL034W,16,0.99
YPR085C,16,0.99
YDR416W,16,0.99
YIL151C,16,0.99
YGR264C,16,0.99
YNL189W,16,0.99
YCL069W,16,0.99
YGL241W,16,0.99
YPL233W,16,0.99
YLR072W,16,0.99
YNL048W,16,0.99
YOR191W,16,0.99
YMR156C,16,0.99
YDR264C,16,0.99
YGR178C,16,0.99
YHL007C,16,0.99
YHR163W,16,0.99
YNL247W,16,0.99
YIL085C,16,0.99
YER090W,16,0.99
YPL235W,16,0.99
YOR115C,16,0.99
YGR209C,16,0.99
YMR310C,16,0.99
YDR206W,16,0.99
YFR001W,16,0.99
YBR096W,16,0.99
YIR004W,16,0.99
YDR161W,16,0.99
YMR079W,16,0.99
YBR283C,16,0.99
YLR440C,16,0.99
YBL082C,16,0.99
YGL110C,16,0.99
YPR169W,16,0.99
YMR033W,16,0.99
YDL029W,16,0.99
YPR181C,16,0.99
YMR165C,16,0.99
YPR161C,16,0.99
YBR227C,16,0.99
YKR003W,16,0.99
YGR004W,16,0.99
YBR036C,16,0.99
YOL062C,16,0.99
YDR062W,16,0.99
YML086C,16,0.99
YLR387C,16,0.99
YGL148W,16,0.99
YIL022W,16,0.99
YNL299W,16,0.99
YEL020C,16,0.99
YOR212W,16,0.99
YDL013W,16,0.99
YDR494W,16,0.99
YIL110W,16,0.99
YAL025C,16,0.99
YGL203C,16,0.99
YNL286W,16,0.99
YDR459C,16,0.99
YLR420W,16,0.99
YGL251C,16,0.99
YOR197W,16,0.99
YJL111W,16,0.99
YJR035W,16,0.99
YMR099C,16,0.99
YDL212W,16,0.99
YHR040W,16,0.99
YDR291W,16,0.99
YML079W,16,0.99
YMR227C,16,0.99
YHR079C,16,0.99
YBR151W,16,0.99
YJL217W,16,0.99
YOR104W,16,0.99
YAL021C,16,0.99
YDR211W,16,0.99
YLR435W,16,0.99
YML081W,16,0.99
YLR363W-A,16,0.99
YOL138C,16,0.99
YDR009W,16,0.99
YLR208W,16,0.99
YPR133C,16,0.99
YHR148W,16,0.99
YML124C,16,0.99
YIL092W,16,0.99
YLR200W,16,0.99
YDR081C,16,0.99
YBR035C,16,0.99
YAL042W,16,0.99
YMR153W,16,0.99
YKL028W,16,0.99
YHR032W,16,0.99
YNL232W,16,0.99
YKL176C,16,0.99
YDR531W,16,0.99
YDR195W,16,1
YCR019W,16,1
YDR158W,16,1
YDR098C,16,1
YIL035C,16,1
YPL004C,16,1
YNL238W,16,1
YDL117W,16,1
YMR241W,16,1
YDR379W,16,1
YKR050W,16,1
YNL294C,16,1
YDR452W,16,1
YDR520C,16,1
YOR043W,16,1
YLR017W,16,1
YNL320W,16,1
YNL175C,16,1
YML018C,16,1
YLR362W,16,1
YBR079C,16,1
YDR456W,16,1
YNL016W,16,1
YKL144C,16,1
YPR183W,16,1
YDR107C,16,1
YMR073C,16,1
YOR260W,16,1
YNL032W,16,1
YLR030W,16,1
YLR005W,16,1
YDR487C,16,1
YIR006C,16,1
YHR076W,16,1
YKL172W,16,1
YDR412W,16,1
YLR109W,16,1
YPR074C,16,1
YLR393W,16,1
YOR134W,16,1
YLL014W,16,1
YKL196C,16,1
YOL125W,16,1
YJL002C,16,1
YPL086C,16,1
YPL145C,16,1
YGR213C,16,1
YBR196C,16,1
YDR422C,16,1
YOR184W,16,1
YOL159C-A,16,1
YDR287W,16,1
YMR187C,16,1
YPL161C,16,1
YNL154C,16,1
YBL005W,16,1
YNL260C,16,1
YFL057C,16,1
YML065W,16,1
YMR258C,16,1
YPL244C,16,1
YMR119W,16,1
YML017W,16,1
YLR447C,16,1
YML125C,16,1
YER003C,16,1
YKR005C,16,1
YMR251W,16,1
YLL032C,16,1
YMR001C,16,1
YCR053W,16,1
YML105C,16,1
YBR168W,16,1
YGL097W,16,1
YOR006C,16,1
YGR169C,16,1
YGR031C-A,16,1
YBL028C,16,1
YJL193W,16,1
YKL099C,16,1
YLR068W,16,1
YIR035C,16,1
YGL139W,16,1
YOR028C,16,1
YLR301W,16,1
YNL196C,17,0.81
YFL052W,17,0.81
YFL051C,17,0.83
YNR040W,17,0.87
YEL041W,17,0.87
YER185W,17,0.87
YDR031W,17,0.87
YER052C,17,0.87
YOR220W,17,0.87
YDR504C,17,0.88
YOR177C,17,0.89
YGR238C,17,0.89
YER060W-A,17,0.9
YBL074C,17,0.9
YAR028W,17,0.9
YOL024W,17,0.9
YIR007W,17,0.9
YNL257C,17,0.9
YAL053W,17,0.91
YMR030W-A,17,0.91
YLR080W,17,0.91
YER056C,17,0.91
YBL108C-A,17,0.91
YHR046C,17,0.91
YER093C-A,17,0.91
YPL097W,17,0.92
YHR171W,17,0.92
YLR424W,17,0.92
YHR047C,17,0.92
YPL040C,17,0.92
YJR062C,17,0.92
YMR010W,17,0.92
YGR016W,17,0.92
YIR039C,17,0.92
YBR052C,17,0.92
YGL005C,17,0.92
YIR042C,17,0.93
YCR105W,17,0.93
YBR028C,17,0.93
YIL164C,17,0.93
YNL252C,17,0.93
YJL161W,17,0.93
YCR068W,17,0.93
YDL127W,17,0.93
YOL069W,17,0.94
YOR283W,17,0.94
YJR074W,17,0.94
YMR157C,17,0.94
YBL090W,17,0.94
YMR216C,17,0.94
YBR204C,17,0.94
YBR202W,17,0.94
YKR097W,17,0.94
YPL051W,17,0.94
YBR245C,17,0.94
YKL213C,17,0.94
YBR090C,17,0.94
YDR036C,17,0.94
YEL046C,17,0.94
YBR148W,17,0.94
YPL053C,17,0.94
YLR201C,17,0.94
YGL259W,17,0.94
YDL042C,17,0.94
YNL213C,17,0.94
YPL104W,17,0.94
YMR237W,17,0.95
YIL126W,17,0.95
YNL158W,17,0.95
YJL048C,17,0.95
YBR122C,17,0.95
YGR212W,17,0.95
YMR108W,17,0.95
YMR098C,17,0.95
YBR257W,17,0.95
YGR239C,17,0.95
YMR139W,17,0.95
YGL013C,17,0.95
YLL004W,17,0.95
YLR290C,17,0.95
YLR382C,17,0.95
YDL222C,17,0.95
YAL005C,17,0.95
YLR284C,17,0.95
YOR258W,17,0.95
YCL033C,17,0.95
YHR019C,17,0.95
YHR124W,17,0.95
YOR215C,17,0.95
YLR254C,17,0.95
YJR107W,17,0.95
YDR512C,17,0.95
YPL159C,17,0.95
YHL016C,17,0.95
YBR136W,17,0.95
YIL061C,17,0.95
YIL024C,17,0.95
YNL284C,17,0.95
YJL204C,17,0.95
YDR466W,17,0.95
YDR067C,17,0.95
YMR255W,17,0.95
YJL168C,17,0.95
YBL040C,17,0.95
YDL193W,17,0.95
YJL031C,17,0.96
YNL127W,17,0.96
YKL007W,17,0.96
YER061C,17,0.96
YBR282W,17,0.96
YKR030W,17,0.96
YIL066C,17,0.96
YER050C,17,0.96
YML068W,17,0.96
YBL107C,17,0.96
YER027C,17,0.96
YOR326W,17,0.96
YER081W,17,0.96
YGL011C,17,0.96
YGR155W,17,0.96
YOR141C,17,0.96
YBR095C,17,0.96
YER162C,17,0.96
YGL201C,17,0.96
YER017C,17,0.96
YIR029W,17,0.96
YMR257C,17,0.96
YOL142W,17,0.96
YDR514C,17,0.96
YJR080C,17,0.96
YPL112C,17,0.96
YAR018C,17,0.96
YER098W,17,0.96
YMR025W,17,0.96
YJL042W,17,0.96
YLR357W,17,0.96
YPL103C,17,0.96
YLR001C,17,0.96
YDR297W,17,0.96
YOR228C,17,0.96
YJL216C,17,0.96
YLR215C,17,0.96
YGR111W,17,0.96
YIL015W,17,0.96
YDR179C,17,0.96
YJL011C,17,0.96
YDR103W,17,0.96
YDR381C-A,17,0.96
YPR029C,17,0.96
YLR071C,17,0.96
YPL248C,17,0.96
YER071C,17,0.96
YKR036C,17,0.96
YKL163W,17,0.96
YDR119W,17,0.96
YER190C-B,17,0.96
YKL065C,17,0.96
YAL016W,17,0.96
YHR151C,17,0.96
YGL032C,17,0.97
YER012W,17,0.97
YAL002W,17,0.97
YDR059C,17,0.97
YKL208W,17,0.97
YNL214W,17,0.97
YPR162C,17,0.97
YDR223W,17,0.97
YLR449W,17,0.97
YGL068W,17,0.97
YPL147W,17,0.97
YOR324C,17,0.97
YGR170W,17,0.97
YGL056C,17,0.97
YDR443C,17,0.97
YLR285C-A,17,0.97
YCR036W,17,0.97
YDR056C,17,0.97
YGL098W,17,0.97
YDR236C,17,0.97
YIL150C,17,0.97
YOR060C,17,0.97
YGL142C,17,0.97
YDR240C,17,0.97
YER087W,17,0.97
YPR091C,17,0.97
YOL006C,17,0.97
YEL053C,17,0.97
YJR005W,17,0.97
YMR047C,17,0.97
YOR211C,17,0.97
YDR189W,17,0.97
YJL126W,17,0.97
YPL084W,17,0.97
YLR008C,17,0.97
YIL125W,17,0.97
YGL008C,17,0.97
YOR385W,17,0.97
YCL004W,17,0.97
YLR022C,17,0.97
YIL130W,17,0.97
YBR015C,17,0.97
YNR031C,17,0.97
YBR255W,17,0.97
YJR101W,17,0.97
YBR125C,17,0.97
YDR204W,17,0.97
YGR234W,17,0.97
YLR193C,17,0.97
YIL010W,17,0.97
YKL034W,17,0.97
YKR028W,17,0.97
YHR004C,17,0.97
YHR001W,17,0.97
YNL064C,17,0.97
YMR019W,17,0.97
YBR059C,17,0.97
YGL170C,17,0.97
YOL052C,17,0.97
YLR305C,17,0.97
YBL037W,17,0.97
YML019W,17,0.97
YFR030W,17,0.97
YLR275W,17,0.97
YNL306W,17,0.97
YOR087W,17,0.97
YLR197W,17,0.97
YHR164C,17,0.97
YOL089C,17,0.97
YPL048W,17,0.97
YNL177C,17,0.97
YKL119C,17,0.97
YNR039C,17,0.97
YDR310C,17,0.97
YKR096W,17,0.97
YOR323C,17,0.97
YGR083C,17,0.97
YBR163W,17,0.97
YER048W-A,17,0.97
YHR132C,17,0.97
YPL083C,17,0.97
YJL055W,17,0.97
YBR158W,17,0.97
YFR047C,17,0.97
YOR040W,17,0.97
YDL014W,17,0.97
YPL059W,17,0.97
YBR220C,17,0.97
YKL135C,17,0.97
YHR103W,17,0.97
YHL002W,17,0.97
YER152C,17,0.97
YER140W,17,0.97
YMR032W,17,0.97
YOR155C,17,0.97
YMR164C,17,0.97
YGR270W,17,0.97
YDL217C,17,0.97
YDL239C,17,0.97
YAR003W,17,0.97
YER176W,17,0.97
YDL097C,17,0.97
YNR036C,17,0.97
YDR351W,17,0.97
YGR134W,17,0.98
YPR196W,17,0.98
YML013W,17,0.98
YDR428C,17,0.98
YHL034C,17,0.98
YDR139C,17,0.98
YML029W,17,0.98
YNL126W,17,0.98
YOR061W,17,0.98
YKL094W,17,0.98
YFR052W,17,0.98
YKL026C,17,0.98
YPR121W,17,0.98
YBR167C,17,0.98
YJL080C,17,0.98
YOL092W,17,0.98
YDR137W,17,0.98
YHL026C,17,0.98
YPL186C,17,0.98
YJL016W,17,0.98
YPL160W,17,0.98
YLR262C,17,0.98
YPL099C,17,0.98
YER077C,17,0.98
YIL076W,17,0.98
YBR166C,17,0.98
YBR172C,17,0.98
YDR317W,17,0.98
YHR117W,17,0.98
YDL177C,17,0.98
YPR094W,17,0.98
YML049C,17,0.98
YFL027C,17,0.98
YGL145W,17,0.98
YDR508C,17,0.98
YKL061W,17,0.98
YDR458C,17,0.98
YGR046W,17,0.98
YMR152W,17,0.98
YDR109C,17,0.98
YLR086W,17,0.98
YMR027W,17,0.98
YBR192W,17,0.98
YGR082W,17,0.98
YGR249W,17,0.98
YDL129W,17,0.98
YGL194C,17,0.98
YKL100C,17,0.98
YGR263C,17,0.98
YML006C,17,0.98
YLR097C,17,0.98
YKR027W,17,0.98
YPR089W,17,0.98
YGL082W,17,0.98
YDR175C,17,0.98
YNL258C,17,0.98
YAL011W,17,0.98
YHR045W,17,0.98
YBR200W,17,0.98
YNL012W,17,0.98
YCR087C-A,17,0.98
YDR057W,17,0.98
YML095C,17,0.98
YEL025C,17,0.98
YKL215C,17,0.98
YGL250W,17,0.98
YOR090C,17,0.98
YLR190W,17,0.98
YOR329C,17,0.98
YNR024W,17,0.98
YMR162C,17,0.98
YML074C,17,0.98
YMR302C,17,0.98
YOR330C,17,0.98
YBR061C,17,0.98
YKL129C,17,0.98
YBL105C,17,0.98
YJR061W,17,0.98
YBL097W,17,0.98
YEL037C,17,0.98
YDR436W,17,0.98
YOL129W,17,0.98
YBR273C,17,0.98
YHR072W,17,0.98
YOR306C,17,0.98
YKR088C,17,0.98
YDL236W,17,0.98
YER180C-A,17,0.98
YLR380W,17,0.98
YFR024C-A,17,0.98
YGR101W,17,0.98
YHL017W,17,0.98
YOR328W,17,0.98
YNR055C,17,0.98
YHR034C,17,0.98
YGL086W,17,0.98
YKL152C,17,0.98
YGR094W,17,0.98
YNR045W,17,0.98
YLR089C,17,0.98
YEL013W,17,0.98
YBR086C,17,0.98
YOL051W,17,0.98
YMR289W,17,0.98
YDL237W,17,0.98
YDL144C,17,0.98
YMR023C,17,0.98
YJL094C,17,0.98
YOR308C,17,0.98
YNR054C,17,0.98
YNL333W,17,0.98
YER045C,17,0.98
YDR272W,17,0.98
YDR349C,17,0.98
YNL010W,17,0.98
YJR090C,17,0.98
YER094C,17,0.98
YFR048W,17,0.98
YLR100W,17,0.98
YOR036W,17,0.98
YBR063C,17,0.98
YAL041W,17,0.98
YFR010W,17,0.98
YLR443W,17,0.98
YLR330W,17,0.98
YIL156W,17,0.98
YDR463W,17,0.98
YOR057W,17,0.98
YDR292C,17,0.98
YLR113W,17,0.98
YGR144W,17,0.98
YNL084C,17,0.98
YMR168C,17,0.98
YJL125C,17,0.98
YOR034C,17,0.98
YDR072C,17,0.98
YNL041C,17,0.98
YHR078W,17,0.98
YGR186W,17,0.99
YJL024C,17,0.99
YFR004W,17,0.99
YNL108C,17,0.99
YPR032W,17,0.99
YNL236W,17,0.99
YOR230W,17,0.99
YGL036W,17,0.99
YKL088W,17,0.99
YKL175W,17,0.99
YBR127C,17,0.99
YNL267W,17,0.99
YMR013C,17,0.99
YER099C,17,0.99
YER143W,17,0.99
YBR121C,17,0.99
YDR483W,17,0.99
YBR216C,17,0.99
YML106W,17,0.99
YMR180C,17,0.99
YNL095C,17,0.99
YGL125W,17,0.99
YNL329C,17,0.99
YDR061W,17,0.99
YLR153C,17,0.99
YML096W,17,0.99
YDR348C,17,0.99
YBL011W,17,0.99
YKL079W,17,0.99
YOL004W,17,0.99
YGL004C,17,0.99
YGL001C,17,0.99
YJL076W,17,0.99
YOR285W,17,0.99
YML067C,17,0.99
YML082W,17,0.99
YJR088C,17,0.99
YBR041W,17,0.99
YER177W,17,0.99
YOR227W,17,0.99
YMR314W,17,0.99
YGR167W,17,0.99
YJR125C,17,0.99
YCR077C,17,0.99
YBL019W,17,0.99
YNL243W,17,0.99
YCL014W,17,0.99
YJR049C,17,0.99
YOR363C,17,0.99
YPL172C,17,0.99
YAL064C-A,17,0.99
YGR277C,17,0.99
YGL083W,17,0.99
YNL230C,17,0.99
YGR283C,17,0.99
YKL191W,17,0.99
YLR421C,17,0.99
YDR490C,17,0.99
YKL019W,17,0.99
YAL007C,17,0.99
YAL058W,17,0.99
YMR115W,17,0.99
YLR263W,17,0.99
YKL134C,17,0.99
YDR473C,17,0.99
YKL114C,17,0.99
YMR269W,17,0.99
YHR167W,17,0.99
YIL019W,17,0.99
YPL023C,17,0.99
YMR171C,17,0.99
YHR063C,17,0.99
YCR107W,17,0.99
YJL110C,17,0.99
YMR301C,17,0.99
YER122C,17,0.99
YKL222C,17,0.99
YOL097C,17,0.99
YKL020C,17,0.99
YFL047W,17,0.99
YOL044W,17,0.99
YOR250C,17,0.99
YBR290W,17,0.99
YHR003C,17,0.99
YLR242C,17,0.99
YKR055W,17,0.99
YOR095C,17,0.99
YER151C,17,0.99
YOR362C,17,0.99
YDR164C,17,0.99
YIL005W,17,0.99
YFR050C,17,0.99
YDR003W,17,0.99
YPR095C,17,0.99
YDR306C,17,0.99
YDL051W,17,0.99
YNL307C,17,0.99
YDR143C,17,0.99
YGL044C,17,0.99
YPR003C,17,0.99
YLR105C,17,0.99
YCR082W,17,0.99
YDL134C,17,0.99
YKL040C,17,0.99
YGR048W,17,0.99
YJR092W,17,0.99
YOL003C,17,0.99
YGR175C,17,0.99
YEL071W,17,0.99
YDR128W,17,0.99
YKR100C,17,0.99
YIR031C,17,0.99
YJL148W,17,0.99
YLR378C,17,0.99
YGL161C,17,0.99
YJR136C,17,0.99
YAL031C,17,0.99
YDR262W,17,0.99
YDL084W,17,0.99
YJR143C,17,0.99
YIL047C,17,0.99
YER034W,17,0.99
YDL188C,17,0.99
YPL105C,17,0.99
YOR261C,17,0.99
YML113W,17,0.99
YGL023C,17,0.99
YNR006W,17,0.99
YKR084C,17,0.99
YNL054W,17,0.99
YDL080C,17,0.99
YOR340C,17,0.99
YOR294W,17,0.99
YGL021W,17,0.99
YGL186C,17,0.99
YKL051W,17,0.99
YCL063W,17,0.99
YOR245C,17,0.99
YCR067C,17,0.99
YDL200C,17,0.99
YNL190W,17,0.99
YBR211C,17,0.99
YOL009C,17,0.99
YOL068C,17,0.99
YBR179C,17,0.99
YPL214C,17,0.99
YJR124C,17,0.99
YIR005W,17,0.99
YNL038W,17,0.99
YIL122W,17,0.99
YPL003W,17,0.99
YPR068C,17,0.99
YGL190C,17,0.99
YNL079C,17,0.99
YNL249C,17,0.99
YLR335W,17,0.99
YLL036C,17,0.99
YMR005W,17,0.99
YOL060C,17,0.99
YBR159W,17,0.99
YOL115W,17,0.99
YGL244W,17,0.99
YHR182W,17,0.99
YDR282C,17,0.99
YKL127W,17,0.99
YCR044C,17,0.99
YGL216W,17,0.99
YDR420W,17,0.99
YNL009W,17,0.99
YHR205W,17,0.99
YER173W,17,0.99
YPL181W,17,0.99
YGL153W,17,0.99
YKL184W,17,0.99
YJR051W,17,0.99
YLR455W,17,0.99
YGL066W,17,0.99
YPR109W,17,0.99
YDR245W,17,0.99
YPL047W,17,0.99
YFR022W,17,0.99
YBR288C,17,0.99
YHR150W,17,0.99
YJL029C,17,0.99
YMR276W,17,0.99
YOR046C,17,0.99
YDL128W,17,0.99
YDR302W,17,0.99
YFR026C,17,0.99
YLR244C,17,0.99
YPR088C,17,0.99
YDR524C,17,0.99
YOR241W,17,0.99
YOR138C,17,0.99
YDR190C,17,0.99
YNR043W,17,0.99
YJR007W,17,0.99
YEL012W,17,1
YDR239C,17,1
YGL100W,17,1
YPL156C,17,1
YER005W,17,1
YDR472W,17,1
YLR026C,17,1
YGR210C,17,1
YHL011C,17,1
YCR095C,17,1
YLR152C,17,1
YDR326C,17,1
YPL140C,17,1
YOR149C,17,1
YOR143C,17,1
YPR071W,17,1
YBR199W,17,1
YER010C,17,1
YOL103W,17,1
YHR081W,17,1
YFL009W,17,1
YGR099W,17,1
YNR061C,17,1
YAL063C,17,1
YOR180C,17,1
YIL071C,17,1
YDR108W,17,1
YGL205W,17,1
YDL066W,17,1
YOR210W,17,1
YLR018C,17,1
YLR083C,17,1
YDR381W,17,1
YCL028W,17,1
YPL273W,17,1
YGL257C,17,1
YOR129C,17,1
YBR033W,17,1
YDL176W,17,1
YCR012W,17,1
YBR106W,17,1
YDR415C,17,1
YGL130W,17,1
YJR070C,17,1
YJL099W,17,1
YPL239W,17,1
YPL246C,17,1
YAR002W,17,1
YPR179C,17,1
YAR002C-A,17,1
YEL015W,17,1
YHR015W,17,1
YCL011C,17,1
YNL071W,17,1
YBR133C,17,1
YER048C,17,1
YAL022C,17,1
YHR009C,17,1
YBR175W,17,1
YKL117W,17,1
YNL314W,17,1
YKL004W,17,1
YOL018C,17,1
YDR328C,17,1
YIL055C,17,1
YER004W,17,1
YLR418C,17,1
YPR127W,17,1
YML001W,17,1
YPL069C,17,1
YJL143W,17,1
YDR007W,17,1
YDR411C,17,1
YLL043W,17,1
YGL136C,17,1
YJL183W,17,1
YDR429C,17,1
YHL029C,17,1
YBR198C,17,1
YKL054C,17,1
YBR164C,17,1
YKR092C,17,1
YPR036W-A,18,0.82
YLR270W,18,0.82
YIL087C,18,0.83
YHR087W,18,0.83
YDR106W,18,0.83
YHR209W,18,0.85
YBR003W,18,0.85
YER028C,18,0.87
YLR312C,18,0.87
YBR177C,18,0.87
YJL066C,18,0.88
YMR284W,18,0.88
YDR515W,18,0.88
YER187W,18,0.88
YGR138C,18,0.88
YFR055W,18,0.89
YHR016C,18,0.89
YBL013W,18,0.89
YEL049W,18,0.89
YGL041C-B,18,0.89
YPR166C,18,0.9
YCL044C,18,0.9
YOR052C,18,0.9
YOR201C,18,0.91
YDR078C,18,0.91
YGL116W,18,0.91
YMR267W,18,0.91
YJL072C,18,0.91
YJL180C,18,0.91
YOL023W,18,0.91
YJL045W,18,0.91
YBR185C,18,0.92
YPL173W,18,0.92
YGR043C,18,0.92
YGR232W,18,0.92
YBR180W,18,0.92
YHR147C,18,0.92
YGL180W,18,0.92
YPR145W,18,0.92
YDR489W,18,0.92
YLR211C,18,0.92
YIR032C,18,0.92
YPR167C,18,0.92
YFL029C,18,0.92
YPL270W,18,0.92
YMR280C,18,0.92
YNL073W,18,0.92
YJR106W,18,0.92
YOL019W,18,0.92
YGL041W-A,18,0.93
YDR251W,18,0.93
YLR039C,18,0.93
YDL058W,18,0.93
YBR120C,18,0.93
YJL096W,18,0.93
YKL128C,18,0.93
YDR495C,18,0.93
YBL088C,18,0.93
YOR130C,18,0.93
YOR317W,18,0.93
YKL170W,18,0.93
YLR431C,18,0.93
YMR182C,18,0.93
YPR079W,18,0.93
YOL048C,18,0.93
YIL093C,18,0.94
YMR094W,18,0.94
YGR010W,18,0.94
YGL245W,18,0.94
YPR185W,18,0.94
YJL046W,18,0.94
YGR288W,18,0.94
YDL247W,18,0.94
YNL024C,18,0.94
YDR506C,18,0.94
YDR337W,18,0.94
YBR026C,18,0.94
YDL141W,18,0.94
YDL198C,18,0.94
YJL214W,18,0.94
YER161C,18,0.94
YML056C,18,0.94
YKL018W,18,0.94
YKR072C,18,0.94
YDR369C,18,0.95
YIR028W,18,0.95
YHR037W,18,0.95
YLR218C,18,0.95
YDR407C,18,0.95
YOR354C,18,0.95
YPR081C,18,0.95
YMR178W,18,0.95
YBR062C,18,0.95
YDL093W,18,0.95
YPL232W,18,0.95
YFL026W,18,0.95
YOR311C,18,0.95
YNL011C,18,0.95
YHR161C,18,0.95
YKL013C,18,0.95
YDR358W,18,0.95
YDL171C,18,0.95
YDL069C,18,0.95
YCR106W,18,0.95
YKL149C,18,0.95
YKL124W,18,0.95
YDR528W,18,0.95
YER035W,18,0.95
YER134C,18,0.95
YBR138C,18,0.95
YHL048W,18,0.96
YOL157C,18,0.96
YKR035W-A,18,0.96
YKR078W,18,0.96
YOR270C,18,0.96
YDR131C,18,0.96
YKL022C,18,0.96
YDR023W,18,0.96
YJR149W,18,0.96
YPR198W,18,0.96
YIL159W,18,0.96
YKR008W,18,0.96
YMR167W,18,0.96
YPL175W,18,0.96
YDR033W,18,0.96
YOL137W,18,0.96
YHL014C,18,0.96
YKR011C,18,0.96
YPL115C,18,0.96
YJR063W,18,0.96
YGL060W,18,0.96
YBL103C,18,0.96
YGR077C,18,0.96
YJL056C,18,0.96
YKL139W,18,0.96
YMR039C,18,0.96
YPL122C,18,0.96
YNL090W,18,0.96
YOR316C-A,18,0.96
YBR279W,18,0.96
YHR091C,18,0.96
YBR272C,18,0.96
YJL085W,18,0.96
YMR021C,18,0.96
YFR038W,18,0.96
YOR080W,18,0.96
YLR368W,18,0.96
YMR253C,18,0.96
YLR403W,18,0.96
YHL013C,18,0.96
YOR037W,18,0.96
YCL052C,18,0.96
YIL115C,18,0.96
YJR075W,18,0.96
YMR035W,18,0.96
YGR068C,18,0.96
YAR071W,18,0.96
YGR087C,18,0.96
YNL107W,18,0.96
YPL259C,18,0.96
YJR110W,18,0.96
YLR256W,18,0.96
YMR059W,18,0.96
YBR260C,18,0.96
YNR047W,18,0.96
YPR054W,18,0.96
YPL162C,18,0.96
YDL125C,18,0.96
YLR298C,18,0.97
YKR004C,18,0.97
YDR093W,18,0.97
YLR088W,18,0.97
YOR249C,18,0.97
YEL047C,18,0.97
YHR012W,18,0.97
YBR055C,18,0.97
YIR003W,18,0.97
YGR268C,18,0.97
YJR139C,18,0.97
YOR091W,18,0.97
YOR030W,18,0.97
YGL027C,18,0.97
YGL073W,18,0.97
YNL279W,18,0.97
YGR098C,18,0.97
YAR042W,18,0.97
YJL162C,18,0.97
YLR257W,18,0.97
YKR042W,18,0.97
YBR237W,18,0.97
YBR058C-A,18,0.97
YLR369W,18,0.97
YNL157W,18,0.97
YBR021W,18,0.97
YPL068C,18,0.97
YGR026W,18,0.97
YLR203C,18,0.97
YDR362C,18,0.97
YMR147W,18,0.97
YKR071C,18,0.97
YGL047W,18,0.97
YJR032W,18,0.97
YBL026W,18,0.97
YGR006W,18,0.97
YPL078C,18,0.97
YLR291C,18,0.97
YOR216C,18,0.97
YGL085W,18,0.97
YIL037C,18,0.97
YER154W,18,0.97
YNL281W,18,0.97
YLR319C,18,0.97
YLR127C,18,0.97
YOR058C,18,0.97
YDR153C,18,0.97
YOR059C,18,0.97
YOR166C,18,0.97
YBR236C,18,0.97
YGL144C,18,0.97
YBR101C,18,0.97
YIL134W,18,0.97
YER116C,18,0.97
YIL139C,18,0.97
YJL176C,18,0.97
YCL058W-A,18,0.97
YLR341W,18,0.97
YHR142W,18,0.97
YLR010C,18,0.97
YML032C,18,0.97
YLR091W,18,0.97
YOR295W,18,0.97
YGL133W,18,0.97
YER023W,18,0.97
YJL025W,18,0.97
YER166W,18,0.97
YCR073W-A,18,0.97
YDL002C,18,0.97
YPR033C,18,0.97
YLR228C,18,0.97
YDR147W,18,0.97
YBR083W,18,0.97
YDR121W,18,0.97
YLR021W,18,0.97
YJL093C,18,0.97
YDR122W,18,0.97
YBR276C,18,0.97
YOL100W,18,0.97
YMR207C,18,0.97
YOL020W,18,0.97
YOR107W,18,0.97
YKL178C,18,0.97
YOR299W,18,0.98
YCL009C,18,0.98
YLR245C,18,0.98
YDL195W,18,0.98
YPL096W,18,0.98
YFR051C,18,0.98
YNL242W,18,0.98
YBR030W,18,0.98
YDR169C,18,0.98
YDR284C,18,0.98
YGR241C,18,0.98
YPL005W,18,0.98
YBR295W,18,0.98
YDR071C,18,0.98
YGR031W,18,0.98
YGL084C,18,0.98
YNL326C,18,0.98
YLR188W,18,0.98
YMR235C,18,0.98
YOR172W,18,0.98
YOL063C,18,0.98
YDR126W,18,0.98
YLR389C,18,0.98
YBL058W,18,0.98
YDR318W,18,0.98
YAL027W,18,0.98
YKR021W,18,0.98
YBL089W,18,0.98
YDR357C,18,0.98
YDR332W,18,0.98
YBR171W,18,0.98
YER089C,18,0.98
YPL020C,18,0.98
YLR051C,18,0.98
YOR322C,18,0.98
YOR066W,18,0.98
YPR055W,18,0.98
YDR150W,18,0.98
YPL132W,18,0.98
YNR021W,18,0.98
YER047C,18,0.98
YMR277W,18,0.98
YOR342C,18,0.98
YML132W,18,0.98
YMR110C,18,0.98
YHR035W,18,0.98
YJR072C,18,0.98
YNL118C,18,0.98
YJL123C,18,0.98
YHR144C,18,0.98
YBR069C,18,0.98
YCR073C,18,0.98
YIL039W,18,0.98
YIL169C,18,0.98
YNL161W,18,0.98
YIL036W,18,0.98
YBR132C,18,0.98
YJL147C,18,0.98
YML115C,18,0.98
YPL225W,18,0.98
YOR078W,18,0.98
YDR408C,18,0.98
YDR026C,18,0.98
YMR163C,18,0.98
YMR137C,18,0.98
YFL010W-A,18,0.98
YGL163C,18,0.98
YML057W,18,0.98
YDR475C,18,0.98
YIR021W-A,18,0.98
YHR204W,18,0.98
YML076C,18,0.98
YGR251W,18,0.98
YBR188C,18,0.98
YDR014W,18,0.98
YKR065C,18,0.98
YLR116W,18,0.98
YKR089C,18,0.98
YLR020C,18,0.98
YDL036C,18,0.98
YEL001C,18,0.98
YDR138W,18,0.98
YLR442C,18,0.98
YLR077W,18,0.98
YIL041W,18,0.98
YNL241C,18,0.98
YHR107C,18,0.98
YJR121W,18,0.98
YDR260C,18,0.98
YEL042W,18,0.98
YBR091C,18,0.98
YOL070C,18,0.98
YDR410C,18,0.98
YOR356W,18,0.98
YDR479C,18,0.98
YDL168W,18,0.98
YPL180W,18,0.98
YHR134W,18,0.98
YCR052W,18,0.98
YMR285C,18,0.98
YGL231C,18,0.98
YML059C,18,0.98
YKR060W,18,0.98
YLR144C,18,0.98
YMR091C,18,0.98
YBR249C,18,0.98
YLR306W,18,0.98
YHR031C,18,0.98
YMR190C,18,0.98
YER015W,18,0.98
YDR293C,18,0.98
YGR199W,18,0.98
YLR370C,18,0.99
YCR086W,18,0.99
YDR267C,18,0.99
YMR240C,18,0.99
YHR181W,18,0.99
YNR035C,18,0.99
YDR308C,18,0.99
YKL140W,18,0.99
YKL204W,18,0.99
YLR220W,18,0.99
YMR083W,18,0.99
YNL047C,18,0.99
YNL162W-A,18,0.99
YPR163C,18,0.99
YFL042C,18,0.99
YOR042W,18,0.99
YDR359C,18,0.99
YDL055C,18,0.99
YDR390C,18,0.99
YDR005C,18,0.99
YDL161W,18,0.99
YGR119C,18,0.99
YDL121C,18,0.99
YNL029C,18,0.99
YDL143W,18,0.99
YIL023C,18,0.99
YCL010C,18,0.99
YLR126C,18,0.99
YJL174W,18,0.99
YGR201C,18,0.99
YBL091C,18,0.99
YJL165C,18,0.99
YFL024C,18,0.99
YDR298C,18,0.99
YEL052W,18,0.99
YCR026C,18,0.99
YDL225W,18,0.99
YOR281C,18,0.99
YOR221C,18,0.99
YGR062C,18,0.99
YOR196C,18,0.99
YDR266C,18,0.99
YMR264W,18,0.99
YCR016W,18,0.99
YNL293W,18,0.99
YDL142C,18,0.99
YMR111C,18,0.99
YHR206W,18,0.99
YDR323C,18,0.99
YGL124C,18,0.99
YDR288W,18,0.99
YDR205W,18,0.99
YLR060W,18,0.99
YLL029W,18,0.99
YLR361C-A,18,0.99
YFL048C,18,0.99
YJL151C,18,0.99
YPL169C,18,0.99
YNL024C-A,18,0.99
YDR174W,18,0.99
YGR072W,18,0.99
YDR484W,18,0.99
YKL166C,18,0.99
YDL180W,18,0.99
YAL036C,18,0.99
YHR111W,18,0.99
YDL109C,18,0.99
YDR300C,18,0.99
YMR233W,18,0.99
YHR030C,18,0.99
YFR013W,18,0.99
YKR026C,18,0.99
YNL008C,18,0.99
YPR031W,18,0.99
YNL035C,18,0.99
YFR044C,18,0.99
YHR086W,18,0.99
YOR188W,18,0.99
YGR075C,18,0.99
YKR048C,18,0.99
YGR193C,18,0.99
YIL089W,18,0.99
YJL095W,18,0.99
YIL065C,18,0.99
YDR339C,18,0.99
YGL039W,18,0.99
YJL041W,18,0.99
YIL161W,18,0.99
YNL215W,18,0.99
YDL115C,18,0.99
YJL127C,18,0.99
YOR009W,18,0.99
YNL291C,18,0.99
YER148W,18,0.99
YBL068W,18,0.99
YNL055C,18,0.99
YGL194C-A,18,0.99
YDR088C,18,0.99
YPL190C,18,0.99
YPL262W,18,0.99
YDR370C,18,0.99
YPR045C,18,0.99
YML014W,18,0.99
YOR112W,18,0.99
YJR154W,18,0.99
YMR067C,18,0.99
YMR132C,18,0.99
YHR152W,18,0.99
YCR030C,18,0.99
YGL228W,18,0.99
YGR047C,18,0.99
YOL025W,18,0.99
YDL203C,18,0.99
YEL051W,18,0.99
YDL088C,18,0.99
YML094W,18,0.99
YDR295C,18,0.99
YOL008W,18,0.99
YDR226W,18,0.99
YMR243C,18,0.99
YEL006W,18,0.99
YHR156C,18,0.99
YNR002C,18,0.99
YOR174W,18,0.99
YOR142W,18,0.99
YDR227W,18,0.99
YIR015W,18,0.99
YBL084C,18,0.99
YOR251C,18,0.99
YLR210W,18,0.99
YNR003C,18,0.99
YDR414C,18,0.99
YPR036W,18,0.99
YBR205W,18,0.99
YPR113W,18,0.99
YGL040C,18,0.99
YHR036W,18,0.99
YKR043C,18,0.99
YMR203W,18,0.99
YCR047C,18,0.99
YML034W,18,0.99
YJR044C,18,0.99
YML127W,18,0.99
YDR208W,18,0.99
YJL221C,18,0.99
YDR051C,18,0.99
YER002W,18,0.99
YLR016C,18,0.99
YIL031W,18,0.99
YDR197W,18,0.99
YFL001W,18,0.99
YAR050W,18,0.99
YGL211W,18,0.99
YBR110W,18,0.99
YNL149C,18,0.99
YDL208W,18,0.99
YKL098W,18,0.99
YPL150W,18,0.99
YKR015C,18,0.99
YLL031C,18,0.99
YNR029C,18,0.99
YPL120W,18,0.99
YLR059C,18,0.99
YLR392C,18,0.99
YLR090W,18,0.99
YDL076C,18,0.99
YNL282W,18,0.99
YBR228W,18,1
YGL054C,18,1
YDR276C,18,1
YFL045C,18,1
YOL139C,18,1
YDR387C,18,1
YPL149W,18,1
YKL058W,18,1
YJR068W,18,1
YGR227W,18,1
YPL151C,18,1
YJR135C,18,1
YDR256C,18,1
YGL019W,18,1
YGL070C,18,1
YIR036C,18,1
YKR074W,18,1
YPR134W,18,1
YLR373C,18,1
YAL043C,18,1
YDL226C,18,1
YPR026W,18,1
YDR409W,18,1
YGL243W,18,1
YGR029W,18,1
YMR251W-A,18,1
YDR229W,18,1
YPL192C,18,1
YCL045C,18,1
YML011C,18,1
YGR173W,18,1
YIL101C,18,1
YCR089W,18,1
YJR001W,18,1
YPR176C,18,1
YEL036C,18,1
YGR038W,18,1
YCL037C,18,1
YMR130W,18,1
YML016C,18,1
YEL062W,18,1
YOL128C,18,1
YEL030W,18,1
YNL042W,18,1
YNL216W,18,1
YGL091C,18,1
YBR162C,18,1
YFL037W,18,1
YFR028C,18,1
YBL036C,18,1
YOL001W,18,1
YLR219W,18,1
YPR173C,18,1
YLR436C,18,1
YKR029C,18,1
YBR186W,18,1
YGL221C,18,1
YLR186W,18,1
YBR270C,18,1
YGR129W,18,1
YBR157C,18,1
YDR530C,18,1
YOR231W,18,1
YLR004C,18,1
YOR018W,18,1
YKR017C,18,1
YLR192C,18,1
YOL054W,18,1
YDR030C,18,1
YLR157W-E,18,1
YJR104C,18,1
YPL050C,18,1
YIL013C,18,1
YHR184W,19,0.81
YHL035C,19,0.81
YAL037W,19,0.82
YDL170W,19,0.84
YDL118W,19,0.84
YOL052C-A,19,0.85
YER073W,19,0.85
YIL070C,19,0.86
YJL074C,19,0.87
YDR315C,19,0.88
YMR188C,19,0.89
YGL080W,19,0.89
YGR294W,19,0.89
YNL185C,19,0.89
YMR286W,19,0.89
YNR068C,19,0.89
YMR017W,19,0.89
YNL117W,19,0.89
YDR322W,19,0.89
YER137C,19,0.9
YKL068W-A,19,0.9
YCR003W,19,0.9
YOR035C,19,0.91
YBR126C,19,0.91
YEL019C,19,0.91
YHL004W,19,0.91
YHR123W,19,0.91
YMR056C,19,0.91
YDR178W,19,0.91
YNR004W,19,0.91
YFR041C,19,0.92
YKL189W,19,0.92
YJL209W,19,0.92
YOR158W,19,0.92
YLL060C,19,0.92
YGL227W,19,0.92
YDR041W,19,0.92
YGR133W,19,0.92
YPL219W,19,0.92
YBR275C,19,0.92
YHR172W,19,0.92
YJR137C,19,0.92
YML075C,19,0.92
YOL034W,19,0.93
YDR385W,19,0.93
YPL076W,19,0.93
YDR307W,19,0.93
YEL066W,19,0.93
YLL055W,19,0.93
YNL193W,19,0.93
YER165W,19,0.93
YPR133W-A,19,0.93
YLR412W,19,0.93
YER066W,19,0.93
YGR080W,19,0.93
YDR214W,19,0.93
YBR222C,19,0.93
YMR085W,19,0.93
YLL056C,19,0.93
YOL088C,19,0.93
YCL047C,19,0.94
YPL215W,19,0.94
YHL023C,19,0.94
YJL138C,19,0.94
YCR100C,19,0.94
YOR269W,19,0.94
YDR185C,19,0.94
YGL081W,19,0.94
YOR358W,19,0.94
YDR090C,19,0.94
YPL203W,19,0.94
YKR006C,19,0.94
YIL152W,19,0.94
YDR383C,19,0.94
YFR006W,19,0.94
YOR020C,19,0.94
YGL087C,19,0.94
YJL047C,19,0.94
YIL009C-A,19,0.94
YOL136C,19,0.94
YDR322C-A,19,0.94
YEL020W-A,19,0.94
YOR140W,19,0.94
YKR104W,19,0.94
YGR086C,19,0.94
YLR285W,19,0.94
YPR178W,19,0.94
YJR098C,19,0.94
YKL024C,19,0.95
YLR272C,19,0.95
YKL195W,19,0.95
YDL146W,19,0.95
YFR011C,19,0.95
YMR231W,19,0.95
YGL176C,19,0.95
YIL136W,19,0.95
YBR255C-A,19,0.95
YLR187W,19,0.95
YGR207C,19,0.95
YNL088W,19,0.95
YFL020C,19,0.95
YBR302C,19,0.95
YGR256W,19,0.95
YJL057C,19,0.95
YLR386W,19,0.95
YIL002C,19,0.95
YOL036W,19,0.95
YDR263C,19,0.95
YOL096C,19,0.95
YBR025C,19,0.95
YDR392W,19,0.95
YGR149W,19,0.95
YMR114C,19,0.95
YDR186C,19,0.95
YDL070W,19,0.95
YDL035C,19,0.95
YOR075W,19,0.95
YDL123W,19,0.95
YBR107C,19,0.95
YEL059C-A,19,0.95
YIR024C,19,0.95
YKR016W,19,0.95
YIR001C,19,0.95
YML064C,19,0.95
YKR085C,19,0.95
YJR053W,19,0.95
YGL043W,19,0.95
YNL317W,19,0.95
YNL181W,19,0.95
YMR087W,19,0.95
YDR468C,19,0.95
YOR092W,19,0.96
YGL094C,19,0.96
YLR149C,19,0.96
YDR049W,19,0.96
YLR233C,19,0.96
YMR077C,19,0.96
YCR005C,19,0.96
YDR115W,19,0.96
YDR074W,19,0.96
YGR009C,19,0.96
YPR017C,19,0.96
YJL128C,19,0.96
YLR207W,19,0.96
YOR244W,19,0.96
YGR279C,19,0.96
YMR086W,19,0.96
YGR120C,19,0.96
YHR160C,19,0.96
YHR119W,19,0.96
YOL152W,19,0.96
YFR031C,19,0.96
YOR332W,19,0.96
YPR139C,19,0.96
YPR082C,19,0.96
YDR162C,19,0.96
YJR102C,19,0.96
YDR066C,19,0.96
YCR043C,19,0.96
YPL039W,19,0.96
YOR192C,19,0.96
YGR163W,19,0.96
YLR265C,19,0.96
YCL031C,19,0.96
YMR209C,19,0.96
YML104C,19,0.96
YOR123C,19,0.96
YCR027C,19,0.96
YDL224C,19,0.96
YNL194C,19,0.96
YDL240W,19,0.96
YPL236C,19,0.96
YER113C,19,0.96
YAL024C,19,0.96
Q0160,19,0.96
YNL292W,19,0.96
YIL074C,19,0.97
YPL015C,19,0.97
YMR317W,19,0.97
YNL219C,19,0.97
YDL154W,19,0.97
YER144C,19,0.97
YOL164W,19,0.97
YML117W,19,0.97
YHR121W,19,0.97
YDR289C,19,0.97
YKL049C,19,0.97
YIL106W,19,0.97
YHR006W,19,0.97
YNL224C,19,0.97
YMR295C,19,0.97
YGR181W,19,0.97
YML119W,19,0.97
YBR085W,19,0.97
YKR103W,19,0.97
YJL053W,19,0.97
YCR033W,19,0.97
YOR025W,19,0.97
YIL064W,19,0.97
YPR065W,19,0.97
YNL106C,19,0.97
YBL066C,19,0.97
YDR350C,19,0.97
YHR195W,19,0.97
YML071C,19,0.97
YDR498C,19,0.97
YML023C,19,0.97
YHR089C,19,0.97
YDR363W-A,19,0.97
YCR024C,19,0.97
YMR293C,19,0.97
YGR247W,19,0.97
YJR142W,19,0.97
YPL176C,19,0.97
YCR092C,19,0.97
YBR212W,19,0.97
YBR082C,19,0.97
YKL181W,19,0.97
YOR190W,19,0.97
YNL050C,19,0.97
YGR001C,19,0.97
YOL056W,19,0.97
YOR019W,19,0.97
YGR246C,19,0.97
YNL164C,19,0.97
YNL146C-A,19,0.97
YMR306W,19,0.97
YMR278W,19,0.97
YGL105W,19,0.97
YOR297C,19,0.97
YDL067C,19,0.97
YMR296C,19,0.97
YBL052C,19,0.97
YKL110C,19,0.97
YDR079C-A,19,0.97
YPL228W,19,0.97
YOL143C,19,0.97
YEL004W,19,0.97
YBR173C,19,0.97
YDL235C,19,0.97
YPL017C,19,0.97
YPR004C,19,0.97
YJL013C,19,0.97
YLR099C,19,0.97
YCR028C-A,19,0.98
YOL093W,19,0.98
YJR039W,19,0.98
YBL091C-A,19,0.98
YBR049C,19,0.98
YDR231C,19,0.98
YGL104C,19,0.98
YGL058W,19,0.98
YER167W,19,0.98
YDL001W,19,0.98
YKL179C,19,0.98
YGR089W,19,0.98
YBL046W,19,0.98
YEL021W,19,0.98
YDR444W,19,0.98
YMR263W,19,0.98
YLL050C,19,0.98
YGR130C,19,0.98
YLR260W,19,0.98
YBR265W,19,0.98
YIL112W,19,0.98
YOL038W,19,0.98
YML069W,19,0.98
YNL197C,19,0.98
YHR114W,19,0.98
YDR099W,19,0.98
YMR146C,19,0.98
YER074W-A,19,0.98
YHR109W,19,0.98
YDR486C,19,0.98
YJR141W,19,0.98
YKL090W,19,0.98
YPL008W,19,0.98
YNR027W,19,0.98
YDR163W,19,0.98
YML060W,19,0.98
YDL108W,19,0.98
YEL033W,19,0.98
YMR274C,19,0.98
YNL059C,19,0.98
YPR156C,19,0.98
YPL227C,19,0.98
YBR221C,19,0.98
YML061C,19,0.98
YDR294C,19,0.98
YBR286W,19,0.98
YBR129C,19,0.98
YOR032W-A,19,0.98
YBR004C,19,0.98
YLR027C,19,0.98
YCL029C,19,0.98
YAL047C,19,0.98
YOR290C,19,0.98
YNR052C,19,0.98
YBL034C,19,0.98
YBR119W,19,0.98
YLR297W,19,0.98
YPR152C,19,0.98
YPR111W,19,0.98
YNL199C,19,0.98
YKL121W,19,0.98
YNR032W,19,0.98
YGR147C,19,0.98
YGR185C,19,0.98
YDR152W,19,0.98
YGR146C,19,0.98
YPL032C,19,0.98
YDL044C,19,0.98
YGR063C,19,0.98
YJL172W,19,0.98
YOL095C,19,0.98
YBR215W,19,0.98
YMR189W,19,0.98
YLR314C,19,0.98
YDR485C,19,0.98
YOR286W,19,0.98
YGR007W,19,0.98
YPL196W,19,0.98
YLR289W,19,0.98
YKL008C,19,0.98
YJR158W,19,0.98
YDR470C,19,0.98
YKL116C,19,0.98
YOR390W,19,0.98
YER104W,19,0.98
YDR314C,19,0.98
YJL049W,19,0.98
YIL160C,19,0.98
YHR166C,19,0.98
YOR039W,19,0.98
YGR106C,19,0.98
YPR101W,19,0.98
YGL022W,19,0.98
YGR223C,19,0.98
YIL001W,19,0.98
YDR304C,19,0.98
YOR157C,19,0.98
YER112W,19,0.99
YIL118W,19,0.99
YDR002W,19,0.99
YKL038W,19,0.99
YOR219C,19,0.99
YIR008C,19,0.99
YLR405W,19,0.99
YDR082W,19,0.99
YOR108W,19,0.99
YIL068C,19,0.99
YJR076C,19,0.99
YEL067C,19,0.99
YFR029W,19,0.99
YCL050C,19,0.99
YLR036C,19,0.99
YJR160C,19,0.99
YJR135W-A,19,0.99
YKL050C,19,0.99
YNL288W,19,0.99
YBR089C-A,19,0.99
YHR188C,19,0.99
YNL153C,19,0.99
YMR282C,19,0.99
YHL003C,19,0.99
YIL155C,19,0.99
YOR194C,19,0.99
YOR038C,19,0.99
YIL120W,19,0.99
YDR219C,19,0.99
YJL062W,19,0.99
YGR141W,19,0.99
YPR084W,19,0.99
YBR123C,19,0.99
YOR047C,19,0.99
YCR090C,19,0.99
YJR083C,19,0.99
YGR091W,19,0.99
YKR044W,19,0.99
YER083C,19,0.99
YKL011C,19,0.99
YMR074C,19,0.99
YIL124W,19,0.99
YPL002C,19,0.99
YNR020C,19,0.99
YJL117W,19,0.99
YMR172W,19,0.99
YNR017W,19,0.99
YAL014C,19,0.99
YMR154C,19,0.99
YCR018C,19,0.99
YGL247W,19,0.99
YDR244W,19,0.99
YHR083W,19,0.99
YMR161W,19,0.99
YDR460W,19,0.99
YOR089C,19,0.99
YOR171C,19,0.99
YAL044C,19,0.99
YLL006W,19,0.99
YPR128C,19,0.99
YMR159C,19,0.99
YMR127C,19,0.99
YGR282C,19,0.99
YDL099W,19,0.99
YHL047C,19,0.99
YER100W,19,0.99
YMR149W,19,0.99
YDR228C,19,0.99
YDL213C,19,0.99
YDL086W,19,0.99
YMR208W,19,0.99
YLR118C,19,0.99
YAL054C,19,0.99
YLR446W,19,0.99
YHR115C,19,0.99
YOR094W,19,0.99
YER033C,19,0.99
YHR048W,19,0.99
YFL010C,19,0.99
YFR037C,19,0.99
YOR093C,19,0.99
YLR093C,19,0.99
YOR122C,19,0.99
YOR381W,19,0.99
YBR225W,19,0.99
YDL043C,19,0.99
YBL104C,19,0.99
YIR022W,19,0.99
YOR280C,19,0.99
YER147C,19,0.99
YBL081W,19,0.99
YOL102C,19,0.99
YIL060W,19,0.99
YDR177W,19,0.99
YDR105C,19,0.99
YER186C,19,0.99
YMR299C,19,0.99
YLR065C,19,0.99
YER107C,19,0.99
YMR101C,19,0.99
YDR421W,19,0.99
YNL168C,19,0.99
YML031W,19,0.99
YPR057W,19,0.99
YGR033C,19,0.99
YDL175C,19,0.99
YML098W,19,0.99
YMR126C,19,0.99
YER051W,19,0.99
YPL213W,19,0.99
YJL140W,19,0.99
YOR262W,19,1
YMR270C,19,1
YKR106W,19,1
YGL172W,19,1
YLR372W,19,1
YKR046C,19,1
YDL133W,19,1
YKL075C,19,1
YNL151C,19,1
YCR084C,19,1
YJL112W,19,1
YMR281W,19,1
YKL084W,19,1
YML015C,19,1
YNL147W,19,1
YIL082W-A,19,1
YMR321C,19,1
YPL155C,19,1
YFL022C,19,1
YJR129C,19,1
YEL009C,19,1
YDL138W,19,1
YGR002C,19,1
YCR096C,19,1
YPL064C,19,1
YMR305C,19,1
YEL026W,19,1
YMR042W,19,1
YJR085C,19,1
YDR478W,19,1
YMR198W,19,1
YPR188C,19,1
YPL258C,19,1
YNL244C,19,1
YOR246C,19,1
YMR201C,19,1
YNL076W,19,1
YGR156W,19,1
YDR111C,19,1
YBR207W,19,1
YGR188C,19,1
YHR072W-A,19,1
YGR109W-A,19,1
YHR143W,19,1
YOR377W,19,1
YDL046W,19,1
YER019C-A,19,1
YNL066W,19,1
YER065C,19,1
YBR020W,19,1
YLL023C,19,1
YEL038W,19,1
YLR286C,19,1
YCL016C,19,1
YGR117C,19,1
YPL034W,19,1
YLR459W,19,1
YHR146W,19,1
YOR045W,19,1
YOL105C,19,1
YLR094C,19,1
YMR155W,19,1
YPL139C,19,1
YDR242W,19,1
YPL074W,19,1
YLR164W,20,0.8
YNL144C,20,0.8
YHR212W-A,20,0.81
YML009C,20,0.81
YOL082W,20,0.83
YNR062C,20,0.85
YDL164C,20,0.85
YNR007C,20,0.85
YJR095W,20,0.86
YPL247C,20,0.86
YER179W,20,0.86
YFL060C,20,0.86
YHL044W,20,0.87
YHL040C,20,0.87
YNL334C,20,0.87
YHR213W-B,20,0.87
YJL137C,20,0.87
YJL060W,20,0.87
YPR078C,20,0.88
YOR131C,20,0.88
YAR066W,20,0.88
YDR316W,20,0.88
YBL033C,20,0.89
YKL053C-A,20,0.89
YGR161W-C,20,0.89
YFL066C,20,0.89
YHR038W,20,0.89
YPL013C,20,0.9
YGR215W,20,0.9
YKR058W,20,0.9
YLR308W,20,0.9
YFR046C,20,0.9
YLR120C,20,0.9
YCR007C,20,0.9
YLR225C,20,0.9
YOL011W,20,0.91
YGR278W,20,0.91
YMR197C,20,0.91
YPL221W,20,0.91
YJL063C,20,0.91
YML055W,20,0.91
YNL122C,20,0.91
YKR053C,20,0.91
YKL093W,20,0.91
YBR233W,20,0.91
YDR499W,20,0.91
YBR152W,20,0.91
YDR156W,20,0.92
YIR030C,20,0.92
YLR115W,20,0.92
YBR005W,20,0.92
YPR005C,20,0.92
YEL063C,20,0.92
YOR275C,20,0.92
YDR261W-A,20,0.92
YDR503C,20,0.92
YNL056W,20,0.92
YDR462W,20,0.92
YMR193W,20,0.92
YPR028W,20,0.92
YOR133W,20,0.92
YPL067C,20,0.92
YBR258C,20,0.92
YNL211C,20,0.92
YDR440W,20,0.92
YDL107W,20,0.92
YPR016C,20,0.93
YNL020C,20,0.93
YGL028C,20,0.93
YGR153W,20,0.93
YLR145W,20,0.93
YGL219C,20,0.93
YBL041W,20,0.93
YER063W,20,0.93
YNR022C,20,0.93
YER031C,20,0.93
YKL192C,20,0.93
YGR171C,20,0.93
YKR059W,20,0.93
YLR304C,20,0.94
YKL091C,20,0.94
YMR104C,20,0.94
YOR189W,20,0.94
YDL025C,20,0.94
YBR007C,20,0.94
YAL038W,20,0.94
YBR280C,20,0.94
YPL042C,20,0.94
YJL003W,20,0.94
YPL218W,20,0.94
YMR124W,20,0.94
YGR289C,20,0.94
YCL064C,20,0.94
YER157W,20,0.94
YJR016C,20,0.94
YBR001C,20,0.94
YKL029C,20,0.94
YBR241C,20,0.95
YKL187C,20,0.95
YHR075C,20,0.95
YOR100C,20,0.95
YAR027W,20,0.95
YIL043C,20,0.95
YFL034C-B,20,0.95
YLR191W,20,0.95
YER149C,20,0.95
YOR205C,20,0.95
YOR307C,20,0.95
YOR179C,20,0.95
YIL056W,20,0.95
YBR263W,20,0.95
YMR213W,20,0.95
YGL242C,20,0.95
YBR217W,20,0.95
YML022W,20,0.95
YLL021W,20,0.95
YOR031W,20,0.95
YDR068W,20,0.95
YLR312W-A,20,0.95
YLR293C,20,0.95
YGR096W,20,0.95
YBR019C,20,0.95
YGL050W,20,0.95
YBL045C,20,0.95
YNL316C,20,0.95
YLR182W,20,0.95
YAR031W,20,0.95
YHR011W,20,0.95
YDR338C,20,0.95
YNL323W,20,0.95
YOL043C,20,0.95
YNL183C,20,0.95
YFL046W,20,0.95
YDR469W,20,0.95
YDR140W,20,0.95
YDL202W,20,0.95
YML041C,20,0.95
YHR177W,20,0.95
YER068W,20,0.96
YDR461W,20,0.96
YPL058C,20,0.96
YHR175W-A,20,0.96
YMR210W,20,0.96
YNL280C,20,0.96
YAL032C,20,0.96
YPL174C,20,0.96
YJR112W-A,20,0.96
YGR076C,20,0.96
YDR356W,20,0.96
YLR278C,20,0.96
YJR134C,20,0.96
YCR097W,20,0.96
YIL154C,20,0.96
YFR019W,20,0.96
YGL185C,20,0.96
YHR082C,20,0.96
YKL188C,20,0.96
YMR004W,20,0.96
YJL141C,20,0.96
YDL056W,20,0.96
YGR059W,20,0.96
YMR044W,20,0.96
YMR064W,20,0.96
YGL053W,20,0.96
YHR108W,20,0.96
YPR115W,20,0.96
YDR441C,20,0.96
YMR148W,20,0.96
YNL259C,20,0.96
YDR058C,20,0.96
YGL065C,20,0.96
YGL197W,20,0.96
YGR102C,20,0.96
YIL097W,20,0.96
YKL092C,20,0.96
YPL208W,20,0.96
YDR132C,20,0.96
YNL103W,20,0.96
YBL071W-A,20,0.96
YPL045W,20,0.96
YOR266W,20,0.96
YMR279C,20,0.96
YFL013C,20,0.96
YHR097C,20,0.96
YBR243C,20,0.96
YKL060C,20,0.96
YDR173C,20,0.97
YPR105C,20,0.97
YBR022W,20,0.97
YGL213C,20,0.97
YBR087W,20,0.97
YIL162W,20,0.97
YLR238W,20,0.97
YOR132W,20,0.97
YGL018C,20,0.97
YPL224C,20,0.97
YGL253W,20,0.97
YCR002C,20,0.97
YJL185C,20,0.97
YKL154W,20,0.97
YLR108C,20,0.97
YDR482C,20,0.97
YDR525W-A,20,0.97
YFL018C,20,0.97
YLR095C,20,0.97
YLL001W,20,0.97
YPL237W,20,0.97
YNL206C,20,0.97
YDR004W,20,0.97
YDR438W,20,0.97
YDR377W,20,0.97
YBL006C,20,0.97
YMR160W,20,0.97
YOL066C,20,0.97
YJL097W,20,0.97
YHR175W,20,0.97
YJR084W,20,0.97
YKL133C,20,0.97
YCR045C,20,0.97
YOL116W,20,0.97
YER076C,20,0.97
YOL077W-A,20,0.97
YMR097C,20,0.97
YDR373W,20,0.97
YPL024W,20,0.97
YNR067C,20,0.97
YGR084C,20,0.97
YNR041C,20,0.97
YFL039C,20,0.97
YLR134W,20,0.97
YAL039C,20,0.97
YGR235C,20,0.97
YER044C,20,0.97
YLR033W,20,0.97
YGR266W,20,0.97
YHR101C,20,0.97
YLL051C,20,0.97
YCR020W-B,20,0.97
YBR044C,20,0.97
YJL163C,20,0.97
YDL149W,20,0.97
YJL203W,20,0.97
YKR022C,20,0.97
YPL075W,20,0.97
YDR050C,20,0.97
YIR021W,20,0.97
YKL150W,20,0.97
YNL251C,20,0.97
YDR311W,20,0.97
YNR015W,20,0.98
YLR271W,20,0.98
YGR208W,20,0.98
YLR360W,20,0.98
YMR136W,20,0.98
YPL028W,20,0.98
YPR025C,20,0.98
YDL020C,20,0.98
YLR332W,20,0.98
YML036W,20,0.98
YDR386W,20,0.98
YJR046W,20,0.98
YDR406W,20,0.98
YNL025C,20,0.98
YHL019C,20,0.98
YBL051C,20,0.98
YKR002W,20,0.98
YBR111W-A,20,0.98
YLR353W,20,0.98
YPR042C,20,0.98
YLL012W,20,0.98
YOR252W,20,0.98
YBL015W,20,0.98
YHR005C-A,20,0.98
YLR172C,20,0.98
YLR361C,20,0.98
YHL038C,20,0.98
YLR399C,20,0.98
YLR328W,20,0.98
YHR025W,20,0.98
YER120W,20,0.98
YNL330C,20,0.98
YOR355W,20,0.98
YOL148C,20,0.98
YNL336W,20,0.98
YBR098W,20,0.98
YOR320C,20,0.98
YBR078W,20,0.98
YMR192W,20,0.98
YGR257C,20,0.98
YKL193C,20,0.98
YLL007C,20,0.98
YGL200C,20,0.98
YKR101W,20,0.98
YCL002C,20,0.98
YJL194W,20,0.98
YPR067W,20,0.98
YGL198W,20,0.98
YGL181W,20,0.98
YEL056W,20,0.98
YBL057C,20,0.98
YLR209C,20,0.98
YER174C,20,0.98
YOR044W,20,0.98
YMR200W,20,0.98
YMR294W,20,0.98
YJL145W,20,0.98
YJL133W,20,0.98
YDR210W,20,0.98
YLR147C,20,0.98
YOR110W,20,0.98
YHR062C,20,0.98
YDR476C,20,0.99
YNR048W,20,0.99
YBR294W,20,0.99
YPR107C,20,0.99
YDR146C,20,0.99
YCL001W,20,0.99
YDL233W,20,0.99
R0030W,20,0.99
YAL062W,20,0.99
YIR027C,20,0.99
YER119C,20,0.99
YFR039C,20,0.99
YHR026W,20,0.99
YDL189W,20,0.99
YDR151C,20,0.99
YKL046C,20,0.99
YHR200W,20,0.99
YGR104C,20,0.99
YJR069C,20,0.99
YNL237W,20,0.99
YHR135C,20,0.99
YDL052C,20,0.99
YGL225W,20,0.99
YOR023C,20,0.99
YNL051W,20,0.99
YLR082C,20,0.99
YBR057C,20,0.99
YGL160W,20,0.99
YJR099W,20,0.99
YAR068W,20,0.99
YNL113W,20,0.99
YLR396C,20,0.99
YJR060W,20,0.99
YDL209C,20,0.99
YCR069W,20,0.99
YBR150C,20,0.99
YER030W,20,0.99
YBL095W,20,0.99
YNL006W,20,0.99
YNL167C,20,0.99
YJR082C,20,0.99
YIR025W,20,0.99
YOR279C,20,0.99
YDR181C,20,0.99
YDR145W,20,0.99
YHL032C,20,0.99
YMR118C,20,0.99
YDL166C,20,0.99
YBL102W,20,0.99
YMR138W,20,0.99
YBL059W,20,0.99
YNL136W,20,0.99
YNL068C,20,0.99
YKL025C,20,0.99
YIL138C,20,0.99
YKL105C,20,0.99
YLR456W,20,0.99
YOR008C,20,0.99
YOR349W,20,0.99
YJR013W,20,0.99
YPL164C,20,0.99
YJR009C,20,0.99
YLR229C,20,0.99
YPR114W,20,0.99
YFL038C,20,0.99
YGR005C,20,0.99
YMR303C,20,0.99
YGR177C,20,0.99
YDL008W,20,0.99
YOL155C,20,0.99
YDR196C,20,0.99
YNL145W,20,1
YNL298W,20,1
YBR103W,20,1
YKL160W,20,1
YCR034W,20,1
YDR448W,20,1
YJR010C-A,20,1
YOL030W,20,1
YER159C,20,1
YOL133W,20,1
YJR091C,20,1
YER007C-A,20,1
YGR237C,20,1
YBR160W,20,1
YDL159W,20,1
YGR172C,20,1
YJL158C,20,1
YLR206W,20,1
YDR329C,20,1
YBR153W,20,1
YLR131C,20,1
YDL219W,20,1
YJR024C,20,1
YLR342W-A,21,0.8
YDR079W,21,0.81
YER145C,21,0.81
YMR105W-A,21,0.82
YPR175W,21,0.83
YLR161W,21,0.83
YOR027W,21,0.84
YHR132W-A,21,0.84
YER079W,21,0.84
YBR208C,21,0.84
YEL005C,21,0.85
YER043C,21,0.85
YAL030W,21,0.86
YDR191W,21,0.87
YBR269C,21,0.87
YLR034C,21,0.87
YMR106C,21,0.87
YMR158W,21,0.88
YBL042C,21,0.88
YOR378W,21,0.88
YER153C,21,0.88
YPL108W,21,0.89
YKL101W,21,0.89
YGR067C,21,0.89
YHL021C,21,0.89
YLR092W,21,0.89
YGR285C,21,0.89
YJL113W,21,0.89
YMR194C-B,21,0.89
YOR334W,21,0.89
YCR108C,21,0.9
YMR029C,21,0.9
YNL253W,21,0.9
YOR238W,21,0.9
YPL188W,21,0.9
YMR244W,21,0.9
YDR374W-A,21,0.9
YDL229W,21,0.9
YAL028W,21,0.91
YIL098C,21,0.91
YER190W,21,0.91
YDR142C,21,0.91
YEL064C,21,0.91
YER044C-A,21,0.91
YDR114C,21,0.91
YPL272C,21,0.91
YLR439W,21,0.91
YNL262W,21,0.91
YER072W,21,0.91
YOR386W,21,0.92
YPR100W,21,0.92
YPL165C,21,0.92
YGR078C,21,0.92
YNL045W,21,0.92
YGR125W,21,0.92
YDR279W,21,0.92
YHR159W,21,0.92
YJL037W,21,0.92
YJR034W,21,0.92
YKR009C,21,0.92
YCL067C,21,0.92
YJL083W,21,0.92
YPR069C,21,0.92
YJL146W,21,0.93
YOR267C,21,0.93
YPR204W,21,0.93
YDR453C,21,0.93
YGL193C,21,0.93
YOR195W,21,0.93
YGR136W,21,0.93
YDL072C,21,0.93
YLR417W,21,0.93
YOL159C,21,0.93
YER138W-A,21,0.93
YPL183W-A,21,0.93
YLR081W,21,0.93
YBL069W,21,0.93
YOR103C,21,0.93
YNL081C,21,0.94
YDL135C,21,0.94
YML030W,21,0.94
YHR174W,21,0.94
YHR014W,21,0.94
YBL059C-A,21,0.94
YIL009W,21,0.94
YMR081C,21,0.94
YFL068W,21,0.94
YGR180C,21,0.94
YGR161W-B,21,0.94
YMR177W,21,0.94
YBR092C,21,0.94
YNL159C,21,0.94
YOR367W,21,0.94
YBR047W,21,0.94
YMR028W,21,0.95
YNL225C,21,0.95
YAL044W-A,21,0.95
YOR076C,21,0.95
YGL155W,21,0.95
YDL033C,21,0.95
YBL100W-B,21,0.95
YBL038W,21,0.95
YPR030W,21,0.95
YAL051W,21,0.95
YGR225W,21,0.95
YNL269W,21,0.95
YHR118C,21,0.95
YHR007C,21,0.95
YHR190W,21,0.95
YPR023C,21,0.95
YBR264C,21,0.95
YNL100W,21,0.95
YJL062W-A,21,0.95
YDR261C,21,0.95
YDR541C,21,0.95
YGR015C,21,0.95
YOL029C,21,0.95
YCL051W,21,0.95
YKL035W,21,0.95
YJL127C-B,21,0.95
YDR331W,21,0.95
YHR219W,21,0.95
YPL265W,21,0.96
YJR052W,21,0.96
YDR367W,21,0.96
YNL058C,21,0.96
YOR365C,21,0.96
YDR084C,21,0.96
YDR019C,21,0.96
YPR155C,21,0.96
YDL245C,21,0.96
YLR044C,21,0.96
YJR113C,21,0.96
YGR206W,21,0.96
YLR165C,21,0.96
YGL226C-A,21,0.96
YLR404W,21,0.96
YIL034C,21,0.96
YGL237C,21,0.96
YBR060C,21,0.96
YDL053C,21,0.96
YBL112C,21,0.96
YJR093C,21,0.96
YGL174W,21,0.96
YOR162C,21,0.96
YBR298C,21,0.96
YJR021C,21,0.96
YMR225C,21,0.96
YCR065W,21,0.96
YNL003C,21,0.96
YDR371W,21,0.96
YLR025W,21,0.96
YJL155C,21,0.96
YHR211W,21,0.96
YPR040W,21,0.96
YLR098C,21,0.96
YHL009W-B,21,0.97
YER109C,21,0.97
YFR032C,21,0.97
YJL160C,21,0.97
YJL210W,21,0.97
YGL003C,21,0.97
YMR221C,21,0.97
YHR090C,21,0.97
YDR055W,21,0.97
YCR079W,21,0.97
YHR149C,21,0.97
YMR112C,21,0.97
YOR163W,21,0.97
YAL001C,21,0.97
YER009W,21,0.97
YDL079C,21,0.97
YLR395C,21,0.97
YDL077C,21,0.97
YFL049W,21,0.97
YJL052W,21,0.97
YML038C,21,0.97
YGR021W,21,0.97
YGR042W,21,0.97
YKL089W,21,0.97
YIL004C,21,0.97
YJL192C,21,0.97
YMR135C,21,0.97
YKR067W,21,0.97
YCR059C,21,0.97
YGL210W,21,0.97
YKR068C,21,0.97
YPL133C,21,0.97
YFR043C,21,0.97
YPL107W,21,0.97
YIR010W,21,0.97
YHR039C,21,0.97
YKR010C,21,0.97
YHR100C,21,0.97
YPL109C,21,0.97
YJL092W,21,0.97
YBR210W,21,0.97
YDR305C,21,0.97
YNR023W,21,0.97
YHR192W,21,0.97
YOR022C,21,0.97
YOR016C,21,0.97
YPR180W,21,0.97
YDR183W,21,0.97
YLR246W,21,0.98
YKL087C,21,0.98
YGR169C-A,21,0.98
YDR517W,21,0.98
YGR252W,21,0.98
YER141W,21,0.98
YOR033C,21,0.98
YMR117C,21,0.98
YMR002W,21,0.98
YLL010C,21,0.98
YOR161C,21,0.98
YML020W,21,0.98
YJR050W,21,0.98
YHR013C,21,0.98
YIL040W,21,0.98
YGR110W,21,0.98
YEL023C,21,0.98
YEL043W,21,0.98
R0040C,21,0.98
YAL009W,21,0.98
YKR080W,21,0.98
YER118C,21,0.98
YKL039W,21,0.98
YMR037C,21,0.98
YMR220W,21,0.98
YBR130C,21,0.98
YKL167C,21,0.98
YDR336W,21,0.98
YJR148W,21,0.98
YJL149W,21,0.98
YML062C,21,0.98
YBL009W,21,0.98
YDR233C,21,0.98
YIL105C,21,0.98
YNL074C,21,0.98
YPL055C,21,0.98
YNL222W,21,0.98
YJR115W,21,0.98
YKL186C,21,0.98
R0020C,21,0.98
YDL223C,21,0.98
YKL122C,21,0.98
YGL232W,21,0.98
YGL113W,21,0.98
YCR048W,21,0.99
YKL052C,21,0.99
YGR195W,21,0.99
YAL013W,21,0.99
YIL021W,21,0.99
YNL039W,21,0.99
YDR047W,21,0.99
YAL033W,21,0.99
YMR307W,21,0.99
YNL053W,21,0.99
YBR254C,21,0.99
YJL105W,21,0.99
YKR045C,21,0.99
YOR372C,21,0.99
YGR074W,21,0.99
YML085C,21,0.99
YHR050W,21,0.99
YDR077W,21,0.99
YDL207W,21,0.99
YLR394W,21,0.99
YPR187W,21,0.99
YGR158C,21,0.99
YIL027C,21,0.99
YHR199C,21,0.99
YPR168W,21,0.99
YNL116W,21,0.99
YOR106W,21,0.99
YPR052C,21,0.99
YDL165W,21,0.99
YJL004C,21,0.99
YFL062W,21,0.99
YJR116W,21,0.99
YKL059C,21,0.99
YPR037C,21,0.99
YNL176C,21,0.99
YIR023W,21,0.99
YNL321W,21,0.99
YKL132C,21,0.99
YCR066W,21,0.99
YLR426W,21,0.99
YGR020C,21,0.99
YLR316C,21,0.99
YDR285W,21,0.99
YBL018C,21,0.99
YPL178W,21,0.99
YOR081C,21,0.99
YNR013C,21,0.99
YOR315W,21,0.99
YDL092W,21,0.99
YMR236W,21,0.99
YKL207W,21,0.99
YOR073W,21,0.99
YDL230W,21,0.99
YOR278W,21,0.99
YJL178C,21,1
YCR060W,21,1
YHR128W,21,1
YIL077C,21,1
YOR079C,21,1
YGR070W,21,1
YJR077C,21,1
YMR043W,21,1
YML012W,21,1
YNL223W,21,1
YJR015W,21,1
YHR140W,22,0.8
YJL187C,22,0.84
YGL035C,22,0.84
YPR009W,22,0.85
YDR097C,22,0.85
YKL148C,22,0.85
YMR169C,22,0.85
YLL002W,22,0.86
YLR432W,22,0.87
YBR250W,22,0.87
YLR343W,22,0.87
YJR011C,22,0.88
YIL114C,22,0.88
YGR112W,22,0.88
YLR345W,22,0.89
YDR320C-A,22,0.89
YPL252C,22,0.89
YBR214W,22,0.89
YGR220C,22,0.89
YNL209W,22,0.89
YDL059C,22,0.89
YLR364W,22,0.89
YOR062C,22,0.89
YKL214C,22,0.9
YCL012C,22,0.9
YJL030W,22,0.9
YFR045W,22,0.9
YDR425W,22,0.91
YCR071C,22,0.91
YPR191W,22,0.91
YOR152C,22,0.91
YFR008W,22,0.91
YGL128C,22,0.91
YDR118W,22,0.92
YGL166W,22,0.92
YPR083W,22,0.92
YPR174C,22,0.92
YBR109C,22,0.92
YNL265C,22,0.92
YER029C,22,0.92
YDL179W,22,0.92
YHL020C,22,0.92
YDR524W-C,22,0.93
YKL185W,22,0.93
YDR493W,22,0.93
YJL102W,22,0.93
YML081C-A,22,0.93
YMR123W,22,0.93
YDL103C,22,0.93
YER039C,22,0.93
YPL269W,22,0.93
YHR080C,22,0.93
YOR097C,22,0.93
YNR037C,22,0.93
YLL067C,22,0.93
YPL011C,22,0.93
YGR154C,22,0.94
YBR197C,22,0.94
YNL192W,22,0.94
YML109W,22,0.94
YOR192C-B,22,0.94
YLR300W,22,0.94
YLR066W,22,0.94
YKL023W,22,0.94
YFR036W,22,0.94
YNL027W,22,0.94
YBR039W,22,0.94
YDR461C-A,22,0.94
YOR159C,22,0.94
YKL081W,22,0.94
YOR343W-B,22,0.94
YFL067W,22,0.94
YMR298W,22,0.94
YNL339C,22,0.94
YIL007C,22,0.94
YBL050W,22,0.95
YGL143C,22,0.95
YML114C,22,0.95
YJR067C,22,0.95
YJL079C,22,0.95
YGR287C,22,0.95
YDR148C,22,0.95
YKL003C,22,0.95
YNL018C,22,0.95
YJL101C,22,0.95
YJL005W,22,0.95
YMR244C-A,22,0.95
YLR410W-B,22,0.95
YIL044C,22,0.95
YPL158C,22,0.95
YNL264C,22,0.95
YLR381W,22,0.95
YFL002W-A,22,0.95
YHL031C,22,0.95
YKR019C,22,0.95
YNL254C,22,0.95
YCR020C,22,0.96
YHR061C,22,0.96
YPL152W,22,0.96
YNL063W,22,0.96
YDR200C,22,0.96
YGL057C,22,0.96
YGL248W,22,0.96
YKL141W,22,0.96
YBR278W,22,0.96
YHR198C,22,0.96
YNL290W,22,0.96
YMR291W,22,0.96
YML078W,22,0.96
YPR170W-B,22,0.96
YGR189C,22,0.96
YGR194C,22,0.96
YER057C,22,0.96
YNL231C,22,0.96
YGL061C,22,0.96
YIL144W,22,0.96
YOR265W,22,0.96
YKL018C-A,22,0.96
YIL156W-B,22,0.96
YDR210W-B,22,0.96
YNL165W,22,0.96
YPL031C,22,0.96
YDR182W,22,0.96
YBR244W,22,0.96
YHR157W,22,0.96
YGL192W,22,0.96
YDL120W,22,0.96
YOR264W,22,0.96
YDR451C,22,0.96
YOR003W,22,0.96
YIL046W,22,0.97
YLL027W,22,0.97
YEL011W,22,0.97
YEL061C,22,0.97
YKL112W,22,0.97
YDL091C,22,0.97
YKR090W,22,0.97
YBR261C,22,0.97
YGL093W,22,0.97
YJR144W,22,0.97
YGL191W,22,0.97
YPL049C,22,0.97
YDR042C,22,0.97
YER092W,22,0.97
YGL075C,22,0.97
YDL155W,22,0.97
YJR057W,22,0.97
YFR003C,22,0.97
YPR034W,22,0.97
YJL124C,22,0.97
YPL066W,22,0.97
YOR384W,22,0.98
YNL078W,22,0.98
YKR013W,22,0.98
YLL022C,22,0.98
YGL063W,22,0.98
YPL100W,22,0.98
YOR156C,22,0.98
YPL129W,22,0.98
YDL192W,22,0.98
YOR305W,22,0.98
YHR176W,22,0.98
YDL028C,22,0.98
YGR014W,22,0.98
YPL148C,22,0.98
YCL034W,22,0.98
YIL002W-A,22,0.98
YJL131C,22,0.98
YAL060W,22,0.98
YNL188W,22,0.98
YLR337C,22,0.98
YDL206W,22,0.98
YPL138C,22,0.98
YDR405W,22,0.98
YCR020C-A,22,0.98
YHR042W,22,0.98
YGL079W,22,0.98
YLR135W,22,0.98
YDL220C,22,0.98
YPR027C,22,0.98
YPR051W,22,0.98
YBL063W,22,0.98
YPR153W,22,0.98
YBL025W,22,0.98
YGL134W,22,0.98
YDR176W,22,0.98
YPL098C,22,0.98
YLR046C,22,0.99
YPR131C,22,0.99
YDL064W,22,0.99
YOR085W,22,0.99
YNL305C,22,0.99
YDR397C,22,0.99
YBL001C,22,0.99
YNR018W,22,0.99
YHR051W,22,0.99
YLR045C,22,0.99
YGL106W,22,0.99
YNL331C,22,0.99
YLR375W,22,0.99
YOR208W,22,0.99
YIL158W,22,0.99
YDR309C,22,0.99
YNR046W,22,0.99
YDL005C,22,0.99
YGR140W,22,0.99
YOL072W,22,0.99
YOR276W,22,0.99
YBR187W,22,0.99
YGL212W,22,0.99
YBR014C,22,0.99
YHR060W,22,0.99
YNL322C,22,0.99
YOR271C,22,0.99
YNR028W,22,0.99
YBL032W,22,0.99
YKR051W,22,0.99
YJR004C,22,0.99
YJL134W,22,0.99
YBR242W,22,0.99
YHR194W,22,0.99
YOR070C,22,1
YKR038C,22,1
YER115C,22,1
YDR167W,22,1
YMR038C,22,1
YIL123W,22,1
YGR196C,22,1
YOR224C,22,1
YLR390W-A,22,1
YMR133W,22,1
YNL283C,22,1
YER019W,22,1
YOR026W,22,1
YKL219W,22,1
YAR033W,22,1
YOL126C,22,1
YGL025C,22,1
YPR066W,22,1
YIL135C,22,1
YNR057C,22,1
YPR010C-A,23,0.84
YGR121C,23,0.84
YER121W,23,0.85
YIL099W,23,0.85
YDR277C,23,0.86
YOL007C,23,0.86
YMR166C,23,0.86
YCL026C-A,23,0.86
YMR022W,23,0.87
YOL090W,23,0.87
YNL146W,23,0.87
YER001W,23,0.87
YFL008W,23,0.87
YKL016C,23,0.87
YJR043C,23,0.87
YJR120W,23,0.88
YNR060W,23,0.88
YLR383W,23,0.88
YGL175C,23,0.88
YCR046C,23,0.89
YOL123W,23,0.89
YBR182C,23,0.9
YPR075C,23,0.9
YNL102W,23,0.9
YLR390W,23,0.9
YIL140W,23,0.9
YDR507C,23,0.9
YNL328C,23,0.9
YBR234C,23,0.9
YNR069C,23,0.9
YOR192C-C,23,0.91
YBR194W,23,0.91
YHR191C,23,0.91
YDR100W,23,0.91
YPR013C,23,0.91
YOR032C,23,0.91
YHL009W-A,23,0.91
YBL099W,23,0.92
YEL027W,23,0.92
YML133C,23,0.92
YDR116C,23,0.92
YDL045W-A,23,0.92
YER095W,23,0.92
YDL106C,23,0.92
YKL067W,23,0.92
YLR052W,23,0.92
YJR161C,23,0.92
YKR102W,23,0.92
YNL273W,23,0.93
YMR072W,23,0.93
Q0055,23,0.93
YPL007C,23,0.93
YPL256C,23,0.93
YNL233W,23,0.93
YOR396W,23,0.93
YPL060W,23,0.93
YKL056C,23,0.93
YBR112C,23,0.94
YOL084W,23,0.94
YJL201W,23,0.94
YMR034C,23,0.94
YPL194W,23,0.94
YPL016W,23,0.94
YJR117W,23,0.94
YJL184W,23,0.94
YGR275W,23,0.94
YDR529C,23,0.94
YOR017W,23,0.94
YJR014W,23,0.94
YNL173C,23,0.94
YDR488C,23,0.95
YBR231C,23,0.95
YAL020C,23,0.95
YLL024C,23,0.95
YOR352W,23,0.95
YDR261W-B,23,0.95
YKL071W,23,0.95
YLR110C,23,0.95
YLL049W,23,0.95
YJL121C,23,0.95
YDR532C,23,0.95
YIL051C,23,0.95
YKR066C,23,0.95
YBR193C,23,0.95
YMR122W-A,23,0.95
YOL015W,23,0.95
YJL059W,23,0.96
YPR199C,23,0.96
YDL017W,23,0.96
YHL050C,23,0.96
YJL051W,23,0.96
YLR441C,23,0.96
YNL152W,23,0.96
YKL146W,23,0.96
YDL243C,23,0.96
YHL025W,23,0.96
YBL080C,23,0.96
YLR078C,23,0.96
YMR052W,23,0.96
YKL032C,23,0.96
YMR145C,23,0.96
YML077W,23,0.96
YHR158C,23,0.96
YDL047W,23,0.97
YOR368W,23,0.97
YGR222W,23,0.97
YGL154C,23,0.97
YGL002W,23,0.97
YBR230C,23,0.97
YPL253C,23,0.97
YGL038C,23,0.97
YCR061W,23,0.97
YGR295C,23,0.97
YOR353C,23,0.97
YHR193C,23,0.97
YDR096W,23,0.97
YJR017C,23,0.97
YGL164C,23,0.97
YGR041W,23,0.97
YMR272C,23,0.97
YOR128C,23,0.97
YHR068W,23,0.97
YDR352W,23,0.97
YOL094C,23,0.97
YOR125C,23,0.97
YPL070W,23,0.97
YAR008W,23,0.97
YGL101W,23,0.98
YOR223W,23,0.98
YOL112W,23,0.98
YLR181C,23,0.98
YHR008C,23,0.98
YJL077C,23,0.98
YCR099C,23,0.98
YKL190W,23,0.98
YML052W,23,0.98
YML021C,23,0.98
YNL156C,23,0.98
YOR292C,23,0.98
YPR063C,23,0.98
YGR205W,23,0.98
YAL034C,23,0.98
YKL159C,23,0.99
YKL171W,23,0.99
YDL157C,23,0.99
YDR213W,23,0.99
YPL199C,23,0.99
YKL217W,23,0.99
YMR183C,23,0.99
YKR087C,23,0.99
YDR045C,23,0.99
YOR257W,23,0.99
YPR129W,23,0.99
YCL008C,23,0.99
YMR252C,23,0.99
YLR040C,23,0.99
YOL073C,23,0.99
YHL006C,23,0.99
YOR049C,23,0.99
YPL144W,23,0.99
YMR003W,23,0.99
YKR052C,23,0.99
YIL017C,23,0.99
YPR062W,23,0.99
YMR312W,23,0.99
YCL057C-A,23,0.99
YDR378C,23,1
YPL168W,23,1
YGL020C,23,1
YGR262C,23,1
YER101C,23,1
YOR148C,23,1
YBR252W,23,1
YKL168C,23,1
YPR135W,24,0.8
YLR264C-A,24,0.8
YLR119W,24,0.81
YFR032C-B,24,0.82
YOL047C,24,0.83
YFR005C,24,0.85
YCL061C,24,0.85
YBL035C,24,0.86
YHR059W,24,0.86
YOR144C,24,0.86
YJL019W,24,0.87
YMR222C,24,0.87
YAL064W-B,24,0.87
YIL166C,24,0.87
YBR073W,24,0.88
YGR203W,24,0.88
YOL014W,24,0.88
YBR066C,24,0.89
YPL230W,24,0.89
YJL103C,24,0.89
YGL127C,24,0.89
YCR023C,24,0.9
YAR007C,24,0.9
YBR281C,24,0.91
YOR136W,24,0.91
YJL225C,24,0.91
YPL123C,24,0.92
YLR213C,24,0.92
Q0070,24,0.92
YGR296W,24,0.92
YHR022C,24,0.92
YLR180W,24,0.92
YBL111C,24,0.92
YPR141C,24,0.92
YPL072W,24,0.93
YOR316C,24,0.93
YPR018W,24,0.93
YFL017W-A,24,0.93
YLR125W,24,0.93
YIL177C,24,0.93
YDR089W,24,0.93
YIR018W,24,0.93
YBR251W,24,0.94
YOR357C,24,0.94
YDR538W,24,0.94
YLR457C,24,0.94
YIL016W,24,0.94
YPR202W,24,0.94
YLR321C,24,0.94
YNR049C,24,0.94
YIL020C,24,0.94
YDL174C,24,0.95
YDR439W,24,0.95
YEL077C,24,0.95
YHR129C,24,0.95
YCL019W,24,0.95
YAL055W,24,0.95
YKL130C,24,0.95
YPL038W,24,0.95
YPL096C-A,24,0.95
YOR064C,24,0.95
YPR106W,24,0.96
YGR105W,24,0.96
YPR093C,24,0.96
YIL121W,24,0.96
YHR002W,24,0.96
YMR063W,24,0.96
YGL071W,24,0.96
YKL063C,24,0.96
YMR311C,24,0.96
YMR273C,24,0.96
YDR034C-A,24,0.96
YPL279C,24,0.96
YCR076C,24,0.97
YLR055C,24,0.97
YBR108W,24,0.97
YGL254W,24,0.97
YBL113C,24,0.97
YLR170C,24,0.97
YML008C,24,0.97
YLR177W,24,0.97
YDR034C-D,24,0.97
YLR437C,24,0.97
YNL277W,24,0.97
YLR038C,24,0.98
YHR058C,24,0.98
YGR109W-B,24,0.98
YJR127C,24,0.98
YKL041W,24,0.98
YER088C,24,0.98
YNL097C,24,0.98
YLR179C,24,0.98
YOL028C,24,0.98
YEL034W,24,0.98
YPL071C,24,0.98
YLR006C,24,0.98
YKL017C,24,0.98
YAL046C,24,0.98
YDR534C,24,0.98
YKL156W,24,0.98
YLR355C,24,0.98
YOL053W,24,0.99
YBR037C,24,0.99
YBR162W-A,24,0.99
YEL044W,24,0.99
YGL108C,24,0.99
YLR053C,24,0.99
YER032W,24,0.99
YIL049W,24,0.99
R0010W,24,0.99
YDL065C,24,0.99
YLR130C,24,0.99
YDL173W,24,0.99
YER064C,24,0.99
YML053C,24,1
YDR424C,24,1
YOR380W,24,1
YJR147W,24,1
YEL016C,24,1
YGR113W,24,1
YGL222C,24,1
YPL116W,24,1
YEL018W,24,1
YDL105W,25,0.82
YDR046C,25,0.82
YLL042C,25,0.82
YOR012W,25,0.83
YHR116W,25,0.83
YDR270W,25,0.84
Q0045,25,0.85
YLR204W,25,0.85
YDL110C,25,0.85
YDR403W,25,0.86
YNR014W,25,0.86
YNL335W,25,0.87
YJR118C,25,0.87
YLR234W,25,0.88
YHR218W,25,0.88
YBL043W,25,0.88
YKL070W,25,0.88
YGL188C-A,25,0.89
YOR313C,25,0.89
YER020W,25,0.89
YBR135W,25,0.9
YML129C,25,0.9
YER111C,25,0.9
YJL106W,25,0.9
YOL108C,25,0.9
YKR020W,25,0.9
YKL062W,25,0.9
YBL100W-A,25,0.91
YKR069W,25,0.91
YJR159W,25,0.91
YPL209C,25,0.91
YHR105W,25,0.92
YPR194C,25,0.92
YDR085C,25,0.92
YDR393W,25,0.92
YBR230W-A,25,0.92
YIL042C,25,0.93
YDR052C,25,0.93
YDR252W,25,0.94
YDL101C,25,0.94
YPL046C,25,0.94
YJR112W,25,0.94
YHR208W,25,0.94
YPL283C,25,0.94
YBR042C,25,0.94
YIL153W,25,0.94
YPL127C,25,0.94
YKL138C-A,25,0.95
YJL159W,25,0.95
YEL003W,25,0.95
YLR273C,25,0.95
YAL040C,25,0.95
YOR113W,25,0.96
YLR079W,25,0.96
YKR037C,25,0.96
YDR201W,25,0.96
YLR128W,25,0.96
YAL012W,25,0.96
YNL327W,25,0.96
YIL006W,25,0.96
YMR256C,25,0.96
YJR086W,25,0.96
YPL037C,25,0.96
YGL012W,25,0.96
YOR181W,25,0.96
YJR152W,25,0.97
YOL122C,25,0.97
YER128W,25,0.97
YDR423C,25,0.97
YDR510W,25,0.97
YPL041C,25,0.97
YPL255W,25,0.97
YEL007W,25,0.97
YOR351C,25,0.97
YER059W,25,0.97
YIL117C,25,0.98
YLR139C,25,0.98
YLR011W,25,0.98
YIL063C,25,0.98
YDL085C-A,25,0.98
YGR183C,25,0.98
YHR210C,25,0.98
YBL085W,25,0.98
YBR117C,25,0.98
YDR471W,25,0.98
YOR178C,25,0.98
YJR094C,25,0.98
YGL226W,25,0.98
YDR092W,25,0.98
YEL040W,25,0.99
YNL080C,25,0.99
YLR288C,25,0.99
YGR058W,25,0.99
YJL065C,25,0.99
YLR350W,25,0.99
YBR284W,25,0.99
YDR130C,25,0.99
YBR239C,25,0.99
YML025C,25,0.99
YMR053C,25,0.99
YER146W,25,0.99
YBR289W,25,0.99
YNL166C,25,0.99
YKL069W,25,0.99
YPR171W,25,1
YLR268W,25,1
YML100W,26,0.8
YDR286C,26,0.81
YGR243W,26,0.81
YDR513W,26,0.81
YOR214C,26,0.82
YPL026C,26,0.83
YNL082W,26,0.85
YNL031C,26,0.85
YHR154W,26,0.85
YMR078C,26,0.86
YMR195W,26,0.86
YDL204W,26,0.87
YPL057C,26,0.88
YDL090C,26,0.89
YKL113C,26,0.9
YCR051W,26,0.9
YGL146C,26,0.9
YML102W,26,0.91
YLR295C,26,0.91
YOR063W,26,0.91
YJR123W,26,0.91
YDR545W,26,0.91
YHR199C-A,26,0.91
YNL272C,26,0.92
YGL208W,26,0.92
YLL066C,26,0.92
YDR202C,26,0.92
YPL234C,26,0.92
YGR012W,26,0.92
YLR410W-A,26,0.92
YMR260C,26,0.93
YHR039C-A,26,0.93
YOR192C-A,26,0.94
YDL119C,26,0.94
YBR181C,26,0.94
YGR192C,26,0.95
YLR158C,26,0.95
YNL098C,26,0.95
YNL195C,26,0.95
YBR253W,26,0.95
YNL278W,26,0.95
YDR034C-C,26,0.95
YML047C,26,0.96
Q0140,26,0.96
YEL017W,26,0.96
YNL099C,26,0.96
YOR301W,26,0.96
YPR011C,26,0.97
YBR233W-A,26,0.97
YLL057C,26,0.97
YCR075C,26,0.97
YLR137W,26,0.97
YJR019C,26,0.97
YHR214W,26,0.98
YBR268W,26,0.98
YDR404C,26,0.98
YLR073C,26,0.98
YPR138C,26,0.98
YMR262W,26,0.98
YCR038C,26,0.98
YOR327C,26,0.98
YCL039W,26,0.98
YDR086C,26,0.99
YCL005W-A,26,0.99
YPL170W,26,0.99
YDL012C,26,0.99
YLR141W,26,0.99
YJL179W,26,0.99
YAR023C,26,0.99
YIL008W,26,0.99
YCL005W,26,0.99
YDR254W,26,0.99
YOL111C,26,0.99
YMR215W,26,1
YDR207C,26,1
YKR095W-A,26,1
YML112W,26,1
YDL156W,27,0.8
YER188C-A,27,0.81
YGR230W,27,0.84
Q0060,27,0.86
YKL045W,27,0.86
YBR016W,27,0.87
YDR222W,27,0.87
YBR262C,27,0.87
YLR214W,27,0.87
YDR016C,27,0.88
YML126C,27,0.88
YNR009W,27,0.89
YLR176C,27,0.89
YMR071C,27,0.9
YBR128C,27,0.9
YFR035C,27,0.92
YKR007W,27,0.92
YIL119C,27,0.92
YOL012C,27,0.93
YDR296W,27,0.93
YML026C,27,0.93
YML050W,27,0.94
YIR009W,27,0.94
YIR016W,27,0.94
YJL078C,27,0.95
YDL136W,27,0.95
YMR292W,27,0.95
YGR122W,27,0.96
YEL076C-A,27,0.96
YKL006C-A,27,0.96
YJL118W,27,0.96
YIL113W,27,0.96
YBL030C,27,0.97
YER016W,27,0.97
YDL191W,27,0.97
YNL133C,27,0.97
YPL113C,27,0.97
YOL113W,27,0.97
YML051W,27,0.98
YOL146W,27,0.98
YNL037C,27,0.98
YLR344W,27,0.98
YBR156C,27,0.99
YOR284W,27,0.99
YNL135C,27,0.99
YML087C,27,0.99
YML058W,27,0.99
YER183C,27,0.99
YKL198C,27,0.99
YOR054C,27,0.99
YGL220W,27,1
YCL032W,27,1
YDR246W,27,1
YNL046W,27,1
YMR068W,27,1
YPR020W,28,0.83
YDR501W,28,0.83
YJL107C,28,0.85
YDR144C,28,0.86
YBR213W,28,0.86
YML063W,28,0.87
YLR467W,28,0.88
YOR383C,28,0.89
YLR462W,28,0.89
YPL065W,28,0.9
YJL100W,28,0.9
YKL085W,28,0.91
YER130C,28,0.91
YGR131W,28,0.92
YFL002W-B,28,0.92
YNL312W,28,0.93
YLR466W,28,0.93
YOL032W,28,0.93
YNL191W,28,0.93
YDR210W-A,28,0.94
YDR013W,28,0.95
YNL096C,28,0.95
YHR021C,28,0.95
YHR189W,28,0.95
YNL162W,28,0.95
YEL072W,28,0.95
YCR075W-A,28,0.96
YEL024W,28,0.96
YDR524C-B,28,0.96
YHR143W-A,28,0.96
YLR287C-A,28,0.96
YOR343W-A,28,0.97
YOR253W,28,0.97
YLR283W,28,0.97
YJL132W,28,0.97
YKL109W,28,0.98
Q0275,28,0.98
YGR224W,28,0.98
YNL309W,28,0.98
YNR056C,28,0.98
YIL045W,28,0.98
YOR247W,28,0.99
YBL086C,28,0.99
YNR032C-A,28,0.99
YLR043C,28,0.99
YLR146W-A,28,0.99
YLR102C,28,1
YBL010C,28,1
YER158C,28,1
YLR183C,29,0.8
YNL034W,29,0.81
YMR015C,29,0.81
YDR063W,29,0.81
YPL223C,29,0.84
YLR438W,29,0.85
YDL018C,29,0.85
YEL017C-A,29,0.85
YMR158C-A,29,0.86
YCR021C,29,0.87
YJL166W,29,0.87
YLR049C,29,0.87
YDL181W,29,0.88
YMR202W,29,0.88
YLR376C,29,0.88
YDR012W,29,0.89
YNL255C,29,0.89
YDR253C,29,0.9
YMR060C,29,0.9
YMR134W,29,0.9
YHR041C,29,0.9
YJL218W,29,0.9
YOR373W,29,0.9
YGL187C,29,0.91
YJR058C,29,0.91
YPL081W,29,0.91
YKL162C,29,0.91
YDL004W,29,0.91
YDL082W,29,0.91
YLR464W,29,0.91
YAL061W,29,0.92
YNL019C,29,0.92
YPL095C,29,0.93
YLL041C,29,0.94
YHR127W,29,0.94
YDR192C,29,0.94
YPL089C,29,0.95
YHR141C,29,0.95
YIL050W,29,0.95
YNL111C,29,0.96
YMR030W,29,0.96
YMR230W,29,0.97
YMR143W,29,0.97
YLR315W,29,0.97
YCR091W,29,0.98
YDR366C,29,0.98
YMR204C,29,0.98
YDL211C,29,0.99
YOR234C,29,0.99
YLR438C-A,29,0.99
YDL087C,29,1
YMR048W,30,0.8
YER178W,30,0.81
YPR035W,30,0.81
YBR068C,30,0.81
YBL027W,30,0.82
YPL153C,30,0.82
YOL110W,30,0.83
YGL051W,30,0.84
YLR303W,30,0.86
YLR048W,30,0.86
YJR022W,30,0.87
YLR227W-A,30,0.88
YKL221W,30,0.88
YLR050C,30,0.89
YLR150W,30,0.89
YOR065W,30,0.9
YJR006W,30,0.9
YBR011C,30,0.9
YFR018C,30,0.91
YPR192W,30,0.91
YFL064C,30,0.92
YPR149W,30,0.92
YJR012C,30,0.92
YLR075W,30,0.93
YDR113C,30,0.93
YPL090C,30,0.93
YNL067W,30,0.93
YJR059W,30,0.93
YDR025W,30,0.93
YBL002W,30,0.94
YOR312C,30,0.94
YBL031W,30,0.94
YLR194C,30,0.94
YDR447C,30,0.94
YER056C-A,30,0.95
YBR077C,30,0.95
YER046W,30,0.95
YDR536W,30,0.96
YOL149W,30,0.97
YDR210C-C,30,0.97
YPR157W,30,0.98
YNL263C,30,0.98
YCL021W-A,30,0.98
YJR094W-A,30,0.98
YOR293W,30,0.98
YJR047C,30,0.98
YCR102C,30,0.98
YPL257W-B,30,0.98
YNL138W-A,30,0.99
YKL096W-A,30,0.99
YMR070W,30,1
YDL216C,30,1
YKR083C,31,0.83
YHR203C,31,0.83
YJR145C,31,0.84
YIL133C,31,0.85
YEL054C,31,0.86
YPL131W,31,0.87
YML054C,31,0.88
YMR084W,31,0.88
YBL003C,31,0.9
YDL083C,31,0.92
YKL164C,31,0.92
YPL220W,31,0.92
YDR511W,31,0.92
YGR118W,31,0.93
Q0065,31,0.93
YKL107W,31,0.93
YJL190C,31,0.93
YIL132C,31,0.95
YLR099W-A,31,0.96
YPR046W,31,0.96
YCL020W,31,0.97
YPR158W-A,31,0.97
YFL017C,31,0.99
YGR179C,31,1
YIL131C,31,1
YGR152C,32,0.81
YPL271W,32,0.86
YIL018W,32,0.86
YLR212C,32,0.86
YGL135W,32,0.87
YGR214W,32,0.88
YLR414C,32,0.89
YCR101C,32,0.89
YDL010W,32,0.89
YJL108C,32,0.89
YAL003W,32,0.91
YBR161W,32,0.91
YNR001C,32,0.91
YMR144W,32,0.91
YBR010W,32,0.91
YMR199W,32,0.91
YFR034C,32,0.94
YDR073W,32,0.95
YOR382W,32,0.95
YOL026C,32,0.96
YNR072W,32,0.98
YDL186W,32,0.99
YMR102C,33,0.8
YNL310C,33,0.83
YLR348C,33,0.83
YBL072C,33,0.84
YDR454C,33,0.84
YML073C,33,0.86
YNL301C,33,0.88
YOR388C,33,0.92
YDL232W,33,0.93
YKL183W,33,0.94
YJL189W,33,0.95
YKR094C,33,0.95
YBL021C,33,0.97
YAR009C,33,0.98
YFR017C,33,0.99
YML058W-A,34,0.8
YBR031W,34,0.81
YLR103C,34,0.81
YLR448W,34,0.83
YNL077W,34,0.84
YNL178W,34,0.86
YOR273C,34,0.86
YIL069C,34,0.87
YBR048W,34,0.87
YML120C,34,0.87
YHR096C,34,0.87
YLR406C,34,0.87
YPL163C,34,0.89
YJR010W,34,0.9
YLR326W,34,0.92
YFR033C,34,0.92
YIL148W,34,0.92
YER102W,34,0.92
YDR170W-A,34,0.95
YML024W,34,0.96
YJR027W,34,0.96
YOR142W-B,34,0.97
YOL114C,34,0.98
YAL034W-A,34,0.98
YDR098C-B,34,0.99
YJL115W,35,0.83
YDR224C,35,0.83
YKL108W,35,0.88
YER018C,35,0.91
YDR225W,35,0.91
YLR029C,35,0.92
YHR010W,35,0.92
YNL052W,35,0.93
YDL197C,35,0.95
YOR167C,35,0.95
YML101C,35,0.96
YML039W,35,0.97
YGL229C,35,0.98
YLR157C-B,35,0.98
YOL103W-A,35,0.98
YGR027W-B,35,0.98
YBL005W-B,35,0.99
YER160C,35,0.99
YOL103W-B,35,0.99
YOR182C,35,0.99
YNL284C-B,35,0.99
YML040W,35,1
YML083C,36,0.8
YPR182W,36,0.83
YOR096W,36,0.86
YPL077C,36,0.87
YBL087C,36,0.88
YMR242C,36,0.88
YGR027C,36,0.89
YDR450W,36,0.91
YGR221C,36,0.92
YLR388W,36,0.95
YMR018W,36,0.95
YOL109W,36,0.96
YJR028W,36,0.97
YGR038C-B,36,0.98
YBL005W-A,36,0.98
YPR158W-B,36,0.98
YNL054W-A,36,0.99
YNL302C,37,0.82
YBR189W,37,0.84
YGR060W,37,0.85
YHL015W,37,0.87
YMR069W,37,0.87
YGL031C,37,0.88
YER074W,37,0.89
YLL064C,37,0.9
YIL011W,37,0.91
YGL258W,37,0.91
YBR070C,37,0.92
YPL111W,37,0.92
YPL079W,37,0.92
YGR034W,37,0.93
YFR032C-A,37,0.96
YLR256W-A,37,0.96
YDR261C-D,37,0.97
YPR158C-D,37,0.97
YGR027W-A,37,0.98
YMR050C,37,0.98
YFL034C-A,37,0.99
YER138C,37,0.99
YOL127W,38,0.8
YBR009C,38,0.83
YDL061C,38,0.87
YLR325C,38,0.91
YIR019C,38,0.92
YGR161C-C,38,0.95
YER159C-A,38,0.96
YNL284C-A,38,0.96
YDR316W-B,38,0.97
YLR227W-B,38,0.97
YPR137C-B,38,0.98
YOL135C,38,0.98
YML045W,38,0.99
YGR023W,38,0.99
YBL029W,39,0.81
YGL009C,39,0.82
YPR151C,39,0.83
YJL177W,39,0.84
Q0130,39,0.84
YJL133C-A,39,0.85
YGL123W,39,0.86
YOL121C,39,0.87
Q0250,39,0.87
YPR102C,39,0.89
YPL143W,39,0.92
YDR316W-A,39,0.95
YDL139C,39,0.95
YJR029W,39,0.95
YDR210C-D,39,0.96
YGR161C-D,39,0.98
YBR012W-B,39,0.98
YPR158C-C,39,0.98
YLR262C-A,39,0.99
YHR214C-B,39,0.99
YLR151C,40,0.87
YLR167W,40,0.9
YKR091W,40,0.9
YKL120W,40,0.92
YOL164W-A,40,0.93
YAR010C,40,0.96
YLR035C-A,40,0.98
YOR142W-A,40,0.99
YBR191W,41,0.81
YHL001W,41,0.82
YMR194W,41,0.89
YLR154C,41,0.89
YDR480W,41,0.94
YDR365W-B,41,0.95
YMR045C,41,0.96
YGR038C-A,41,0.97
YHL028W,42,0.81
YMR121C,42,0.82
YJL191W,42,0.82
YER117W,42,0.88
YJR026W,42,0.95
YMR051C,42,0.96
YJL213W,42,0.97
YLR162W-A,42,0.98
YGL103W,43,0.83
YLR185W,43,0.86
YLR367W,43,0.89
YHR178W,43,0.95
YGR049W,43,0.96
YML045W-A,43,0.97
YLR157C-A,43,0.99
YDR098C-A,43,0.99
YLR154W-C,43,1
YPR132W,44,0.81
YER131W,44,0.82
YBR184W,44,0.82
YOL005C,44,0.86
YGR085C,44,0.91
YER137C-A,44,0.95
YPL257W-A,44,0.98
YIL052C,45,0.82
YHL008C,45,0.86
YGL045W,45,0.99
YOR010C,46,0.83
YOR369C,46,0.83
YOR084W,46,0.85
YML027W,47,0.9
YIL029C,47,0.95
YGR148C,48,0.8
YLR157C-C,48,0.83
YKR057W,48,0.86
YBL092W,50,0.8
YHR001W-A,51,0.84
YOR072W-B,51,0.94
YDR365W-A,51,0.94
YMR046C,51,0.98
YHR021W-A,53,0.95
YDR261C-C,53,0.98
YKL037W,55,0.88
YDR119W-A,57,0.81
YHR214C-C,57,0.95
YPR137C-A,62,0.9
YJR048W,64,0.83
YLR162W,65,0.98
YMR055C,66,0.94
YLR154C-G,75,0.86
YNR034W,79,0.93
YNL042W-B,96,0.84
