Model,Comparison,Property,Run,Dupli_effect,KS stats,KS p-value
ADS,All duplicates,Divergence ratio,Bm1,1.6,-0.21481866340668296,1.7360187361722032e-13
ADS,All duplicates,Divergence ratio,Bm1,1.86,-0.21787367563162177,2.5424107263916085e-14
ADS,All duplicates,Divergence ratio,Bm1,2.0,-0.21859209453952724,3.5793590313915047e-13
ADS,All duplicates,Divergence ratio,Bm1,2.25,-0.23280358598207,3.293661639721298e-14
ADS,All duplicates,Divergence ratio,Bm3,1.6,-0.07360554197229006,0.06083825414827277
ADS,All duplicates,Divergence ratio,Bm3,1.86,-0.06398736756316213,0.12425251893868772
ADS,All duplicates,Divergence ratio,Bm3,2.0,-0.058559902200488935,0.19246968141455834
ADS,All duplicates,Divergence ratio,Bm3,2.25,-0.05720578647106756,0.24272204239666928
ADS,All duplicates,Divergence ratio,Bm4,1.6,-0.053767726161369135,0.2779444864792591
ADS,All duplicates,Divergence ratio,Bm4,1.86,-0.049067644661776634,0.3804742121581328
ADS,All duplicates,Divergence ratio,Bm4,2.0,-0.05028606356968213,0.3498213754603782
ADS,All duplicates,Divergence ratio,Bm4,2.25,-0.04635737571312137,0.4444356705391917
ADS,All duplicates,Divergence ratio,Bm8,1.6,-0.11560187449062746,0.00028644455247149136
ADS,All duplicates,Divergence ratio,Bm8,1.86,-0.1090052974735126,0.0009078382176551334
ADS,All duplicates,Divergence ratio,Bm8,2.0,-0.11515688671556636,0.00025281903033606666
ADS,All duplicates,Divergence ratio,Bm8,2.25,-0.12486185819070898,4.603419667207712e-05
ADS,All duplicates,Protein abundance,Bm1,1.6,-0.11151955990220043,0.0013469878323154282
ADS,All duplicates,Protein abundance,Bm1,1.86,-0.10318622656886713,0.0014039479058573334
ADS,All duplicates,Protein abundance,Bm1,2.0,-0.10461817440912792,0.0027097227952767727
ADS,All duplicates,Protein abundance,Bm1,2.25,-0.10825998370008146,0.0007877305122857333
ADS,All duplicates,Protein abundance,Bm3,1.6,-0.12223512632436835,0.00011768506057051443
ADS,All duplicates,Protein abundance,Bm3,1.86,-0.11401181744091275,0.0002682014126917333
ADS,All duplicates,Protein abundance,Bm3,2.0,-0.10842461287693557,0.0007411332477368
ADS,All duplicates,Protein abundance,Bm3,2.25,-0.1018113284433577,0.0024703689255016334
ADS,All duplicates,Protein abundance,Bm4,1.6,-0.11430032599836996,0.0007087828197026502
ADS,All duplicates,Protein abundance,Bm4,1.86,-0.10537163814180923,0.0015302640976665998
ADS,All duplicates,Protein abundance,Bm4,2.0,-0.10331662591687037,0.0015296634887446336
ADS,All duplicates,Protein abundance,Bm4,2.25,-0.1001295843520782,0.0020568739414219
ADS,All duplicates,Protein abundance,Bm8,1.6,-0.11313162184189074,0.0004611151003056334
ADS,All duplicates,Protein abundance,Bm8,1.86,-0.1109482477587612,0.0005701739228411001
ADS,All duplicates,Protein abundance,Bm8,2.0,-0.10715281173594127,0.0009851419212931
ADS,All duplicates,Protein abundance,Bm8,2.25,-0.10731662591687037,0.002585936125626067
ADS,All duplicates,Transcription rate,Bm1,1.6,-0.14914017929910348,7.705614223992482e-06
ADS,All duplicates,Transcription rate,Bm1,1.86,-0.1381650366748166,4.4410145210542025e-06
ADS,All duplicates,Transcription rate,Bm1,2.0,-0.141860228198859,6.203451063132211e-06
ADS,All duplicates,Transcription rate,Bm1,2.25,-0.1457485737571312,1.7447878670751038e-06
ADS,All duplicates,Transcription rate,Bm3,1.6,-0.08827098614506927,0.0111924178146931
ADS,All duplicates,Transcription rate,Bm3,1.86,-0.07775101874490627,0.03383605867089397
ADS,All duplicates,Transcription rate,Bm3,2.0,-0.07710431947840259,0.034379547515224866
ADS,All duplicates,Transcription rate,Bm3,2.25,-0.07393439282803584,0.05281903563324546
ADS,All duplicates,Transcription rate,Bm4,1.6,-0.0813443357783211,0.026731598616597865
ADS,All duplicates,Transcription rate,Bm4,1.86,-0.0733443357783211,0.05468906932281787
ADS,All duplicates,Transcription rate,Bm4,2.0,-0.06787938060309694,0.08400503001058934
ADS,All duplicates,Transcription rate,Bm4,2.25,-0.0650843520782396,0.10852346304306193
ADS,All duplicates,Transcription rate,Bm8,1.6,-0.06650774246128767,0.10588383693714787
ADS,All duplicates,Transcription rate,Bm8,1.86,-0.061167889160554136,0.15926436427787755
ADS,All duplicates,Transcription rate,Bm8,2.0,-0.059596169519152364,0.17189184463267626
ADS,All duplicates,Transcription rate,Bm8,2.25,-0.05553952730236344,0.25239814398960864
ADS,All duplicates,Translation rate,Bm1,1.6,-0.15787815810920944,1.0145571333053383e-06
ADS,All duplicates,Translation rate,Bm1,1.86,-0.16871149144254274,1.9623544308030226e-08
ADS,All duplicates,Translation rate,Bm1,2.0,-0.16554482477587606,1.7301495010742704e-07
ADS,All duplicates,Translation rate,Bm1,2.25,-0.1645448247758761,5.757617838053619e-08
ADS,All duplicates,Translation rate,Bm3,1.6,-0.05761572942135284,0.23971830565919375
ADS,All duplicates,Translation rate,Bm3,1.86,-0.07580766096169517,0.04013861939917197
ADS,All duplicates,Translation rate,Bm3,2.0,-0.0734527302363488,0.07805462156822474
ADS,All duplicates,Translation rate,Bm3,2.25,-0.06750448247758757,0.1029930976098219
ADS,All duplicates,Translation rate,Bm4,1.6,-0.08822534637326811,0.01979709345872167
ADS,All duplicates,Translation rate,Bm4,1.86,-0.0947779136104319,0.0042952583485961334
ADS,All duplicates,Translation rate,Bm4,2.0,-0.08845273023634881,0.0140065253242736
ADS,All duplicates,Translation rate,Bm4,2.25,-0.09341279543602277,0.022465815037126465
ADS,All duplicates,Translation rate,Bm8,1.6,-0.1824877750611246,2.840955618902778e-10
ADS,All duplicates,Translation rate,Bm8,1.86,-0.18443887530562345,3.4340667346792014e-10
ADS,All duplicates,Translation rate,Bm8,2.0,-0.17954604726976361,3.356544930888106e-09
ADS,All duplicates,Translation rate,Bm8,2.25,-0.18841198044009774,5.093410138101716e-10
ADS,SSD,Divergence ratio,Bm1,1.6,-0.20026829268292676,9.736758746307453e-06
ADS,SSD,Divergence ratio,Bm1,1.86,-0.19855691056910563,1.1626248925034055e-05
ADS,SSD,Divergence ratio,Bm1,2.0,-0.20076016260162596,1.3171492126984319e-05
ADS,SSD,Divergence ratio,Bm1,2.25,-0.20542682926829262,1.9518961525448002e-05
ADS,SSD,Divergence ratio,Bm3,1.6,-0.0838577235772357,0.2335941160485042
ADS,SSD,Divergence ratio,Bm3,1.86,-0.07910162601626014,0.28305633531303664
ADS,SSD,Divergence ratio,Bm3,2.0,-0.07279268292682921,0.3801675451633461
ADS,SSD,Divergence ratio,Bm3,2.25,-0.07696747967479672,0.3168228838196216
ADS,SSD,Divergence ratio,Bm4,1.6,-0.09918699186991864,0.0954713184281676
ADS,SSD,Divergence ratio,Bm4,1.86,-0.09865853658536582,0.09764860024960043
ADS,SSD,Divergence ratio,Bm4,2.0,-0.11218699186991864,0.04144121894848513
ADS,SSD,Divergence ratio,Bm4,2.25,-0.10235772357723573,0.10135977779964046
ADS,SSD,Divergence ratio,Bm8,1.6,-0.18265040650406497,8.511055316568493e-05
ADS,SSD,Divergence ratio,Bm8,1.86,-0.17552032520325198,0.000221475538582284
ADS,SSD,Divergence ratio,Bm8,2.0,-0.18155691056910564,8.377898400547977e-05
ADS,SSD,Divergence ratio,Bm8,2.25,-0.19105284552845525,2.6143110895697024e-05
ADS,SSD,Protein abundance,Bm1,1.6,-0.13771138211382114,0.008227598382376166
ADS,SSD,Protein abundance,Bm1,1.86,-0.12802845528455284,0.012665701999314632
ADS,SSD,Protein abundance,Bm1,2.0,-0.13052845528455284,0.014919838890081435
ADS,SSD,Protein abundance,Bm1,2.25,-0.13421138211382114,0.0079184609710934
ADS,SSD,Protein abundance,Bm3,1.6,-0.15036178861788616,0.0023901251762326998
ADS,SSD,Protein abundance,Bm3,1.86,-0.14230081300813005,0.003916955467615234
ADS,SSD,Protein abundance,Bm3,2.0,-0.1348617886178862,0.0082662361513227
ADS,SSD,Protein abundance,Bm3,2.25,-0.1235691056910569,0.023211308706223368
ADS,SSD,Protein abundance,Bm4,1.6,-0.14223577235772356,0.0055602600172103
ADS,SSD,Protein abundance,Bm4,1.86,-0.13441869918699187,0.009123598423688766
ADS,SSD,Protein abundance,Bm4,2.0,-0.13071138211382113,0.013053089267352568
ADS,SSD,Protein abundance,Bm4,2.25,-0.12271138211382114,0.019520470531350535
ADS,SSD,Protein abundance,Bm8,1.6,-0.14258536585365852,0.004211687702193133
ADS,SSD,Protein abundance,Bm8,1.86,-0.1365934959349593,0.008970375597406368
ADS,SSD,Protein abundance,Bm8,2.0,-0.13034552845528455,0.0121850384549533
ADS,SSD,Protein abundance,Bm8,2.25,-0.13602845528455285,0.013368842890763934
ADS,SSD,Transcription rate,Bm1,1.6,-0.18259756097560972,0.0001388916960693538
ADS,SSD,Transcription rate,Bm1,1.86,-0.17842276422764225,0.00013428690801456586
ADS,SSD,Transcription rate,Bm1,2.0,-0.17808943089430893,0.0002413177459422171
ADS,SSD,Transcription rate,Bm1,2.25,-0.18398373983739835,6.878192383921242e-05
ADS,SSD,Transcription rate,Bm3,1.6,-0.11451219512195117,0.037568688739598566
ADS,SSD,Transcription rate,Bm3,1.86,-0.10826422764227638,0.0533824068387841
ADS,SSD,Transcription rate,Bm3,2.0,-0.10113821138211376,0.08919450089116089
ADS,SSD,Transcription rate,Bm3,2.25,-0.09376422764227636,0.14504891054655017
ADS,SSD,Transcription rate,Bm4,1.6,-0.10025203252032516,0.09445033831471354
ADS,SSD,Transcription rate,Bm4,1.86,-0.08905284552845523,0.18642413034387217
ADS,SSD,Transcription rate,Bm4,2.0,-0.08675203252032516,0.1949448664528167
ADS,SSD,Transcription rate,Bm4,2.25,-0.0849715447154471,0.21225636174862803
ADS,SSD,Transcription rate,Bm8,1.6,-0.07613008130081296,0.3394282788622651
ADS,SSD,Transcription rate,Bm8,1.86,-0.0714715447154471,0.40356342381557253
ADS,SSD,Transcription rate,Bm8,2.0,-0.06725203252032518,0.4802462362304127
ADS,SSD,Transcription rate,Bm8,2.25,-0.0705853658536585,0.43256912037270584
ADS,SSD,Translation rate,Bm1,1.6,-0.12689837398373977,0.021658992280644097
ADS,SSD,Translation rate,Bm1,1.86,-0.1377317073170731,0.0068645635722699334
ADS,SSD,Translation rate,Bm1,2.0,-0.13601219512195117,0.009557356041172466
ADS,SSD,Translation rate,Bm1,2.25,-0.13356504065040642,0.0095953125186388
ADS,SSD,Translation rate,Bm3,1.6,-0.1260609756097561,0.0169421616980852
ADS,SSD,Translation rate,Bm3,1.86,-0.14406097560975606,0.003307509289558633
ADS,SSD,Translation rate,Bm3,2.0,-0.14256097560975609,0.0053804805625382
ADS,SSD,Translation rate,Bm3,2.25,-0.1370609756097561,0.006746986438274101
ADS,SSD,Translation rate,Bm4,1.6,-0.14763414634146335,0.002778656429700633
ADS,SSD,Translation rate,Bm4,1.86,-0.16122764227642275,0.0007547878523567001
ADS,SSD,Translation rate,Bm4,2.0,-0.15822764227642272,0.0012381358802802667
ADS,SSD,Translation rate,Bm4,2.25,-0.16122764227642275,0.0022216269207218334
ADS,SSD,Translation rate,Bm8,1.6,-0.237760162601626,6.750825491212235e-08
ADS,SSD,Translation rate,Bm8,1.86,-0.2455162601626016,3.3122687999783316e-08
ADS,SSD,Translation rate,Bm8,2.0,-0.23884959349593493,7.021326738539575e-08
ADS,SSD,Translation rate,Bm8,2.25,-0.24723983739837396,3.242664903257975e-08
ADS,WGD,Divergence ratio,Bm1,1.6,-0.2593401360544218,4.084510507595951e-13
ADS,WGD,Divergence ratio,Bm1,1.86,-0.26131292517006804,2.236359245936607e-13
ADS,WGD,Divergence ratio,Bm1,2.0,-0.2609795918367347,2.425652271635196e-12
ADS,WGD,Divergence ratio,Bm1,2.25,-0.27634013605442176,1.5491311936936355e-13
ADS,WGD,Divergence ratio,Bm3,1.6,-0.08463945578231287,0.0928042355892482
ADS,WGD,Divergence ratio,Bm3,1.86,-0.07956122448979583,0.14891653332263888
ADS,WGD,Divergence ratio,Bm3,2.0,-0.09492517006802716,0.04207724919892277
ADS,WGD,Divergence ratio,Bm3,2.25,-0.0878197278911564,0.06580343455643638
ADS,WGD,Divergence ratio,Bm4,1.6,-0.06290476190476187,0.34024143878903684
ADS,WGD,Divergence ratio,Bm4,1.86,-0.059054421768707434,0.4193301579325173
ADS,WGD,Divergence ratio,Bm4,2.0,-0.0561054421768707,0.4818973658866568
ADS,WGD,Divergence ratio,Bm4,2.25,-0.05713605442176867,0.4600769010801449
ADS,WGD,Divergence ratio,Bm8,1.6,-0.0903367346938775,0.05422254712433256
ADS,WGD,Divergence ratio,Bm8,1.86,-0.08715986394557819,0.07220857482800784
ADS,WGD,Divergence ratio,Bm8,2.0,-0.0876462585034013,0.06683174835157733
ADS,WGD,Divergence ratio,Bm8,2.25,-0.09400340136054415,0.04149394802303146
ADS,WGD,Protein abundance,Bm1,1.6,-0.10749319727891149,0.014391494074608734
ADS,WGD,Protein abundance,Bm1,1.86,-0.10171088435374143,0.021463021800418633
ADS,WGD,Protein abundance,Bm1,2.0,-0.10040476190476183,0.029012428043121066
ADS,WGD,Protein abundance,Bm1,2.25,-0.10278571428571424,0.021247681969009734
ADS,WGD,Protein abundance,Bm3,1.6,-0.11560204081632647,0.005910067171416866
ADS,WGD,Protein abundance,Bm3,1.86,-0.1059489795918367,0.013809316234208932
ADS,WGD,Protein abundance,Bm3,2.0,-0.1055714285714285,0.014717624965901099
ADS,WGD,Protein abundance,Bm3,2.25,-0.10361904761904756,0.019946178135158234
ADS,WGD,Protein abundance,Bm4,1.6,-0.10877210884353737,0.0128674587282576
ADS,WGD,Protein abundance,Bm4,1.86,-0.10036054421768703,0.026635334702026864
ADS,WGD,Protein abundance,Bm4,2.0,-0.0986598639455782,0.028385997042568833
ADS,WGD,Protein abundance,Bm4,2.25,-0.09937414965986391,0.02499125895489063
ADS,WGD,Protein abundance,Bm8,1.6,-0.10853741496598633,0.011410875036392902
ADS,WGD,Protein abundance,Bm8,1.86,-0.10540476190476183,0.014895970018557267
ADS,WGD,Protein abundance,Bm8,2.0,-0.10746258503401353,0.013137623373230933
ADS,WGD,Protein abundance,Bm8,2.25,-0.10061904761904757,0.02733578614052633
ADS,WGD,Transcription rate,Bm1,1.6,-0.14106122448979588,0.0008634483600263005
ADS,WGD,Transcription rate,Bm1,1.86,-0.132625850340136,0.0011028593903345666
ADS,WGD,Transcription rate,Bm1,2.0,-0.13358163265306117,0.0015402221087196667
ADS,WGD,Transcription rate,Bm1,2.25,-0.14725850340136049,0.00017820239936230023
ADS,WGD,Transcription rate,Bm3,1.6,-0.08953741496598633,0.05922834971896596
ADS,WGD,Transcription rate,Bm3,1.86,-0.08351020408163261,0.09080678718338565
ADS,WGD,Transcription rate,Bm3,2.0,-0.0821224489795918,0.09916962050571393
ADS,WGD,Transcription rate,Bm3,2.25,-0.07923129251700677,0.12258345805947202
ADS,WGD,Transcription rate,Bm4,1.6,-0.08364965986394553,0.09149880424781213
ADS,WGD,Transcription rate,Bm4,1.86,-0.07967687074829927,0.12011536084088381
ADS,WGD,Transcription rate,Bm4,2.0,-0.0771224489795918,0.14311237989559372
ADS,WGD,Transcription rate,Bm4,2.25,-0.07445578231292514,0.1690789834254034
ADS,WGD,Transcription rate,Bm8,1.6,-0.0756224489795918,0.16191172358193154
ADS,WGD,Transcription rate,Bm8,1.86,-0.0716224489795918,0.2081076029583929
ADS,WGD,Transcription rate,Bm8,2.0,-0.06928911564625846,0.23353177281058857
ADS,WGD,Transcription rate,Bm8,2.25,-0.0661224489795918,0.293842761273435
ADS,WGD,Translation rate,Bm1,1.6,-0.17981292517006797,7.625201018009638e-06
ADS,WGD,Translation rate,Bm1,1.86,-0.1894489795918367,4.814640359729338e-07
ADS,WGD,Translation rate,Bm1,2.0,-0.1864489795918367,1.985904719411143e-06
ADS,WGD,Translation rate,Bm1,2.25,-0.18528231292517003,1.0090541715153851e-06
ADS,WGD,Translation rate,Bm3,1.6,-0.053238095238095196,0.5573695268820661
ADS,WGD,Translation rate,Bm3,1.86,-0.04475850340136053,0.7493317696683887
ADS,WGD,Translation rate,Bm3,2.0,-0.04926530612244893,0.645798078986395
ADS,WGD,Translation rate,Bm3,2.25,-0.04639455782312916,0.7149399046026822
ADS,WGD,Translation rate,Bm4,1.6,-0.07069727891156456,0.23514286605859339
ADS,WGD,Translation rate,Bm4,1.86,-0.06354081632653057,0.3296420771429099
ADS,WGD,Translation rate,Bm4,2.0,-0.058329931972789066,0.44417530340628586
ADS,WGD,Translation rate,Bm4,2.25,-0.059408163265306096,0.43582117467555287
ADS,WGD,Translation rate,Bm8,1.6,-0.16142176870748293,2.478122120401031e-05
ADS,WGD,Translation rate,Bm8,1.86,-0.15636394557823122,5.382176462981683e-05
ADS,WGD,Translation rate,Bm8,2.0,-0.15811564625850336,4.5422396101243066e-05
ADS,WGD,Translation rate,Bm8,2.25,-0.15607823129251697,5.037821475695203e-05
Minimal,All duplicates,Divergence ratio,Bm1,1.6,-0.21869193154034228,5.314267544539083e-14
Minimal,All duplicates,Divergence ratio,Bm1,1.86,-0.2281670741646291,1.6653345369377348e-15
Minimal,All duplicates,Divergence ratio,Bm1,2.0,-0.22478035859820697,1.1546319456101628e-14
Minimal,All duplicates,Divergence ratio,Bm1,2.25,-0.22494702526487362,1.3859284090737372e-13
Minimal,All duplicates,Divergence ratio,Bm3,1.6,-0.06595721271393637,0.10050133127089221
Minimal,All duplicates,Divergence ratio,Bm3,1.86,-0.06695843520782391,0.10374624385710923
Minimal,All duplicates,Divergence ratio,Bm3,2.0,-0.05655908720456393,0.23362048687346837
Minimal,All duplicates,Divergence ratio,Bm3,2.25,-0.06860554197229006,0.08420652916041
Minimal,All duplicates,Divergence ratio,Bm4,1.6,-0.05400122249388747,0.2775724720006994
Minimal,All duplicates,Divergence ratio,Bm4,1.86,-0.052080684596576964,0.31859353159133114
Minimal,All duplicates,Divergence ratio,Bm4,2.0,-0.051764058679706536,0.32819472381067083
Minimal,All duplicates,Divergence ratio,Bm4,2.25,-0.0493696006519967,0.3687936830502172
Minimal,All duplicates,Divergence ratio,Bm8,1.6,-0.11194865525672366,0.0004427011874118334
Minimal,All duplicates,Divergence ratio,Bm8,1.86,-0.12013691931540336,0.00014340228355470827
Minimal,All duplicates,Divergence ratio,Bm8,2.0,-0.12450855745721269,0.0001275128006830791
Minimal,All duplicates,Divergence ratio,Bm8,2.25,-0.11888019559902196,0.00041453468384602374
Minimal,All duplicates,Protein abundance,Bm1,1.6,-0.11463365933170329,0.0003552269120638
Minimal,All duplicates,Protein abundance,Bm1,1.86,-0.1072726161369193,0.000796055723713
Minimal,All duplicates,Protein abundance,Bm1,2.0,-0.10790790546047267,0.0013592540417927984
Minimal,All duplicates,Protein abundance,Bm1,2.25,-0.10318296658516707,0.0014128251481460667
Minimal,All duplicates,Protein abundance,Bm3,1.6,-0.10903667481662589,0.0007635920306491334
Minimal,All duplicates,Protein abundance,Bm3,1.86,-0.11272656886715564,0.0006058550057529548
Minimal,All duplicates,Protein abundance,Bm3,2.0,-0.10303178484107577,0.0018009004562711001
Minimal,All duplicates,Protein abundance,Bm3,2.25,-0.1152216788916055,0.0003084861366351148
Minimal,All duplicates,Protein abundance,Bm4,1.6,-0.11878850855745719,0.00025785337302295335
Minimal,All duplicates,Protein abundance,Bm4,1.86,-0.10907986960065197,0.001044427236340818
Minimal,All duplicates,Protein abundance,Bm4,2.0,-0.1036980440097799,0.001268519702669
Minimal,All duplicates,Protein abundance,Bm4,2.25,-0.10186511817440909,0.0019270528284806333
Minimal,All duplicates,Protein abundance,Bm8,1.6,-0.12240342298288504,0.00018257107232007405
Minimal,All duplicates,Protein abundance,Bm8,1.86,-0.10927302363488178,0.0011493508820283216
Minimal,All duplicates,Protein abundance,Bm8,2.0,-0.10235452322738381,0.003080370858074367
Minimal,All duplicates,Protein abundance,Bm8,2.25,-0.09639160554197228,0.0033625822785644664
Minimal,All duplicates,Transcription rate,Bm1,1.6,-0.15402363488182558,1.4016566403096675e-06
Minimal,All duplicates,Transcription rate,Bm1,1.86,-0.14964669926650362,4.895228743103294e-07
Minimal,All duplicates,Transcription rate,Bm1,2.0,-0.14125957620211893,3.287113657823859e-06
Minimal,All duplicates,Transcription rate,Bm1,2.25,-0.13767766911165438,5.481562808477373e-06
Minimal,All duplicates,Transcription rate,Bm3,1.6,-0.08584433577832111,0.014155414175041731
Minimal,All duplicates,Transcription rate,Bm3,1.86,-0.0831609616951915,0.019416961140941567
Minimal,All duplicates,Transcription rate,Bm3,2.0,-0.07651100244498776,0.039069084204099866
Minimal,All duplicates,Transcription rate,Bm3,2.25,-0.07980766096169517,0.025718969812983532
Minimal,All duplicates,Transcription rate,Bm4,1.6,-0.07850774246128767,0.0370897590463633
Minimal,All duplicates,Transcription rate,Bm4,1.86,-0.07652974735126324,0.047488091229403895
Minimal,All duplicates,Transcription rate,Bm4,2.0,-0.06844947025264869,0.0837227188287505
Minimal,All duplicates,Transcription rate,Bm4,2.25,-0.07026772616136917,0.07112714287876536
Minimal,All duplicates,Transcription rate,Bm8,1.6,-0.07100774246128766,0.06444882214185477
Minimal,All duplicates,Transcription rate,Bm8,1.86,-0.060096169519152365,0.17451428102598565
Minimal,All duplicates,Transcription rate,Bm8,2.0,-0.0593545232273838,0.17681549755332285
Minimal,All duplicates,Transcription rate,Bm8,2.25,-0.05589690301548487,0.23106129207457723
Minimal,All duplicates,Translation rate,Bm1,1.6,-0.15704482477587609,4.3357929894553366e-07
Minimal,All duplicates,Translation rate,Bm1,1.86,-0.16587815810920947,3.135019425541211e-08
Minimal,All duplicates,Translation rate,Bm1,2.0,-0.16087815810920944,1.6243157467214311e-07
Minimal,All duplicates,Translation rate,Bm1,2.25,-0.16621149144254277,6.233766954485039e-08
Minimal,All duplicates,Translation rate,Bm3,1.6,-0.0642493887530562,0.12726191257552907
Minimal,All duplicates,Translation rate,Bm3,1.86,-0.07447595762021186,0.0584848805348464
Minimal,All duplicates,Translation rate,Bm3,2.0,-0.07249266503667477,0.08176253526820533
Minimal,All duplicates,Translation rate,Bm3,2.25,-0.06865607171964137,0.07798245126149966
Minimal,All duplicates,Translation rate,Bm4,1.6,-0.08627546862265684,0.021398630567778767
Minimal,All duplicates,Translation rate,Bm4,1.86,-0.0930138549307253,0.006789197943389367
Minimal,All duplicates,Translation rate,Bm4,2.0,-0.10192787286063563,0.0018535723651041333
Minimal,All duplicates,Translation rate,Bm4,2.25,-0.08837530562347184,0.010057550684841333
Minimal,All duplicates,Translation rate,Bm8,1.6,-0.1892624286878565,6.643707806119892e-11
Minimal,All duplicates,Translation rate,Bm8,1.86,-0.1875419722901385,6.455032804571677e-11
Minimal,All duplicates,Translation rate,Bm8,2.0,-0.1883255908720456,3.5758466558159324e-10
Minimal,All duplicates,Translation rate,Bm8,2.25,-0.1790700896495517,2.5395833214147956e-09
Minimal,SSD,Divergence ratio,Bm1,1.6,-0.20776829268292676,4.544533684406697e-06
Minimal,SSD,Divergence ratio,Bm1,1.86,-0.20392682926829264,5.409716589577229e-06
Minimal,SSD,Divergence ratio,Bm1,2.0,-0.20297967479674794,7.325947272337115e-06
Minimal,SSD,Divergence ratio,Bm1,2.25,-0.19939024390243895,2.318238797542153e-05
Minimal,SSD,Divergence ratio,Bm3,1.6,-0.07684552845528449,0.3186597088102609
Minimal,SSD,Divergence ratio,Bm3,1.86,-0.08280894308943083,0.24107275951978424
Minimal,SSD,Divergence ratio,Bm3,2.0,-0.07071544715447149,0.41728912139296787
Minimal,SSD,Divergence ratio,Bm3,2.25,-0.08229268292682923,0.24207744545556684
Minimal,SSD,Divergence ratio,Bm4,1.6,-0.09612195121951213,0.11427540140809044
Minimal,SSD,Divergence ratio,Bm4,1.86,-0.11375609756097556,0.03829898373990607
Minimal,SSD,Divergence ratio,Bm4,2.0,-0.11479674796747963,0.036202820397619066
Minimal,SSD,Divergence ratio,Bm4,2.25,-0.09776016260162597,0.11159581783580404
Minimal,SSD,Divergence ratio,Bm8,1.6,-0.17898373983739832,0.00011066166494900007
Minimal,SSD,Divergence ratio,Bm8,1.86,-0.1855934959349593,5.655813576684401e-05
Minimal,SSD,Divergence ratio,Bm8,2.0,-0.19039024390243897,4.831808222931569e-05
Minimal,SSD,Divergence ratio,Bm8,2.25,-0.1862845528455284,9.100552461959207e-05
Minimal,SSD,Protein abundance,Bm1,1.6,-0.14371138211382115,0.0040739255321947665
Minimal,SSD,Protein abundance,Bm1,1.86,-0.13592682926829266,0.0066316462831045005
Minimal,SSD,Protein abundance,Bm1,2.0,-0.13104471544715446,0.015481210666247835
Minimal,SSD,Protein abundance,Bm1,2.25,-0.12802845528455284,0.012989088983952268
Minimal,SSD,Protein abundance,Bm3,1.6,-0.13791869918699184,0.0063489806095965
Minimal,SSD,Protein abundance,Bm3,1.86,-0.14136178861788617,0.005855862757498034
Minimal,SSD,Protein abundance,Bm3,2.0,-0.13171138211382113,0.010337099812194167
Minimal,SSD,Protein abundance,Bm3,2.25,-0.14352845528455282,0.003585411677547466
Minimal,SSD,Protein abundance,Bm4,1.6,-0.1458780487804878,0.0033230345318384664
Minimal,SSD,Protein abundance,Bm4,1.86,-0.13871138211382114,0.006515740585021534
Minimal,SSD,Protein abundance,Bm4,2.0,-0.12841869918699186,0.012467135270144668
Minimal,SSD,Protein abundance,Bm4,2.25,-0.12458536585365854,0.0171571841891509
Minimal,SSD,Protein abundance,Bm8,1.6,-0.14936178861788618,0.0023542465450160665
Minimal,SSD,Protein abundance,Bm8,1.86,-0.13804471544715446,0.0076156158886689996
Minimal,SSD,Protein abundance,Bm8,2.0,-0.12774390243902436,0.015923770608494165
Minimal,SSD,Protein abundance,Bm8,2.25,-0.1236951219512195,0.017708211197172297
Minimal,SSD,Transcription rate,Bm1,1.6,-0.1900934959349593,4.490938306036799e-05
Minimal,SSD,Transcription rate,Bm1,1.86,-0.18299186991869912,6.485292164126744e-05
Minimal,SSD,Transcription rate,Bm1,2.0,-0.1805853658536585,0.00011826588381060435
Minimal,SSD,Transcription rate,Bm1,2.25,-0.17842276422764225,0.00012096589455924351
Minimal,SSD,Transcription rate,Bm3,1.6,-0.1064512195121951,0.06196311404438573
Minimal,SSD,Transcription rate,Bm3,1.86,-0.11130487804878043,0.04905038437281606
Minimal,SSD,Transcription rate,Bm3,2.0,-0.10069918699186986,0.09167407871175674
Minimal,SSD,Transcription rate,Bm3,2.25,-0.10850406504065037,0.054293566418281335
Minimal,SSD,Transcription rate,Bm4,1.6,-0.0993455284552845,0.09796497319923918
Minimal,SSD,Transcription rate,Bm4,1.86,-0.09884146341463411,0.11902885880424059
Minimal,SSD,Transcription rate,Bm4,2.0,-0.08654471544715443,0.195632898819305
Minimal,SSD,Transcription rate,Bm4,2.25,-0.08304471544715443,0.24036175124856551
Minimal,SSD,Transcription rate,Bm8,1.6,-0.08482520325203251,0.22469052033555748
Minimal,SSD,Transcription rate,Bm8,1.86,-0.07415853658536582,0.3741653643231499
Minimal,SSD,Transcription rate,Bm8,2.0,-0.06551219512195117,0.5160183842132818
Minimal,SSD,Transcription rate,Bm8,2.25,-0.06151219512195116,0.5925526484647757
Minimal,SSD,Translation rate,Bm1,1.6,-0.12606504065040644,0.018473453567228335
Minimal,SSD,Translation rate,Bm1,1.86,-0.13489837398373974,0.008158277112249
Minimal,SSD,Translation rate,Bm1,2.0,-0.12989837398373977,0.013509684478229833
Minimal,SSD,Translation rate,Bm1,2.25,-0.13664634146341456,0.008088075221226367
Minimal,SSD,Translation rate,Bm3,1.6,-0.13422764227642273,0.008480515000460433
Minimal,SSD,Translation rate,Bm3,1.86,-0.1433943089430894,0.0045249617016919
Minimal,SSD,Translation rate,Bm3,2.0,-0.13839430894308943,0.006981210496196966
Minimal,SSD,Translation rate,Bm3,2.25,-0.13772357723577236,0.005695446734139734
Minimal,SSD,Translation rate,Bm4,1.6,-0.1510609756097561,0.0022941883314055002
Minimal,SSD,Translation rate,Bm4,1.86,-0.15972764227642278,0.0009851595565043667
Minimal,SSD,Translation rate,Bm4,2.0,-0.16922764227642276,0.0003255867084923333
Minimal,SSD,Translation rate,Bm4,2.25,-0.15772764227642277,0.0009793027814252002
Minimal,SSD,Translation rate,Bm8,1.6,-0.2467926829268292,1.5536450015396497e-08
Minimal,SSD,Translation rate,Bm8,1.86,-0.2455162601626016,1.5962934825826853e-08
Minimal,SSD,Translation rate,Bm8,2.0,-0.24517886178861784,4.5669765783943696e-08
Minimal,SSD,Translation rate,Bm8,2.25,-0.2394065040650406,8.463749208894218e-08
Minimal,WGD,Divergence ratio,Bm1,1.6,-0.2627755102040816,2.274106828773862e-13
Minimal,WGD,Divergence ratio,Bm1,1.86,-0.27184013605442175,1.472895879336041e-14
Minimal,WGD,Divergence ratio,Bm1,2.0,-0.26678571428571424,6.076620688115024e-14
Minimal,WGD,Divergence ratio,Bm1,2.25,-0.26847959183673464,6.411167892868738e-13
Minimal,WGD,Divergence ratio,Bm3,1.6,-0.07751020408163257,0.15670866008440246
Minimal,WGD,Divergence ratio,Bm3,1.86,-0.09428911564625846,0.056277410447241834
Minimal,WGD,Divergence ratio,Bm3,2.0,-0.08838775510204078,0.06533052754098287
Minimal,WGD,Divergence ratio,Bm3,2.25,-0.09195578231292512,0.061254367118458025
Minimal,WGD,Divergence ratio,Bm4,1.6,-0.06382993197278906,0.3306510944614744
Minimal,WGD,Divergence ratio,Bm4,1.86,-0.0631598639455782,0.3432707835739211
Minimal,WGD,Divergence ratio,Bm4,2.0,-0.05546598639455777,0.4946375063873158
Minimal,WGD,Divergence ratio,Bm4,2.25,-0.06302380952380947,0.35337274915734795
Minimal,WGD,Divergence ratio,Bm8,1.6,-0.09030272108843533,0.055026712851801725
Minimal,WGD,Divergence ratio,Bm8,1.86,-0.09257142857142853,0.0449838354924357
Minimal,WGD,Divergence ratio,Bm8,2.0,-0.09571428571428568,0.03752753262285657
Minimal,WGD,Divergence ratio,Bm8,2.25,-0.0924081632653061,0.051863317456968795
Minimal,WGD,Protein abundance,Bm1,1.6,-0.11193537414965983,0.0084255969932188
Minimal,WGD,Protein abundance,Bm1,1.86,-0.10665646258503396,0.0132693558742589
Minimal,WGD,Protein abundance,Bm1,2.0,-0.10310544217687069,0.021346599323930265
Minimal,WGD,Protein abundance,Bm1,2.25,-0.0998231292517006,0.024197994778371965
Minimal,WGD,Protein abundance,Bm3,1.6,-0.10814965986394554,0.0117951003675595
Minimal,WGD,Protein abundance,Bm3,1.86,-0.10673809523809517,0.013685415123346032
Minimal,WGD,Protein abundance,Bm3,2.0,-0.10261904761904755,0.0197791130485597
Minimal,WGD,Protein abundance,Bm3,2.25,-0.11071768707482987,0.0095097014360505
Minimal,WGD,Protein abundance,Bm4,1.6,-0.11072448979591831,0.011228883502920133
Minimal,WGD,Protein abundance,Bm4,1.86,-0.10557482993197274,0.016665486937431865
Minimal,WGD,Protein abundance,Bm4,2.0,-0.1033741496598639,0.0181721596360503
Minimal,WGD,Protein abundance,Bm4,2.25,-0.09936394557823125,0.02672456112203447
Minimal,WGD,Protein abundance,Bm8,1.6,-0.11605442176870746,0.006741265007332633
Minimal,WGD,Protein abundance,Bm8,1.86,-0.10596258503401353,0.016252478720432634
Minimal,WGD,Protein abundance,Bm8,2.0,-0.10155782312925167,0.023736268116196068
Minimal,WGD,Protein abundance,Bm8,2.25,-0.09248299319727886,0.04464523176453167
Minimal,WGD,Transcription rate,Bm1,1.6,-0.14834013605442173,0.0002492965901538139
Minimal,WGD,Transcription rate,Bm1,1.86,-0.14146938775510196,0.0003140418426428333
Minimal,WGD,Transcription rate,Bm1,2.0,-0.14379251700680268,0.0002799160028101947
Minimal,WGD,Transcription rate,Bm1,2.25,-0.1387925170068027,0.0006517230598430046
Minimal,WGD,Transcription rate,Bm3,1.6,-0.0870646258503401,0.0693315220189065
Minimal,WGD,Transcription rate,Bm3,1.86,-0.08545238095238093,0.07874015374245165
Minimal,WGD,Transcription rate,Bm3,2.0,-0.08184353741496593,0.10264239042731103
Minimal,WGD,Transcription rate,Bm3,2.25,-0.08475850340136049,0.0818018126020111
Minimal,WGD,Transcription rate,Bm4,1.6,-0.08378911564625846,0.0898520602792296
Minimal,WGD,Transcription rate,Bm4,1.86,-0.08114965986394554,0.11165289604743579
Minimal,WGD,Transcription rate,Bm4,2.0,-0.07795578231292515,0.13548857737190043
Minimal,WGD,Transcription rate,Bm4,2.25,-0.07767687074829926,0.13806343896894716
Minimal,WGD,Transcription rate,Bm8,1.6,-0.08045578231292513,0.11589972528211216
Minimal,WGD,Transcription rate,Bm8,1.86,-0.06945578231292514,0.2374799717964143
Minimal,WGD,Transcription rate,Bm8,2.0,-0.0701224489795918,0.22346657452711205
Minimal,WGD,Transcription rate,Bm8,2.25,-0.06578911564625846,0.28946438759246335
Minimal,WGD,Translation rate,Bm1,1.6,-0.1784897959183673,3.9652856070141835e-06
Minimal,WGD,Translation rate,Bm1,1.86,-0.18772789115646252,5.98608597505527e-07
Minimal,WGD,Translation rate,Bm1,2.0,-0.18194897959183667,1.9943117256874623e-06
Minimal,WGD,Translation rate,Bm1,2.25,-0.18711564625850338,1.0289178260144045e-06
Minimal,WGD,Translation rate,Bm3,1.6,-0.0522993197278911,0.5721704316452655
Minimal,WGD,Translation rate,Bm3,1.86,-0.0481462585034013,0.6718906621757584
Minimal,WGD,Translation rate,Bm3,2.0,-0.045163265306122434,0.7424276316000574
Minimal,WGD,Translation rate,Bm3,2.25,-0.043289115646258425,0.7774423113767376
Minimal,WGD,Translation rate,Bm4,1.6,-0.06561224489795914,0.2979928654653399
Minimal,WGD,Translation rate,Bm4,1.86,-0.06500340136054417,0.30347110361598173
Minimal,WGD,Translation rate,Bm4,2.0,-0.06748299319727886,0.26084484324979
Minimal,WGD,Translation rate,Bm4,2.25,-0.0636632653061224,0.34224388069393363
Minimal,WGD,Translation rate,Bm8,1.6,-0.16050340136054417,2.333872391080405e-05
Minimal,WGD,Translation rate,Bm8,1.86,-0.1590306122448979,3.310777288604664e-05
Minimal,WGD,Translation rate,Bm8,2.0,-0.16123129251700677,2.0398052769802593e-05
Minimal,WGD,Translation rate,Bm8,2.25,-0.15286054421768702,7.666195597150346e-05
Mixed,All duplicates,Divergence ratio,Bm1,1.6,-0.20914343928280354,1.7548925275908309e-13
Mixed,All duplicates,Divergence ratio,Bm1,1.86,-0.2110468622656886,2.265225044576861e-13
Mixed,All duplicates,Divergence ratio,Bm1,2.0,-0.2067852485737571,6.824911006712379e-13
Mixed,All duplicates,Divergence ratio,Bm1,2.25,-0.2076202118989405,3.3014332008936737e-13
Mixed,All duplicates,Divergence ratio,Bm3,1.6,-0.2066585167074165,9.95129904405682e-13
Mixed,All duplicates,Divergence ratio,Bm3,1.86,-0.21343520782396083,3.389140819839061e-13
Mixed,All duplicates,Divergence ratio,Bm3,2.0,-0.21221352893235532,2.4780177909633494e-13
Mixed,All duplicates,Divergence ratio,Bm3,2.25,-0.2156185819070904,5.2698586235540766e-14
Mixed,All duplicates,Divergence ratio,Bm4,1.6,-0.21404849225753866,1.3004412361776002e-13
Mixed,All duplicates,Divergence ratio,Bm4,1.86,-0.2130468622656886,1.3008113105191418e-13
Mixed,All duplicates,Divergence ratio,Bm4,2.0,-0.2114168704156479,1.9018120411828932e-13
Mixed,All duplicates,Divergence ratio,Bm4,2.25,-0.2123251833740831,6.244264364833422e-13
Mixed,All duplicates,Divergence ratio,Bm8,1.6,-0.2125819070904645,1.6501614889345243e-13
Mixed,All duplicates,Divergence ratio,Bm8,1.86,-0.2204368378158109,1.0251059260705612e-14
Mixed,All duplicates,Divergence ratio,Bm8,2.0,-0.21417522412387932,4.9182879990894435e-14
Mixed,All duplicates,Divergence ratio,Bm8,2.25,-0.21941687041564792,3.1308289294429414e-14
Mixed,All duplicates,Protein abundance,Bm1,1.6,-0.1036295843520782,0.0015044328669836333
Mixed,All duplicates,Protein abundance,Bm1,1.86,-0.10116259168704154,0.0019322809406929666
Mixed,All duplicates,Protein abundance,Bm1,2.0,-0.11143928280358596,0.00042035952557760003
Mixed,All duplicates,Protein abundance,Bm1,2.25,-0.0979975550122249,0.0029274546515414
Mixed,All duplicates,Protein abundance,Bm3,1.6,-0.1207249388753056,0.0002538687954318694
Mixed,All duplicates,Protein abundance,Bm3,1.86,-0.11765851670741644,0.00018861664804710162
Mixed,All duplicates,Protein abundance,Bm3,2.0,-0.10602322738386304,0.0016371592461601773
Mixed,All duplicates,Protein abundance,Bm3,2.25,-0.11172819885900566,0.0008407063671038995
Mixed,All duplicates,Protein abundance,Bm4,1.6,-0.1199331703341483,0.00021874174076987746
Mixed,All duplicates,Protein abundance,Bm4,1.86,-0.10942665036674813,0.0006031632173071
Mixed,All duplicates,Protein abundance,Bm4,2.0,-0.10565647921760386,0.0016546113079145333
Mixed,All duplicates,Protein abundance,Bm4,2.25,-0.10519437652811732,0.0015660990285592668
Mixed,All duplicates,Protein abundance,Bm8,1.6,-0.12050692746536262,0.0001230933802795121
Mixed,All duplicates,Protein abundance,Bm8,1.86,-0.10945517522412386,0.0006521726918026667
Mixed,All duplicates,Protein abundance,Bm8,2.0,-0.10853789731051344,0.0007175998749901334
Mixed,All duplicates,Protein abundance,Bm8,2.25,-0.09849592502037487,0.0026760212092415
Mixed,All duplicates,Transcription rate,Bm1,1.6,-0.06728280358598203,0.0933239945656541
Mixed,All duplicates,Transcription rate,Bm1,1.86,-0.060686226568867095,0.1567517504861953
Mixed,All duplicates,Transcription rate,Bm1,2.0,-0.061446210268948594,0.15787396909607954
Mixed,All duplicates,Transcription rate,Bm1,2.25,-0.054262836185819036,0.27015324161051707
Mixed,All duplicates,Transcription rate,Bm3,1.6,-0.07167766911165444,0.0705491852795368
Mixed,All duplicates,Transcription rate,Bm3,1.86,-0.07119274653626728,0.07629861790037666
Mixed,All duplicates,Transcription rate,Bm3,2.0,-0.06143113284433573,0.17094982472452666
Mixed,All duplicates,Transcription rate,Bm3,2.25,-0.0608545232273838,0.17488202996627997
Mixed,All duplicates,Transcription rate,Bm4,1.6,-0.07067440912795432,0.06698210489066662
Mixed,All duplicates,Transcription rate,Bm4,1.86,-0.07009779951100241,0.06987334515727929
Mixed,All duplicates,Transcription rate,Bm4,2.0,-0.06617114914425423,0.101287215668019
Mixed,All duplicates,Transcription rate,Bm4,2.25,-0.06035289323553377,0.17060961591496784
Mixed,All duplicates,Transcription rate,Bm8,1.6,-0.07409779951100239,0.049041837501417294
Mixed,All duplicates,Transcription rate,Bm8,1.86,-0.06668785656071713,0.0938020980323989
Mixed,All duplicates,Transcription rate,Bm8,2.0,-0.06626446617766907,0.09827974044753279
Mixed,All duplicates,Transcription rate,Bm8,2.25,-0.062446210268948595,0.14024714594801566
Mixed,All duplicates,Translation rate,Bm1,1.6,-0.40921638141809286,9.992007221626409e-16
Mixed,All duplicates,Translation rate,Bm1,1.86,-0.41090138549307254,9.992007221626409e-16
Mixed,All duplicates,Translation rate,Bm1,2.0,-0.413179706601467,9.992007221626409e-16
Mixed,All duplicates,Translation rate,Bm1,2.25,-0.42316136919315395,9.992007221626409e-16
Mixed,All duplicates,Translation rate,Bm3,1.6,-0.4290114099429503,9.992007221626409e-16
Mixed,All duplicates,Translation rate,Bm3,1.86,-0.4319563977180114,9.992007221626409e-16
Mixed,All duplicates,Translation rate,Bm3,2.0,-0.4293264058679706,9.992007221626409e-16
Mixed,All duplicates,Translation rate,Bm3,2.25,-0.4400863895680522,9.992007221626409e-16
Mixed,All duplicates,Translation rate,Bm4,1.6,-0.423159739201304,9.992007221626409e-16
Mixed,All duplicates,Translation rate,Bm4,1.86,-0.4198398533007334,9.992007221626409e-16
Mixed,All duplicates,Translation rate,Bm4,2.0,-0.4331047269763651,9.992007221626409e-16
Mixed,All duplicates,Translation rate,Bm4,2.25,-0.43812469437652807,9.992007221626409e-16
Mixed,All duplicates,Translation rate,Bm8,1.6,-0.43360472697636515,9.992007221626409e-16
Mixed,All duplicates,Translation rate,Bm8,1.86,-0.4326430317848411,9.992007221626409e-16
Mixed,All duplicates,Translation rate,Bm8,2.0,-0.4360863895680522,9.992007221626409e-16
Mixed,All duplicates,Translation rate,Bm8,2.25,-0.4425863895680522,9.992007221626409e-16
Mixed,SSD,Divergence ratio,Bm1,1.6,-0.27838211382113826,7.278007826035567e-11
Mixed,SSD,Divergence ratio,Bm1,1.86,-0.27808536585365856,1.1026742482063885e-10
Mixed,SSD,Divergence ratio,Bm1,2.0,-0.2716585365853658,3.0132141226602016e-10
Mixed,SSD,Divergence ratio,Bm1,2.25,-0.27498373983739843,1.5332368707987596e-10
Mixed,SSD,Divergence ratio,Bm3,1.6,-0.2746504065040651,2.046635083630122e-10
Mixed,SSD,Divergence ratio,Bm3,1.86,-0.27985365853658534,1.230639294173367e-10
Mixed,SSD,Divergence ratio,Bm3,2.0,-0.2795853658536585,8.640902808091748e-11
Mixed,SSD,Divergence ratio,Bm3,2.25,-0.2816219512195122,5.5760396300286175e-11
Mixed,SSD,Divergence ratio,Bm4,1.6,-0.28248373983739833,4.9262742033799136e-11
Mixed,SSD,Divergence ratio,Bm4,1.86,-0.2807520325203252,5.6726734420919904e-11
Mixed,SSD,Divergence ratio,Bm4,2.0,-0.27815447154471545,9.900695078594406e-11
Mixed,SSD,Divergence ratio,Bm4,2.25,-0.2797520325203252,1.5186725950873856e-10
Mixed,SSD,Divergence ratio,Bm8,1.6,-0.2787886178861788,1.0851897158659085e-10
Mixed,SSD,Divergence ratio,Bm8,1.86,-0.289650406504065,1.3798110802080523e-11
Mixed,SSD,Divergence ratio,Bm8,2.0,-0.28035772357723576,5.7580458919422504e-11
Mixed,SSD,Divergence ratio,Bm8,2.25,-0.28611788617886175,3.1531740181852306e-11
Mixed,SSD,Protein abundance,Bm1,1.6,-0.12991056910569102,0.012584716720731033
Mixed,SSD,Protein abundance,Bm1,1.86,-0.12009349593495933,0.024452001734118434
Mixed,SSD,Protein abundance,Bm1,2.0,-0.12941056910569104,0.012485586112486334
Mixed,SSD,Protein abundance,Bm1,2.25,-0.11702845528455284,0.0294017755593204
Mixed,SSD,Protein abundance,Bm3,1.6,-0.1475609756097561,0.0035507671180684997
Mixed,SSD,Protein abundance,Bm3,1.86,-0.14621138211382112,0.0029857264025050334
Mixed,SSD,Protein abundance,Bm3,2.0,-0.1290121951219512,0.0197306454095728
Mixed,SSD,Protein abundance,Bm3,2.25,-0.13886178861788614,0.0068081543582362335
Mixed,SSD,Protein abundance,Bm4,1.6,-0.14656097560975606,0.0031011432403044333
Mixed,SSD,Protein abundance,Bm4,1.86,-0.13554471544715443,0.0076379397548326676
Mixed,SSD,Protein abundance,Bm4,2.0,-0.1318780487804878,0.011209391019147766
Mixed,SSD,Protein abundance,Bm4,2.25,-0.12986178861788616,0.014549613982970167
Mixed,SSD,Protein abundance,Bm8,1.6,-0.15071138211382115,0.0019533634226716334
Mixed,SSD,Protein abundance,Bm8,1.86,-0.1385447154471545,0.005805926609884567
Mixed,SSD,Protein abundance,Bm8,2.0,-0.1340691056910569,0.0077807968213028005
Mixed,SSD,Protein abundance,Bm8,2.25,-0.12421138211382114,0.0182330412040857
Mixed,SSD,Transcription rate,Bm1,1.6,-0.07736585365853656,0.3217547864274197
Mixed,SSD,Transcription rate,Bm1,1.86,-0.0620853658536585,0.579970799688649
Mixed,SSD,Transcription rate,Bm1,2.0,-0.0701991869918699,0.43216311958521053
Mixed,SSD,Transcription rate,Bm1,2.25,-0.05986585365853656,0.6258857978007787
Mixed,SSD,Transcription rate,Bm3,1.6,-0.0826991869918699,0.24821839357799655
Mixed,SSD,Transcription rate,Bm3,1.86,-0.08249186991869917,0.2557775994604065
Mixed,SSD,Transcription rate,Bm3,2.0,-0.06886585365853658,0.47834624054944636
Mixed,SSD,Transcription rate,Bm3,2.25,-0.07029674796747963,0.43736739145064885
Mixed,SSD,Transcription rate,Bm4,1.6,-0.0811991869918699,0.26477718066680606
Mixed,SSD,Transcription rate,Bm4,1.86,-0.07762601626016256,0.3137572075962524
Mixed,SSD,Transcription rate,Bm4,2.0,-0.07245934959349591,0.39826149375751085
Mixed,SSD,Transcription rate,Bm4,2.25,-0.06579674796747964,0.509671232699429
Mixed,SSD,Transcription rate,Bm8,1.6,-0.08779674796747962,0.18711704572691978
Mixed,SSD,Transcription rate,Bm8,1.86,-0.07401219512195117,0.36081072449485124
Mixed,SSD,Transcription rate,Bm8,2.0,-0.07312601626016257,0.3776553744358404
Mixed,SSD,Transcription rate,Bm8,2.25,-0.06373577235772353,0.5478600075685858
Mixed,SSD,Translation rate,Bm1,1.6,-0.4668536585365853,2.3314683517128287e-15
Mixed,SSD,Translation rate,Bm1,1.86,-0.470280487804878,2.3314683517128287e-15
Mixed,SSD,Translation rate,Bm1,2.0,-0.4726138211382114,2.3314683517128287e-15
Mixed,SSD,Translation rate,Bm1,2.25,-0.4840772357723577,2.3314683517128287e-15
Mixed,SSD,Translation rate,Bm3,1.6,-0.48689024390243896,2.3314683517128287e-15
Mixed,SSD,Translation rate,Bm3,1.86,-0.490890243902439,2.3314683517128287e-15
Mixed,SSD,Translation rate,Bm3,2.0,-0.48961382113821134,2.3314683517128287e-15
Mixed,SSD,Translation rate,Bm3,2.25,-0.49705691056910567,2.3314683517128287e-15
Mixed,SSD,Translation rate,Bm4,1.6,-0.4809552845528455,2.3314683517128287e-15
Mixed,SSD,Translation rate,Bm4,1.86,-0.47772357723577236,2.3314683517128287e-15
Mixed,SSD,Translation rate,Bm4,2.0,-0.49240243902439024,2.3314683517128287e-15
Mixed,SSD,Translation rate,Bm4,2.25,-0.49674390243902433,2.3314683517128287e-15
Mixed,SSD,Translation rate,Bm8,1.6,-0.4912235772357724,2.3314683517128287e-15
Mixed,SSD,Translation rate,Bm8,1.86,-0.4911869918699187,2.3314683517128287e-15
Mixed,SSD,Translation rate,Bm8,2.0,-0.493890243902439,2.3314683517128287e-15
Mixed,SSD,Translation rate,Bm8,2.25,-0.5004552845528455,2.3314683517128287e-15
Mixed,WGD,Divergence ratio,Bm1,1.6,-0.17657482993197274,2.482696017880315e-06
Mixed,WGD,Divergence ratio,Bm1,1.86,-0.16967346938775507,7.12209035706272e-06
Mixed,WGD,Divergence ratio,Bm1,2.0,-0.16631972789115645,1.2226883550181533e-05
Mixed,WGD,Divergence ratio,Bm1,2.25,-0.16885374149659862,7.556821783549772e-06
Mixed,WGD,Divergence ratio,Bm3,1.6,-0.17776530612244898,5.673350917242044e-06
Mixed,WGD,Divergence ratio,Bm3,1.86,-0.17316666666666666,6.158186483640193e-06
Mixed,WGD,Divergence ratio,Bm3,2.0,-0.1726938775510204,4.764394416989504e-06
Mixed,WGD,Divergence ratio,Bm3,2.25,-0.182078231292517,8.417081858169695e-07
Mixed,WGD,Divergence ratio,Bm4,1.6,-0.17687414965986392,2.0322265974481724e-06
Mixed,WGD,Divergence ratio,Bm4,1.86,-0.172578231292517,5.342454162467665e-06
Mixed,WGD,Divergence ratio,Bm4,2.0,-0.17516666666666666,3.767614834745044e-06
Mixed,WGD,Divergence ratio,Bm4,2.25,-0.1804319727891156,3.5492109097997235e-06
Mixed,WGD,Divergence ratio,Bm8,1.6,-0.17668707482993196,1.9947201332914943e-06
Mixed,WGD,Divergence ratio,Bm8,1.86,-0.18280272108843534,1.040733826340734e-06
Mixed,WGD,Divergence ratio,Bm8,2.0,-0.17672448979591834,2.234712895510249e-06
Mixed,WGD,Divergence ratio,Bm8,2.25,-0.18154761904761904,9.967768220819906e-07
Mixed,WGD,Protein abundance,Bm1,1.6,-0.09979591836734687,0.0240586945723609
Mixed,WGD,Protein abundance,Bm1,1.86,-0.10271088435374143,0.019586798546191067
Mixed,WGD,Protein abundance,Bm1,2.0,-0.11154421768707477,0.008266216175939166
Mixed,WGD,Protein abundance,Bm1,2.25,-0.09937755102040809,0.0255660177542186
Mixed,WGD,Protein abundance,Bm3,1.6,-0.11286394557823125,0.009979041233097667
Mixed,WGD,Protein abundance,Bm3,1.86,-0.11023129251700677,0.0094877983272339
Mixed,WGD,Protein abundance,Bm3,2.0,-0.10182653061224488,0.023048176679686967
Mixed,WGD,Protein abundance,Bm3,2.25,-0.1073775510204081,0.015482518650464799
Mixed,WGD,Protein abundance,Bm4,1.6,-0.11403401360544212,0.007026653121927101
Mixed,WGD,Protein abundance,Bm4,1.86,-0.10398639455782306,0.016637555684848933
Mixed,WGD,Protein abundance,Bm4,2.0,-0.10131292517006796,0.022056597020465432
Mixed,WGD,Protein abundance,Bm4,2.25,-0.1017959183673469,0.022267027440997733
Mixed,WGD,Protein abundance,Bm8,1.6,-0.11450680272108842,0.007636837565261667
Mixed,WGD,Protein abundance,Bm8,1.86,-0.10306462585034006,0.018192913791894666
Mixed,WGD,Protein abundance,Bm8,2.0,-0.10803741496598636,0.0119888422715395
Mixed,WGD,Protein abundance,Bm8,2.25,-0.09929591836734686,0.025231199737687
Mixed,WGD,Transcription rate,Bm1,1.6,-0.07695578231292513,0.14498793318774253
Mixed,WGD,Transcription rate,Bm1,1.86,-0.07009523809523806,0.22291098951112376
Mixed,WGD,Transcription rate,Bm1,2.0,-0.0721224489795918,0.2041237819305053
Mixed,WGD,Transcription rate,Bm1,2.25,-0.06295578231292513,0.3396641264449068
Mixed,WGD,Transcription rate,Bm3,1.6,-0.0800102040816326,0.1229533665148589
Mixed,WGD,Transcription rate,Bm3,1.86,-0.07820408163265304,0.1399904668051817
Mixed,WGD,Transcription rate,Bm3,2.0,-0.07048299319727887,0.22595367942857333
Mixed,WGD,Transcription rate,Bm3,2.25,-0.0716224489795918,0.21726233671142195
Mixed,WGD,Transcription rate,Bm4,1.6,-0.08062244897959181,0.11520024055490846
Mixed,WGD,Transcription rate,Bm4,1.86,-0.07984353741496593,0.11733739714587199
Mixed,WGD,Transcription rate,Bm4,2.0,-0.07664965986394554,0.14810097561507732
Mixed,WGD,Transcription rate,Bm4,2.25,-0.06964965986394554,0.24200667726346015
Mixed,WGD,Transcription rate,Bm8,1.6,-0.0838163265306122,0.09318420963314371
Mixed,WGD,Transcription rate,Bm8,1.86,-0.07745578231292514,0.13858349901066105
Mixed,WGD,Transcription rate,Bm8,2.0,-0.0766224489795918,0.14704851083000633
Mixed,WGD,Transcription rate,Bm8,2.25,-0.07178911564625846,0.20500118817225563
Mixed,WGD,Translation rate,Bm1,1.6,-0.37307482993197283,2.220446049250313e-16
Mixed,WGD,Translation rate,Bm1,1.86,-0.3743809523809523,2.220446049250313e-16
Mixed,WGD,Translation rate,Bm1,2.0,-0.3773809523809524,2.220446049250313e-16
Mixed,WGD,Translation rate,Bm1,2.25,-0.38657142857142857,2.220446049250313e-16
Mixed,WGD,Translation rate,Bm3,1.6,-0.3933809523809524,2.220446049250313e-16
Mixed,WGD,Translation rate,Bm3,1.86,-0.39588095238095233,2.220446049250313e-16
Mixed,WGD,Translation rate,Bm3,2.0,-0.39263265306122447,2.220446049250313e-16
Mixed,WGD,Translation rate,Bm3,2.25,-0.40374149659863945,2.220446049250313e-16
Mixed,WGD,Translation rate,Bm4,1.6,-0.38732653061224487,2.220446049250313e-16
Mixed,WGD,Translation rate,Bm4,1.86,-0.3845850340136054,2.220446049250313e-16
Mixed,WGD,Translation rate,Bm4,2.0,-0.39754761904761904,2.220446049250313e-16
Mixed,WGD,Translation rate,Bm4,2.25,-0.40148979591836736,2.220446049250313e-16
Mixed,WGD,Translation rate,Bm8,1.6,-0.398047619047619,2.220446049250313e-16
Mixed,WGD,Translation rate,Bm8,1.86,-0.39638095238095233,2.220446049250313e-16
Mixed,WGD,Translation rate,Bm8,2.0,-0.4002414965986394,2.220446049250313e-16
Mixed,WGD,Translation rate,Bm8,2.25,-0.4064081632653061,2.220446049250313e-16
No Cost,All duplicates,Divergence ratio,Bm1,1.6,-0.11386389568052158,0.0002962396563875333
No Cost,All duplicates,Divergence ratio,Bm1,1.86,-0.11688223308883454,0.00026610160924132187
No Cost,All duplicates,Divergence ratio,Bm1,2.0,-0.114220456397718,0.00028893285720223334
No Cost,All duplicates,Divergence ratio,Bm1,2.25,-0.11788223308883454,0.00019459231884955152
No Cost,All duplicates,Divergence ratio,Bm3,1.6,-0.16674531377343113,2.205101327460805e-08
No Cost,All duplicates,Divergence ratio,Bm3,1.86,-0.16554360228198858,1.6713874210575835e-08
No Cost,All duplicates,Divergence ratio,Bm3,2.0,-0.16225876120619395,8.495285808152175e-08
No Cost,All duplicates,Divergence ratio,Bm3,2.25,-0.16250855745721268,4.344712267734252e-08
No Cost,All duplicates,Divergence ratio,Bm4,1.6,-0.17724694376528113,2.5534639217876056e-09
No Cost,All duplicates,Divergence ratio,Bm4,1.86,-0.17413854930725345,2.4686113153649103e-09
No Cost,All duplicates,Divergence ratio,Bm4,2.0,-0.16857864710676443,1.1520844167556277e-08
No Cost,All duplicates,Divergence ratio,Bm4,2.25,-0.17309209453952726,4.0683564295207475e-09
No Cost,All duplicates,Divergence ratio,Bm8,1.6,-0.19932355338223307,4.647023506739363e-12
No Cost,All duplicates,Divergence ratio,Bm8,1.86,-0.2022502037489812,3.0475622025960547e-12
No Cost,All duplicates,Divergence ratio,Bm8,2.0,-0.20452852485737572,1.9666120583868483e-12
No Cost,All duplicates,Divergence ratio,Bm8,2.25,-0.20247351263243685,1.7629971556705943e-12
No Cost,All duplicates,Protein abundance,Bm1,1.6,-0.09807049714751424,0.004073927172338533
No Cost,All duplicates,Protein abundance,Bm1,1.86,-0.09342502037489807,0.004942319598912367
No Cost,All duplicates,Protein abundance,Bm1,2.0,-0.0957371638141809,0.004252218629569267
No Cost,All duplicates,Protein abundance,Bm1,2.25,-0.09183292583537077,0.006403432780125999
No Cost,All duplicates,Protein abundance,Bm3,1.6,-0.10663202933985327,0.0018904390868898769
No Cost,All duplicates,Protein abundance,Bm3,1.86,-0.09920293398532999,0.0028508710302402
No Cost,All duplicates,Protein abundance,Bm3,2.0,-0.09456438467807655,0.004659412363399233
No Cost,All duplicates,Protein abundance,Bm3,2.25,-0.09614425427872852,0.004375818715375667
No Cost,All duplicates,Protein abundance,Bm4,1.6,-0.1160969845150774,0.00020751242790297082
No Cost,All duplicates,Protein abundance,Bm4,1.86,-0.10100855745721267,0.0018760055144837666
No Cost,All duplicates,Protein abundance,Bm4,2.0,-0.09540994295028522,0.004417133044575633
No Cost,All duplicates,Protein abundance,Bm4,2.25,-0.09130114099429497,0.0073404551396457005
No Cost,All duplicates,Protein abundance,Bm8,1.6,-0.12464873675631616,0.00013908731367121168
No Cost,All duplicates,Protein abundance,Bm8,1.86,-0.1142453137734311,0.00031898673666742573
No Cost,All duplicates,Protein abundance,Bm8,2.0,-0.1099449877750611,0.001654509215992332
No Cost,All duplicates,Protein abundance,Bm8,2.25,-0.09227302363488181,0.006015151032293466
No Cost,All duplicates,Transcription rate,Bm1,1.6,-0.06151059494702523,0.1575461493226087
No Cost,All duplicates,Transcription rate,Bm1,1.86,-0.06432396088019557,0.11750400325318096
No Cost,All duplicates,Transcription rate,Bm1,2.0,-0.06884433577832107,0.09486748627486218
No Cost,All duplicates,Transcription rate,Bm1,2.25,-0.0750574572127139,0.05667802779873493
No Cost,All duplicates,Transcription rate,Bm3,1.6,-0.07298981255093721,0.06867940671674476
No Cost,All duplicates,Transcription rate,Bm3,1.86,-0.0780664221678891,0.03177276612160363
No Cost,All duplicates,Transcription rate,Bm3,2.0,-0.07956805215973917,0.0275268447826066
No Cost,All duplicates,Transcription rate,Bm3,2.25,-0.07385819070904641,0.0508067650219036
No Cost,All duplicates,Transcription rate,Bm4,1.6,-0.0756483292583537,0.0420579786949031
No Cost,All duplicates,Transcription rate,Bm4,1.86,-0.07506805215973916,0.045697438643312195
No Cost,All duplicates,Transcription rate,Bm4,2.0,-0.07548818255908717,0.03964003620475733
No Cost,All duplicates,Transcription rate,Bm4,2.25,-0.08096780766096164,0.023802563501681567
No Cost,All duplicates,Transcription rate,Bm8,1.6,-0.06834841075794619,0.0948322828092331
No Cost,All duplicates,Transcription rate,Bm8,1.86,-0.0756251018744906,0.048660723922232633
No Cost,All duplicates,Transcription rate,Bm8,2.0,-0.0709066829665851,0.06469646438211346
No Cost,All duplicates,Transcription rate,Bm8,2.25,-0.0844229828850855,0.019335251294501567
No Cost,All duplicates,Translation rate,Bm1,1.6,-0.17200651996740013,1.1386058577459815e-08
No Cost,All duplicates,Translation rate,Bm1,1.86,-0.16723512632436832,4.889505067495748e-08
No Cost,All duplicates,Translation rate,Bm1,2.0,-0.15983007334963323,7.608785016858614e-08
No Cost,All duplicates,Translation rate,Bm1,2.25,-0.16030806845965764,1.3022263189998995e-07
No Cost,All duplicates,Translation rate,Bm3,1.6,-0.2424384678076609,9.992007221626409e-16
No Cost,All duplicates,Translation rate,Bm3,1.86,-0.23695191524042378,9.992007221626409e-16
No Cost,All duplicates,Translation rate,Bm3,2.0,-0.2392852485737571,9.992007221626409e-16
No Cost,All duplicates,Translation rate,Bm3,2.25,-0.2406373268133659,9.992007221626409e-16
No Cost,All duplicates,Translation rate,Bm4,1.6,-0.2700639771801141,9.992007221626409e-16
No Cost,All duplicates,Translation rate,Bm4,1.86,-0.2667738386308068,9.992007221626409e-16
No Cost,All duplicates,Translation rate,Bm4,2.0,-0.2612868785656071,9.992007221626409e-16
No Cost,All duplicates,Translation rate,Bm4,2.25,-0.24955052974735126,9.992007221626409e-16
No Cost,All duplicates,Translation rate,Bm8,1.6,-0.32478728606356966,9.992007221626409e-16
No Cost,All duplicates,Translation rate,Bm8,1.86,-0.32032355338223306,9.992007221626409e-16
No Cost,All duplicates,Translation rate,Bm8,2.0,-0.3278667481662591,9.992007221626409e-16
No Cost,All duplicates,Translation rate,Bm8,2.25,-0.3145199674001629,9.992007221626409e-16
No Cost,SSD,Divergence ratio,Bm1,1.6,-0.17113008130081298,0.0002460452330316667
No Cost,SSD,Divergence ratio,Bm1,1.86,-0.176260162601626,0.0001493763088224853
No Cost,SSD,Divergence ratio,Bm1,2.0,-0.1758943089430894,0.00016034623909759452
No Cost,SSD,Divergence ratio,Bm1,2.25,-0.1717276422764227,0.00022725940224830004
No Cost,SSD,Divergence ratio,Bm3,1.6,-0.23425203252032514,1.3117132909486648e-07
No Cost,SSD,Divergence ratio,Bm3,1.86,-0.23082520325203246,1.5267197535825025e-07
No Cost,SSD,Divergence ratio,Bm3,2.0,-0.22505691056910562,6.091253863157083e-07
No Cost,SSD,Divergence ratio,Bm3,2.25,-0.22885772357723574,2.4653830436408935e-07
No Cost,SSD,Divergence ratio,Bm4,1.6,-0.24415040650406497,2.988025771255565e-08
No Cost,SSD,Divergence ratio,Bm4,1.86,-0.24062195121951216,3.5649555714852475e-08
No Cost,SSD,Divergence ratio,Bm4,2.0,-0.23525203252032514,9.31068230292098e-08
No Cost,SSD,Divergence ratio,Bm4,2.25,-0.23726016260162597,8.638785424045874e-08
No Cost,SSD,Divergence ratio,Bm8,1.6,-0.2658861788617886,7.364729566935088e-10
No Cost,SSD,Divergence ratio,Bm8,1.86,-0.2688211382113821,5.221738967146431e-10
No Cost,SSD,Divergence ratio,Bm8,2.0,-0.27202032520325203,3.378030447957296e-10
No Cost,SSD,Divergence ratio,Bm8,2.25,-0.2707845528455285,3.875863333983413e-10
No Cost,SSD,Protein abundance,Bm1,1.6,-0.1195691056910569,0.025511790484312635
No Cost,SSD,Protein abundance,Bm1,1.86,-0.11311788617886176,0.0380737493084681
No Cost,SSD,Protein abundance,Bm1,2.0,-0.10770731707317072,0.05844689691545727
No Cost,SSD,Protein abundance,Bm1,2.25,-0.10300813008130079,0.07522394647324424
No Cost,SSD,Protein abundance,Bm3,1.6,-0.12858536585365854,0.01873908942728113
No Cost,SSD,Protein abundance,Bm3,1.86,-0.12821138211382113,0.013437897718368166
No Cost,SSD,Protein abundance,Bm3,2.0,-0.11778455284552843,0.0296200690490388
No Cost,SSD,Protein abundance,Bm3,2.25,-0.11927642276422763,0.0269071097436179
No Cost,SSD,Protein abundance,Bm4,1.6,-0.14491869918699185,0.0031580955603104
No Cost,SSD,Protein abundance,Bm4,1.86,-0.12921138211382113,0.011580332559802864
No Cost,SSD,Protein abundance,Bm4,2.0,-0.12160162601626012,0.021694451364929934
No Cost,SSD,Protein abundance,Bm4,2.25,-0.11502845528455284,0.035933711429433364
No Cost,SSD,Protein abundance,Bm8,1.6,-0.15254471544715445,0.0022511476549653335
No Cost,SSD,Protein abundance,Bm8,1.86,-0.1427520325203252,0.0038495740740869667
No Cost,SSD,Protein abundance,Bm8,2.0,-0.13836178861788617,0.007660494216275334
No Cost,SSD,Protein abundance,Bm8,2.25,-0.12158536585365853,0.021061910670977933
No Cost,SSD,Transcription rate,Bm1,1.6,-0.06381300813008127,0.5472792718957674
No Cost,SSD,Transcription rate,Bm1,1.86,-0.06721138211382109,0.47865481614529
No Cost,SSD,Transcription rate,Bm1,2.0,-0.07131300813008126,0.416056791050268
No Cost,SSD,Transcription rate,Bm1,2.25,-0.07854471544715443,0.3148842927553058
No Cost,SSD,Transcription rate,Bm3,1.6,-0.06289430894308937,0.5670970113868328
No Cost,SSD,Transcription rate,Bm3,1.86,-0.06506097560975603,0.5221797013254379
No Cost,SSD,Transcription rate,Bm3,2.0,-0.06714227642276417,0.48254178555549615
No Cost,SSD,Transcription rate,Bm3,2.25,-0.06362195121951217,0.5522925674445944
No Cost,SSD,Transcription rate,Bm4,1.6,-0.0665284552845528,0.49150205790415286
No Cost,SSD,Transcription rate,Bm4,1.86,-0.06382520325203246,0.5489571007604311
No Cost,SSD,Transcription rate,Bm4,2.0,-0.061719512195121895,0.5876091385543591
No Cost,SSD,Transcription rate,Bm4,2.25,-0.06892682926829267,0.4505925548499372
No Cost,SSD,Transcription rate,Bm8,1.6,-0.06356097560975603,0.5547571615852235
No Cost,SSD,Transcription rate,Bm8,1.86,-0.06813008130081294,0.47751615166733297
No Cost,SSD,Transcription rate,Bm8,2.0,-0.06439430894308937,0.5369437873151407
No Cost,SSD,Transcription rate,Bm8,2.25,-0.07231707317073162,0.3901844957375369
No Cost,SSD,Translation rate,Bm1,1.6,-0.22789024390243898,3.5239422246924335e-07
No Cost,SSD,Translation rate,Bm1,1.86,-0.22823983739837392,4.931937013230581e-07
No Cost,SSD,Translation rate,Bm1,2.0,-0.22450406504065037,3.549412821805357e-07
No Cost,SSD,Translation rate,Bm1,2.25,-0.22183739837398367,1.0164817589863873e-06
No Cost,SSD,Translation rate,Bm3,1.6,-0.30029268292682926,1.9630223372738933e-12
No Cost,SSD,Translation rate,Bm3,1.86,-0.2938577235772357,6.4256377996230185e-12
No Cost,SSD,Translation rate,Bm3,2.0,-0.2958455284552845,3.2060280356442186e-12
No Cost,SSD,Translation rate,Bm3,2.25,-0.29805691056910566,2.1587176490811544e-12
No Cost,SSD,Translation rate,Bm4,1.6,-0.3271910569105691,1.1842378929335004e-14
No Cost,SSD,Translation rate,Bm4,1.86,-0.32221951219512196,4.8627768478581856e-14
No Cost,SSD,Translation rate,Bm4,2.0,-0.3170569105691057,1.8444505182439272e-13
No Cost,SSD,Translation rate,Bm4,2.25,-0.30978455284552847,9.321802589094357e-13
No Cost,SSD,Translation rate,Bm8,1.6,-0.38069105691056904,2.3314683517128287e-15
No Cost,SSD,Translation rate,Bm8,1.86,-0.3774146341463414,2.3314683517128287e-15
No Cost,SSD,Translation rate,Bm8,2.0,-0.3815569105691057,2.3314683517128287e-15
No Cost,SSD,Translation rate,Bm8,2.25,-0.37205691056910567,2.3314683517128287e-15
No Cost,WGD,Divergence ratio,Bm1,1.6,-0.10001700680272103,0.023604089826678432
No Cost,WGD,Divergence ratio,Bm1,1.86,-0.1008741496598639,0.024794399524282668
No Cost,WGD,Divergence ratio,Bm1,2.0,-0.09959183673469384,0.025671472845372134
No Cost,WGD,Divergence ratio,Bm1,2.25,-0.10261564625850338,0.018672087379088667
No Cost,WGD,Divergence ratio,Bm3,1.6,-0.15647278911564622,4.150270441420171e-05
No Cost,WGD,Divergence ratio,Bm3,1.86,-0.156156462585034,5.971541938371277e-05
No Cost,WGD,Divergence ratio,Bm3,2.0,-0.15532312925170064,5.018978906031387e-05
No Cost,WGD,Divergence ratio,Bm3,2.25,-0.1483299319727891,0.00013922594392686902
No Cost,WGD,Divergence ratio,Bm4,1.6,-0.17006802721088432,5.520832166798033e-06
No Cost,WGD,Divergence ratio,Bm4,1.86,-0.16271088435374148,1.6160212105894207e-05
No Cost,WGD,Divergence ratio,Bm4,2.0,-0.15777891156462584,3.466665127712284e-05
No Cost,WGD,Divergence ratio,Bm4,2.25,-0.15739455782312925,4.873260499680709e-05
No Cost,WGD,Divergence ratio,Bm8,1.6,-0.18095238095238095,1.913037254978415e-06
No Cost,WGD,Divergence ratio,Bm8,1.86,-0.17756802721088435,2.7725571042728583e-06
No Cost,WGD,Divergence ratio,Bm8,2.0,-0.17943197278911563,1.925710198894907e-06
No Cost,WGD,Divergence ratio,Bm8,2.25,-0.17717687074829933,2.1218095942095636e-06
No Cost,WGD,Protein abundance,Bm1,1.6,-0.09672789115646252,0.03590815239226803
No Cost,WGD,Protein abundance,Bm1,1.86,-0.0999863945578231,0.024134211831007533
No Cost,WGD,Protein abundance,Bm1,2.0,-0.0964863945578231,0.03353613396029726
No Cost,WGD,Protein abundance,Bm1,2.25,-0.09614285714285714,0.03377436161153103
No Cost,WGD,Protein abundance,Bm3,1.6,-0.107891156462585,0.0144487429603666
No Cost,WGD,Protein abundance,Bm3,1.86,-0.09697959183673464,0.03134620319735087
No Cost,WGD,Protein abundance,Bm3,2.0,-0.09553061224489794,0.03889255240199597
No Cost,WGD,Protein abundance,Bm3,2.25,-0.10018707482993193,0.024651015358209433
No Cost,WGD,Protein abundance,Bm4,1.6,-0.11360204081632651,0.007397046852992968
No Cost,WGD,Protein abundance,Bm4,1.86,-0.1026020408163265,0.019329826128791833
No Cost,WGD,Protein abundance,Bm4,2.0,-0.09688775510204077,0.03160329595285083
No Cost,WGD,Protein abundance,Bm4,2.25,-0.09149659863945576,0.05006183156964259
No Cost,WGD,Protein abundance,Bm8,1.6,-0.11827210884353738,0.0051960799447703
No Cost,WGD,Protein abundance,Bm8,1.86,-0.11043537414965983,0.010634462387359433
No Cost,WGD,Protein abundance,Bm8,2.0,-0.1091020408163265,0.013416628032244768
No Cost,WGD,Protein abundance,Bm8,2.25,-0.09601700680272107,0.03339995573463856
No Cost,WGD,Transcription rate,Bm1,1.6,-0.06442176870748297,0.3359557730399285
No Cost,WGD,Transcription rate,Bm1,1.86,-0.06584353741496596,0.2891056413692144
No Cost,WGD,Transcription rate,Bm1,2.0,-0.0756462585034013,0.16071873776574777
No Cost,WGD,Transcription rate,Bm1,2.25,-0.08182312925170067,0.1020407330133778
No Cost,WGD,Transcription rate,Bm3,1.6,-0.09008843537414961,0.06773684024711994
No Cost,WGD,Transcription rate,Bm3,1.86,-0.096204081632653,0.0347902139684019
No Cost,WGD,Transcription rate,Bm3,2.0,-0.09802721088435366,0.030465834546858
No Cost,WGD,Transcription rate,Bm3,2.25,-0.09191496598639454,0.0509846503991588
No Cost,WGD,Transcription rate,Bm4,1.6,-0.09174489795918363,0.05292171394942654
No Cost,WGD,Transcription rate,Bm4,1.86,-0.09265306122448973,0.04604854213272976
No Cost,WGD,Transcription rate,Bm4,2.0,-0.09489455782312921,0.0368199339438967
No Cost,WGD,Transcription rate,Bm4,2.25,-0.09980952380952378,0.0260063339785401
No Cost,WGD,Transcription rate,Bm8,1.6,-0.08588435374149654,0.08017323992239293
No Cost,WGD,Transcription rate,Bm8,1.86,-0.09022789115646253,0.05532277076366013
No Cost,WGD,Transcription rate,Bm8,2.0,-0.08862244897959178,0.06378494850583107
No Cost,WGD,Transcription rate,Bm8,2.25,-0.10376190476190471,0.018790955007897934
No Cost,WGD,Translation rate,Bm1,1.6,-0.13605782312925171,0.0008453228249526667
No Cost,WGD,Translation rate,Bm1,1.86,-0.1323707482993197,0.0015477865569375668
No Cost,WGD,Translation rate,Bm1,2.0,-0.12647959183673466,0.0017945429329051332
No Cost,WGD,Translation rate,Bm1,2.25,-0.12758163265306122,0.0022080780678242332
No Cost,WGD,Translation rate,Bm3,1.6,-0.2068299319727891,1.6941812841508863e-08
No Cost,WGD,Translation rate,Bm3,1.86,-0.20109183673469389,3.386632282017151e-08
No Cost,WGD,Translation rate,Bm3,2.0,-0.20367006802721085,2.2931393635812942e-08
No Cost,WGD,Translation rate,Bm3,2.25,-0.20631632653061224,1.7870326107782833e-08
No Cost,WGD,Translation rate,Bm4,1.6,-0.2353673469387755,1.4296182756131276e-10
No Cost,WGD,Translation rate,Bm4,1.86,-0.23261224489795918,1.5201824984008755e-10
No Cost,WGD,Translation rate,Bm4,2.0,-0.22747619047619047,9.328273338956212e-10
No Cost,WGD,Translation rate,Bm4,2.25,-0.2145816326530612,1.187971798710663e-08
No Cost,WGD,Translation rate,Bm8,1.6,-0.29059183673469385,2.220446049250313e-16
No Cost,WGD,Translation rate,Bm8,1.86,-0.28528231292517003,1.1472304587793285e-15
No Cost,WGD,Translation rate,Bm8,2.0,-0.2938265306122449,2.220446049250313e-16
No Cost,WGD,Translation rate,Bm8,2.25,-0.2799557823129251,2.0724163126336257e-15
